stack_bytes,mode,descriptor,su_file
4816,static,/home/home/pqc/liboqs/tests/example_kem.c:41:19:example_stack,build-c-rx-kem-s-resource-audit-v1/tests/CMakeFiles/example_kem.dir/example_kem.c.su
3680,static,/home/home/pqc/liboqs/tests/vectors_kem.c:123:20:sanityCheckPK,build-c-rx-kem-s-resource-audit-v1/tests/CMakeFiles/vectors_kem.dir/vectors_kem.c.su
3456,"dynamic,bounded",/home/home/pqc/liboqs/tests/test_sha3.c:883:5:shake_128_x4_kat_test,build-c-rx-kem-s-resource-audit-v1/tests/CMakeFiles/test_sha3.dir/test_sha3.c.su
3456,"dynamic,bounded",/home/home/pqc/liboqs/tests/test_sha3.c:1041:5:shake_256_x4_kat_test,build-c-rx-kem-s-resource-audit-v1/tests/CMakeFiles/test_sha3.dir/test_sha3.c.su
2784,static,/home/home/pqc/liboqs/src/kem/ml_kem/mlkem-native_ml-kem-768_x86_64/mlkem/src/kem.c:43:5:PQCP_MLKEM_NATIVE_MLKEM768_X86_64_check_pk,build-c-rx-kem-s-resource-audit-v1/src/kem/ml_kem/CMakeFiles/ml_kem_768_x86_64.dir/mlkem-native_ml-kem-768_x86_64/mlkem/src/kem.c.su
2784,static,/home/home/pqc/liboqs/src/kem/ml_kem/mlkem-native_ml-kem-768_ref/mlkem/src/kem.c:43:5:PQCP_MLKEM_NATIVE_MLKEM768_C_check_pk,build-c-rx-kem-s-resource-audit-v1/src/kem/ml_kem/CMakeFiles/ml_kem_768_ref.dir/mlkem-native_ml-kem-768_ref/mlkem/src/kem.c.su
2576,static,/home/home/pqc/liboqs/tests/test_sha3.c:498:5:shake_128_kat_test,build-c-rx-kem-s-resource-audit-v1/tests/CMakeFiles/test_sha3.dir/test_sha3.c.su
2448,static,/home/home/pqc/liboqs/tests/test_sha3.c:691:5:shake_256_kat_test,build-c-rx-kem-s-resource-audit-v1/tests/CMakeFiles/test_sha3.dir/test_sha3.c.su
2240,static,/home/home/pqc/liboqs/src/kem/ml_kem/mlkem-native_ml-kem-768_x86_64/mlkem/src/sampling.c:152:6:PQCP_MLKEM_NATIVE_MLKEM768_X86_64_poly_rej_uniform_x4,build-c-rx-kem-s-resource-audit-v1/src/kem/ml_kem/CMakeFiles/ml_kem_768_x86_64.dir/mlkem-native_ml-kem-768_x86_64/mlkem/src/sampling.c.su
2240,static,/home/home/pqc/liboqs/src/kem/ml_kem/mlkem-native_ml-kem-768_ref/mlkem/src/sampling.c:152:6:PQCP_MLKEM_NATIVE_MLKEM768_C_poly_rej_uniform_x4,build-c-rx-kem-s-resource-audit-v1/src/kem/ml_kem/CMakeFiles/ml_kem_768_ref.dir/mlkem-native_ml-kem-768_ref/mlkem/src/sampling.c.su
1824,static,/home/home/pqc/liboqs/tests/test_sig.c:279:5:main,build-c-rx-kem-s-resource-audit-v1/tests/CMakeFiles/test_sig.dir/test_sig.c.su
1792,static,/home/home/pqc/liboqs/src/sig/sig.c:14:21:OQS_SIG_alg_identifier,build-c-rx-kem-s-resource-audit-v1/src/CMakeFiles/oqs.dir/sig/sig.c.su
1376,static,/home/home/pqc/liboqs/src/kem/ml_kem/mlkem-native_ml-kem-768_x86_64/mlkem/src/kem.c:376:5:PQCP_MLKEM_NATIVE_MLKEM768_X86_64_dec,build-c-rx-kem-s-resource-audit-v1/src/kem/ml_kem/CMakeFiles/ml_kem_768_x86_64.dir/mlkem-native_ml-kem-768_x86_64/mlkem/src/kem.c.su
1376,static,/home/home/pqc/liboqs/src/kem/ml_kem/mlkem-native_ml-kem-768_ref/mlkem/src/kem.c:376:5:PQCP_MLKEM_NATIVE_MLKEM768_C_dec,build-c-rx-kem-s-resource-audit-v1/src/kem/ml_kem/CMakeFiles/ml_kem_768_ref.dir/mlkem-native_ml-kem-768_ref/mlkem/src/kem.c.su
1344,static,/home/home/pqc/liboqs/tests/test_hash.c:272:5:main,build-c-rx-kem-s-resource-audit-v1/tests/CMakeFiles/test_hash.dir/test_hash.c.su
1032,static,/home/home/pqc/liboqs/src/common/sha3/xkcp_low/KeccakP-1600times4/avx2/KeccakP-1600-times4-SIMD256.c:833:6:KeccakP1600times4_PermuteAll_24rounds_avx2,build-c-rx-kem-s-resource-audit-v1/src/common/sha3/xkcp_low/CMakeFiles/xkcp_low_keccakp_1600times4_avx2.dir/KeccakP-1600times4/avx2/KeccakP-1600-times4-SIMD256.c.su
1032,static,/home/home/pqc/liboqs/src/common/sha3/xkcp_low/KeccakP-1600times4/avx2/KeccakP-1600-times4-SIMD256.c:842:6:KeccakP1600times4_PermuteAll_12rounds_avx2,build-c-rx-kem-s-resource-audit-v1/src/common/sha3/xkcp_low/CMakeFiles/xkcp_low_keccakp_1600times4_avx2.dir/KeccakP-1600times4/avx2/KeccakP-1600-times4-SIMD256.c.su
1032,static,/home/home/pqc/liboqs/src/common/sha3/xkcp_low/KeccakP-1600times4/avx2/KeccakP-1600-times4-SIMD256.c:851:6:KeccakP1600times4_PermuteAll_6rounds_avx2,build-c-rx-kem-s-resource-audit-v1/src/common/sha3/xkcp_low/CMakeFiles/xkcp_low_keccakp_1600times4_avx2.dir/KeccakP-1600times4/avx2/KeccakP-1600-times4-SIMD256.c.su
1032,static,/home/home/pqc/liboqs/src/common/sha3/xkcp_low/KeccakP-1600times4/avx2/KeccakP-1600-times4-SIMD256.c:860:6:KeccakP1600times4_PermuteAll_4rounds_avx2,build-c-rx-kem-s-resource-audit-v1/src/common/sha3/xkcp_low/CMakeFiles/xkcp_low_keccakp_1600times4_avx2.dir/KeccakP-1600times4/avx2/KeccakP-1600-times4-SIMD256.c.su
960,"dynamic,bounded",/home/home/pqc/liboqs/src/kem/ml_kem/mlkem-native_ml-kem-768_x86_64/mlkem/src/poly_k.c:331:6:PQCP_MLKEM_NATIVE_MLKEM768_X86_64_poly_getnoise_eta1_4x,build-c-rx-kem-s-resource-audit-v1/src/kem/ml_kem/CMakeFiles/ml_kem_768_x86_64.dir/mlkem-native_ml-kem-768_x86_64/mlkem/src/poly_k.c.su
960,"dynamic,bounded",/home/home/pqc/liboqs/src/kem/ml_kem/mlkem-native_ml-kem-768_ref/mlkem/src/poly_k.c:331:6:PQCP_MLKEM_NATIVE_MLKEM768_C_poly_getnoise_eta1_4x,build-c-rx-kem-s-resource-audit-v1/src/kem/ml_kem/CMakeFiles/ml_kem_768_ref.dir/mlkem-native_ml-kem-768_ref/mlkem/src/poly_k.c.su
944,static,/home/home/pqc/liboqs/tests/test_sha3.c:341:5:sha3_512_kat_test,build-c-rx-kem-s-resource-audit-v1/tests/CMakeFiles/test_sha3.dir/test_sha3.c.su
928,static,/home/home/pqc/liboqs/src/common/sha3/xkcp_low/KeccakP-1600times4/avx2/KeccakP-1600-times4-SIMD256.c:869:8:KeccakF1600times4_FastLoop_Absorb_avx2,build-c-rx-kem-s-resource-audit-v1/src/common/sha3/xkcp_low/CMakeFiles/xkcp_low_keccakp_1600times4_avx2.dir/KeccakP-1600times4/avx2/KeccakP-1600-times4-SIMD256.c.su
928,static,/home/home/pqc/liboqs/src/common/sha3/xkcp_low/KeccakP-1600times4/avx2/KeccakP-1600-times4-SIMD256.c:926:8:KeccakP1600times4_12rounds_FastLoop_Absorb_avx2,build-c-rx-kem-s-resource-audit-v1/src/common/sha3/xkcp_low/CMakeFiles/xkcp_low_keccakp_1600times4_avx2.dir/KeccakP-1600times4/avx2/KeccakP-1600-times4-SIMD256.c.su
864,static,/home/home/pqc/liboqs/tests/test_sha3.c:200:5:sha3_384_kat_test,build-c-rx-kem-s-resource-audit-v1/tests/CMakeFiles/test_sha3.dir/test_sha3.c.su
784,static,/home/home/pqc/liboqs/tests/test_sha3.c:79:5:sha3_256_kat_test,build-c-rx-kem-s-resource-audit-v1/tests/CMakeFiles/test_sha3.dir/test_sha3.c.su
640,"dynamic,bounded",/home/home/pqc/liboqs/tests/test_sig.c:24:19:sig_test_correctness,build-c-rx-kem-s-resource-audit-v1/tests/CMakeFiles/test_sig.dir/test_sig.c.su
608,static,/home/home/pqc/liboqs/src/kem/ml_kem/mlkem-native_ml-kem-768_x86_64/mlkem/src/sampling.c:216:6:PQCP_MLKEM_NATIVE_MLKEM768_X86_64_poly_rej_uniform,build-c-rx-kem-s-resource-audit-v1/src/kem/ml_kem/CMakeFiles/ml_kem_768_x86_64.dir/mlkem-native_ml-kem-768_x86_64/mlkem/src/sampling.c.su
608,static,/home/home/pqc/liboqs/src/kem/ml_kem/mlkem-native_ml-kem-768_ref/mlkem/src/sampling.c:216:6:PQCP_MLKEM_NATIVE_MLKEM768_C_poly_rej_uniform,build-c-rx-kem-s-resource-audit-v1/src/kem/ml_kem/CMakeFiles/ml_kem_768_ref.dir/mlkem-native_ml-kem-768_ref/mlkem/src/sampling.c.su
592,static,/home/home/pqc/liboqs/src/sig_stfl/sig_stfl.c:23:21:OQS_SIG_STFL_alg_identifier,build-c-rx-kem-s-resource-audit-v1/src/CMakeFiles/oqs.dir/sig_stfl/sig_stfl.c.su
480,"dynamic,bounded",/home/home/pqc/liboqs/tests/test_aes.c:151:5:main,build-c-rx-kem-s-resource-audit-v1/tests/CMakeFiles/test_aes.dir/test_aes.c.su
464,static,/home/home/pqc/liboqs/tests/test_sha3.c:1221:5:main,build-c-rx-kem-s-resource-audit-v1/tests/CMakeFiles/test_sha3.dir/test_sha3.c.su
416,static,/home/home/pqc/liboqs/src/common/aes/aes_c.c:374:13:br_aes_ct64_keysched,build-c-rx-kem-s-resource-audit-v1/src/common/CMakeFiles/common.dir/aes/aes_c.c.su
416,static,/home/home/pqc/liboqs/src/common/aes/aes_c.c:374:13:br_aes_ct64_keysched,build-c-rx-kem-s-resource-audit-v1/src/common/CMakeFiles/internal.dir/aes/aes_c.c.su
400,"dynamic,bounded",/home/home/pqc/liboqs/tests/speed_sig_stfl.c:51:19:sig_speed_wrapper,build-c-rx-kem-s-resource-audit-v1/tests/CMakeFiles/speed_sig_stfl.dir/speed_sig_stfl.c.su
384,static,/home/home/pqc/liboqs/tests/speed_common.c:163:19:speed_sha3,build-c-rx-kem-s-resource-audit-v1/tests/CMakeFiles/speed_common.dir/speed_common.c.su
352,static,/home/home/pqc/liboqs/src/kem/kem.c:14:21:OQS_KEM_alg_identifier,build-c-rx-kem-s-resource-audit-v1/src/CMakeFiles/oqs.dir/kem/kem.c.su
352,static,/home/home/pqc/liboqs/src/kem/ml_kem/mlkem-native_ml-kem-768_x86_64/mlkem/src/indcpa.c:245:6:PQCP_MLKEM_NATIVE_MLKEM768_X86_64_gen_matrix,build-c-rx-kem-s-resource-audit-v1/src/kem/ml_kem/CMakeFiles/ml_kem_768_x86_64.dir/mlkem-native_ml-kem-768_x86_64/mlkem/src/indcpa.c.su
352,static,/home/home/pqc/liboqs/tests/speed_common.c:58:19:speed_aes256,build-c-rx-kem-s-resource-audit-v1/tests/CMakeFiles/speed_common.dir/speed_common.c.su
352,"dynamic,bounded",/home/home/pqc/liboqs/tests/test_sig_stfl.c:1087:7:test_correctness_wrapper,build-c-rx-kem-s-resource-audit-v1/tests/CMakeFiles/test_sig_stfl.dir/test_sig_stfl.c.su
336,static,/home/home/pqc/liboqs/src/common/sha2/sha2_c.c:760:6:oqs_sha2_sha512_inc_finalize_c,build-c-rx-kem-s-resource-audit-v1/src/common/CMakeFiles/common.dir/sha2/sha2_c.c.su
336,static,/home/home/pqc/liboqs/src/common/sha2/sha2_c.c:760:6:oqs_sha2_sha512_inc_finalize_c,build-c-rx-kem-s-resource-audit-v1/src/common/CMakeFiles/internal.dir/sha2/sha2_c.c.su
336,static,/home/home/pqc/liboqs/tests/test_sig_stfl.c:1133:5:main,build-c-rx-kem-s-resource-audit-v1/tests/CMakeFiles/test_sig_stfl.dir/test_sig_stfl.c.su
336,"dynamic,bounded",/home/home/pqc/liboqs/tests/speed_sig.c:35:19:sig_speed_wrapper,build-c-rx-kem-s-resource-audit-v1/tests/CMakeFiles/speed_sig.dir/speed_sig.c.su
320,static,/home/home/pqc/liboqs/src/common/aes/aes_c.c:516:13:aes_ecb4x,build-c-rx-kem-s-resource-audit-v1/src/common/CMakeFiles/common.dir/aes/aes_c.c.su
320,static,/home/home/pqc/liboqs/src/common/aes/aes_c.c:516:13:aes_ecb4x,build-c-rx-kem-s-resource-audit-v1/src/common/CMakeFiles/internal.dir/aes/aes_c.c.su
320,static,/home/home/pqc/liboqs/src/kem/ml_kem/mlkem-native_ml-kem-768_ref/mlkem/src/indcpa.c:245:6:PQCP_MLKEM_NATIVE_MLKEM768_C_gen_matrix,build-c-rx-kem-s-resource-audit-v1/src/kem/ml_kem/CMakeFiles/ml_kem_768_ref.dir/mlkem-native_ml-kem-768_ref/mlkem/src/indcpa.c.su
320,"dynamic,bounded",/home/home/pqc/liboqs/tests/speed_kem.c:36:19:kem_speed_wrapper,build-c-rx-kem-s-resource-audit-v1/tests/CMakeFiles/speed_kem.dir/speed_kem.c.su
304,static,/home/home/pqc/liboqs/src/common/aes/aes_c.c:687:6:oqs_aes256_load_schedule_c,build-c-rx-kem-s-resource-audit-v1/src/common/CMakeFiles/common.dir/aes/aes_c.c.su
304,static,/home/home/pqc/liboqs/src/common/aes/aes_c.c:687:6:oqs_aes256_load_schedule_c,build-c-rx-kem-s-resource-audit-v1/src/common/CMakeFiles/internal.dir/aes/aes_c.c.su
304,static,/home/home/pqc/liboqs/tests/test_kem.c:113:19:kem_test_correctness,build-c-rx-kem-s-resource-audit-v1/tests/CMakeFiles/test_kem.dir/test_kem.c.su
304,"dynamic,bounded",/home/home/pqc/liboqs/tests/kat_sig.c:711:12:sig_kat,build-c-rx-kem-s-resource-audit-v1/tests/CMakeFiles/kat_sig.dir/kat_sig.c.su
272,static,/home/home/pqc/liboqs/src/common/sha2/sha2_c.c:296:15:crypto_hashblocks_sha512_c.isra,build-c-rx-kem-s-resource-audit-v1/src/common/CMakeFiles/common.dir/sha2/sha2_c.c.su
272,static,/home/home/pqc/liboqs/src/common/sha2/sha2_c.c:833:6:oqs_sha2_sha384_c,build-c-rx-kem-s-resource-audit-v1/src/common/CMakeFiles/common.dir/sha2/sha2_c.c.su
272,static,/home/home/pqc/liboqs/src/common/aes/aes_c.c:643:13:aes_ctr,build-c-rx-kem-s-resource-audit-v1/src/common/CMakeFiles/common.dir/aes/aes_c.c.su
272,static,/home/home/pqc/liboqs/src/common/aes/aes_c.c:798:6:oqs_aes128_ctr_enc_sch_upd_blks_c,build-c-rx-kem-s-resource-audit-v1/src/common/CMakeFiles/common.dir/aes/aes_c.c.su
272,static,/home/home/pqc/liboqs/src/common/aes/aes_c.c:814:6:oqs_aes256_ctr_enc_sch_upd_blks_c,build-c-rx-kem-s-resource-audit-v1/src/common/CMakeFiles/common.dir/aes/aes_c.c.su
272,static,/home/home/pqc/liboqs/src/common/sha2/sha2_c.c:296:15:crypto_hashblocks_sha512_c.isra,build-c-rx-kem-s-resource-audit-v1/src/common/CMakeFiles/internal.dir/sha2/sha2_c.c.su
272,static,/home/home/pqc/liboqs/src/common/aes/aes_c.c:643:13:aes_ctr,build-c-rx-kem-s-resource-audit-v1/src/common/CMakeFiles/internal.dir/aes/aes_c.c.su
272,static,/home/home/pqc/liboqs/src/common/aes/aes_c.c:798:6:oqs_aes128_ctr_enc_sch_upd_blks_c,build-c-rx-kem-s-resource-audit-v1/src/common/CMakeFiles/internal.dir/aes/aes_c.c.su
272,static,/home/home/pqc/liboqs/src/common/aes/aes_c.c:814:6:oqs_aes256_ctr_enc_sch_upd_blks_c,build-c-rx-kem-s-resource-audit-v1/src/common/CMakeFiles/internal.dir/aes/aes_c.c.su
256,static,/home/home/pqc/liboqs/tests/speed_common.c:26:19:speed_aes128,build-c-rx-kem-s-resource-audit-v1/tests/CMakeFiles/speed_common.dir/speed_common.c.su
256,static,/home/home/pqc/liboqs/tests/speed_common.c:143:19:speed_sha512,build-c-rx-kem-s-resource-audit-v1/tests/CMakeFiles/speed_common.dir/speed_common.c.su
240,static,/home/home/pqc/liboqs/src/common/sha2/sha2_c.c:819:6:oqs_sha2_sha224_c,build-c-rx-kem-s-resource-audit-v1/src/common/CMakeFiles/common.dir/sha2/sha2_c.c.su
240,static,/home/home/pqc/liboqs/src/common/aes/aes_c.c:558:13:aes_ecb,build-c-rx-kem-s-resource-audit-v1/src/common/CMakeFiles/common.dir/aes/aes_c.c.su
240,static,/home/home/pqc/liboqs/src/common/aes/aes_c.c:678:6:oqs_aes128_load_schedule_c,build-c-rx-kem-s-resource-audit-v1/src/common/CMakeFiles/common.dir/aes/aes_c.c.su
240,static,/home/home/pqc/liboqs/src/common/aes/aes_c.c:558:13:aes_ecb,build-c-rx-kem-s-resource-audit-v1/src/common/CMakeFiles/internal.dir/aes/aes_c.c.su
240,static,/home/home/pqc/liboqs/src/common/aes/aes_c.c:678:6:oqs_aes128_load_schedule_c,build-c-rx-kem-s-resource-audit-v1/src/common/CMakeFiles/internal.dir/aes/aes_c.c.su
240,static,/home/home/pqc/liboqs/tests/speed_common.c:123:19:speed_sha384,build-c-rx-kem-s-resource-audit-v1/tests/CMakeFiles/speed_common.dir/speed_common.c.su
240,static,/home/home/pqc/liboqs/tests/kat_kem.c:139:5:main,build-c-rx-kem-s-resource-audit-v1/tests/CMakeFiles/kat_kem.dir/kat_kem.c.su
224,static,/home/home/pqc/liboqs/src/common/sha2/sha2_c.c:683:6:oqs_sha2_sha256_inc_finalize_c,build-c-rx-kem-s-resource-audit-v1/src/common/CMakeFiles/common.dir/sha2/sha2_c.c.su
224,static,/home/home/pqc/liboqs/src/common/sha2/sha2_c.c:683:6:oqs_sha2_sha256_inc_finalize_c,build-c-rx-kem-s-resource-audit-v1/src/common/CMakeFiles/internal.dir/sha2/sha2_c.c.su
224,static,/home/home/pqc/liboqs/src/kem/ml_kem/mlkem-native_ml-kem-768_x86_64/mlkem/src/kem.c:290:5:PQCP_MLKEM_NATIVE_MLKEM768_X86_64_enc_derand,build-c-rx-kem-s-resource-audit-v1/src/kem/ml_kem/CMakeFiles/ml_kem_768_x86_64.dir/mlkem-native_ml-kem-768_x86_64/mlkem/src/kem.c.su
224,static,/home/home/pqc/liboqs/src/kem/ml_kem/mlkem-native_ml-kem-768_ref/mlkem/src/kem.c:290:5:PQCP_MLKEM_NATIVE_MLKEM768_C_enc_derand,build-c-rx-kem-s-resource-audit-v1/src/kem/ml_kem/CMakeFiles/ml_kem_768_ref.dir/mlkem-native_ml-kem-768_ref/mlkem/src/kem.c.su
224,static,/home/home/pqc/liboqs/tests/test_kem.c:388:5:main,build-c-rx-kem-s-resource-audit-v1/tests/CMakeFiles/test_kem.dir/test_kem.c.su
224,"dynamic,bounded",/home/home/pqc/liboqs/tests/test_helpers.c:172:12:test_sig_bitflip,build-c-rx-kem-s-resource-audit-v1/tests/CMakeFiles/test_kem.dir/test_helpers.c.su
224,static,/home/home/pqc/liboqs/tests/speed_common.c:103:19:speed_sha256,build-c-rx-kem-s-resource-audit-v1/tests/CMakeFiles/speed_common.dir/speed_common.c.su
224,"dynamic,bounded",/home/home/pqc/liboqs/tests/test_helpers.c:172:12:test_sig_bitflip,build-c-rx-kem-s-resource-audit-v1/tests/CMakeFiles/test_kem_mem.dir/test_helpers.c.su
224,static,/home/home/pqc/liboqs/tests/tmp_store.c:57:19:oqs_fload,build-c-rx-kem-s-resource-audit-v1/tests/CMakeFiles/test_kem_mem.dir/test_kem_mem.c.su
224,static,/home/home/pqc/liboqs/tests/tmp_store.c:57:19:oqs_fload,build-c-rx-kem-s-resource-audit-v1/tests/CMakeFiles/test_sig_stfl.dir/test_sig_stfl.c.su
224,"dynamic,bounded",/home/home/pqc/liboqs/tests/test_helpers.c:172:12:test_sig_bitflip,build-c-rx-kem-s-resource-audit-v1/tests/CMakeFiles/test_sig_stfl.dir/test_helpers.c.su
224,"dynamic,bounded",/home/home/pqc/liboqs/tests/test_helpers.c:172:12:test_sig_bitflip,build-c-rx-kem-s-resource-audit-v1/tests/CMakeFiles/test_sig.dir/test_helpers.c.su
224,"dynamic,bounded",/home/home/pqc/liboqs/tests/test_helpers.c:172:12:test_sig_bitflip,build-c-rx-kem-s-resource-audit-v1/tests/CMakeFiles/kat_kem.dir/test_helpers.c.su
224,"dynamic,bounded",/home/home/pqc/liboqs/tests/test_helpers.c:172:12:test_sig_bitflip,build-c-rx-kem-s-resource-audit-v1/tests/CMakeFiles/kat_sig.dir/test_helpers.c.su
224,static,/home/home/pqc/liboqs/tests/tmp_store.c:57:19:oqs_fload,build-c-rx-kem-s-resource-audit-v1/tests/CMakeFiles/test_sig_mem.dir/test_sig_mem.c.su
224,"dynamic,bounded",/home/home/pqc/liboqs/tests/test_helpers.c:172:12:test_sig_bitflip,build-c-rx-kem-s-resource-audit-v1/tests/CMakeFiles/kat_sig_stfl.dir/test_helpers.c.su
216,static,/home/home/pqc/liboqs/src/common/sha3/xkcp_low/KeccakP-1600/plain-64bits/KeccakP-1600-opt64.c:487:8:KeccakF1600_FastLoop_Absorb_plain64,build-c-rx-kem-s-resource-audit-v1/src/common/sha3/xkcp_low/CMakeFiles/xkcp_low_keccakp_1600_plain64.dir/KeccakP-1600/plain-64bits/KeccakP-1600-opt64.c.su
208,static,/home/home/pqc/liboqs/src/common/sha2/sha2_c.c:826:6:oqs_sha2_sha256_c,build-c-rx-kem-s-resource-audit-v1/src/common/CMakeFiles/common.dir/sha2/sha2_c.c.su
208,static,/home/home/pqc/liboqs/src/common/sha2/sha2_c.c:840:6:oqs_sha2_sha512_c,build-c-rx-kem-s-resource-audit-v1/src/common/CMakeFiles/common.dir/sha2/sha2_c.c.su
208,static,/home/home/pqc/liboqs/src/common/sha2/sha2_c.c:819:6:oqs_sha2_sha224_c,build-c-rx-kem-s-resource-audit-v1/src/common/CMakeFiles/internal.dir/sha2/sha2_c.c.su
208,static,/home/home/pqc/liboqs/src/common/sha2/sha2_c.c:826:6:oqs_sha2_sha256_c,build-c-rx-kem-s-resource-audit-v1/src/common/CMakeFiles/internal.dir/sha2/sha2_c.c.su
208,static,/home/home/pqc/liboqs/src/common/sha2/sha2_c.c:833:6:oqs_sha2_sha384_c,build-c-rx-kem-s-resource-audit-v1/src/common/CMakeFiles/internal.dir/sha2/sha2_c.c.su
208,static,/home/home/pqc/liboqs/src/common/sha2/sha2_c.c:840:6:oqs_sha2_sha512_c,build-c-rx-kem-s-resource-audit-v1/src/common/CMakeFiles/internal.dir/sha2/sha2_c.c.su
208,static,/home/home/pqc/liboqs/tests/speed_common.c:192:19:speed_shake128,build-c-rx-kem-s-resource-audit-v1/tests/CMakeFiles/speed_common.dir/speed_common.c.su
208,static,/home/home/pqc/liboqs/tests/speed_common.c:219:19:speed_shake256,build-c-rx-kem-s-resource-audit-v1/tests/CMakeFiles/speed_common.dir/speed_common.c.su
208,static,/home/home/pqc/liboqs/tests/kat_sig_stfl.c:155:12:sig_stfl_kat,build-c-rx-kem-s-resource-audit-v1/tests/CMakeFiles/kat_sig_stfl.dir/kat_sig_stfl.c.su
200,static,/home/home/pqc/liboqs/src/common/sha3/xkcp_low/KeccakP-1600/plain-64bits/KeccakP-1600-opt64.c:505:8:KeccakP1600_12rounds_FastLoop_Absorb_plain64,build-c-rx-kem-s-resource-audit-v1/src/common/sha3/xkcp_low/CMakeFiles/xkcp_low_keccakp_1600_plain64.dir/KeccakP-1600/plain-64bits/KeccakP-1600-opt64.c.su
192,"dynamic,bounded",/home/home/pqc/liboqs/src/kem/ml_kem/mlkem-native_ml-kem-768_x86_64/mlkem/src/indcpa.c:427:5:PQCP_MLKEM_NATIVE_MLKEM768_X86_64_indcpa_keypair_derand,build-c-rx-kem-s-resource-audit-v1/src/kem/ml_kem/CMakeFiles/ml_kem_768_x86_64.dir/mlkem-native_ml-kem-768_x86_64/mlkem/src/indcpa.c.su
192,"dynamic,bounded",/home/home/pqc/liboqs/src/kem/ml_kem/mlkem-native_ml-kem-768_x86_64/mlkem/src/indcpa.c:597:5:PQCP_MLKEM_NATIVE_MLKEM768_X86_64_indcpa_enc,build-c-rx-kem-s-resource-audit-v1/src/kem/ml_kem/CMakeFiles/ml_kem_768_x86_64.dir/mlkem-native_ml-kem-768_x86_64/mlkem/src/indcpa.c.su
192,static,/home/home/pqc/liboqs/tests/test_helpers.c:216:12:test_sig_stfl_bitflip,build-c-rx-kem-s-resource-audit-v1/tests/CMakeFiles/test_kem.dir/test_helpers.c.su
192,"dynamic,bounded",/home/home/pqc/liboqs/tests/speed_common.c:258:5:main,build-c-rx-kem-s-resource-audit-v1/tests/CMakeFiles/speed_common.dir/speed_common.c.su
192,static,/home/home/pqc/liboqs/tests/test_helpers.c:216:12:test_sig_stfl_bitflip,build-c-rx-kem-s-resource-audit-v1/tests/CMakeFiles/test_kem_mem.dir/test_helpers.c.su
192,static,/home/home/pqc/liboqs/tests/tmp_store.c:41:19:oqs_fstore,build-c-rx-kem-s-resource-audit-v1/tests/CMakeFiles/test_kem_mem.dir/test_kem_mem.c.su
192,static,/home/home/pqc/liboqs/tests/tmp_store.c:41:19:oqs_fstore,build-c-rx-kem-s-resource-audit-v1/tests/CMakeFiles/test_sig_stfl.dir/test_sig_stfl.c.su
192,static,/home/home/pqc/liboqs/tests/test_helpers.c:216:12:test_sig_stfl_bitflip,build-c-rx-kem-s-resource-audit-v1/tests/CMakeFiles/test_sig_stfl.dir/test_helpers.c.su
192,static,/home/home/pqc/liboqs/tests/test_helpers.c:216:12:test_sig_stfl_bitflip,build-c-rx-kem-s-resource-audit-v1/tests/CMakeFiles/test_sig.dir/test_helpers.c.su
192,static,/home/home/pqc/liboqs/tests/test_helpers.c:216:12:test_sig_stfl_bitflip,build-c-rx-kem-s-resource-audit-v1/tests/CMakeFiles/kat_kem.dir/test_helpers.c.su
192,static,/home/home/pqc/liboqs/tests/test_helpers.c:216:12:test_sig_stfl_bitflip,build-c-rx-kem-s-resource-audit-v1/tests/CMakeFiles/kat_sig.dir/test_helpers.c.su
192,static,/home/home/pqc/liboqs/tests/tmp_store.c:41:19:oqs_fstore,build-c-rx-kem-s-resource-audit-v1/tests/CMakeFiles/test_sig_mem.dir/test_sig_mem.c.su
192,static,/home/home/pqc/liboqs/tests/test_helpers.c:216:12:test_sig_stfl_bitflip,build-c-rx-kem-s-resource-audit-v1/tests/CMakeFiles/kat_sig_stfl.dir/test_helpers.c.su
176,static,/home/home/pqc/liboqs/src/common/sha3/xkcp_low/KeccakP-1600/plain-64bits/KeccakP-1600-opt64.c:306:6:KeccakP1600_Permute_Nrounds_plain64,build-c-rx-kem-s-resource-audit-v1/src/common/sha3/xkcp_low/CMakeFiles/xkcp_low_keccakp_1600_plain64.dir/KeccakP-1600/plain-64bits/KeccakP-1600-opt64.c.su
176,"dynamic,bounded",/home/home/pqc/liboqs/src/kem/ml_kem/mlkem-native_ml-kem-768_ref/mlkem/src/indcpa.c:597:5:PQCP_MLKEM_NATIVE_MLKEM768_C_indcpa_enc,build-c-rx-kem-s-resource-audit-v1/src/kem/ml_kem/CMakeFiles/ml_kem_768_ref.dir/mlkem-native_ml-kem-768_ref/mlkem/src/indcpa.c.su
176,static,/home/home/pqc/liboqs/tests/test_sig_stfl.c:1097:7:test_secret_key_wrapper,build-c-rx-kem-s-resource-audit-v1/tests/CMakeFiles/test_sig_stfl.dir/test_sig_stfl.c.su
176,"dynamic,bounded",/home/home/pqc/liboqs/tests/speed_kem.c:107:5:main,build-c-rx-kem-s-resource-audit-v1/tests/CMakeFiles/speed_kem.dir/speed_kem.c.su
176,"dynamic,bounded",/home/home/pqc/liboqs/tests/speed_sig_stfl.c:165:5:main,build-c-rx-kem-s-resource-audit-v1/tests/CMakeFiles/speed_sig_stfl.dir/speed_sig_stfl.c.su
176,"dynamic,bounded",/home/home/pqc/liboqs/tests/speed_sig.c:111:5:main,build-c-rx-kem-s-resource-audit-v1/tests/CMakeFiles/speed_sig.dir/speed_sig.c.su
160,static,/home/home/pqc/liboqs/src/common/aes/aes_c.c:696:13:aes_keysched_no_bitslice,build-c-rx-kem-s-resource-audit-v1/src/common/CMakeFiles/common.dir/aes/aes_c.c.su
160,static,/home/home/pqc/liboqs/src/common/rand/rand_nist.c:122:13:AES256_CTR_DRBG_Update.constprop,build-c-rx-kem-s-resource-audit-v1/src/common/CMakeFiles/internal.dir/rand/rand_nist.c.su
160,static,/home/home/pqc/liboqs/src/common/aes/aes_c.c:696:13:aes_keysched_no_bitslice,build-c-rx-kem-s-resource-audit-v1/src/common/CMakeFiles/internal.dir/aes/aes_c.c.su
160,static,/home/home/pqc/liboqs/src/kem/ml_kem/mlkem-native_ml-kem-768_x86_64/mlkem/src/kem.c:254:5:PQCP_MLKEM_NATIVE_MLKEM768_X86_64_keypair,build-c-rx-kem-s-resource-audit-v1/src/kem/ml_kem/CMakeFiles/ml_kem_768_x86_64.dir/mlkem-native_ml-kem-768_x86_64/mlkem/src/kem.c.su
160,static,/home/home/pqc/liboqs/src/kem/ml_kem/mlkem-native_ml-kem-768_x86_64/mlkem/src/kem.c:340:5:PQCP_MLKEM_NATIVE_MLKEM768_X86_64_enc,build-c-rx-kem-s-resource-audit-v1/src/kem/ml_kem/CMakeFiles/ml_kem_768_x86_64.dir/mlkem-native_ml-kem-768_x86_64/mlkem/src/kem.c.su
160,static,/home/home/pqc/liboqs/src/kem/ml_kem/mlkem-native_ml-kem-768_ref/mlkem/src/kem.c:254:5:PQCP_MLKEM_NATIVE_MLKEM768_C_keypair,build-c-rx-kem-s-resource-audit-v1/src/kem/ml_kem/CMakeFiles/ml_kem_768_ref.dir/mlkem-native_ml-kem-768_ref/mlkem/src/kem.c.su
160,static,/home/home/pqc/liboqs/src/kem/ml_kem/mlkem-native_ml-kem-768_ref/mlkem/src/kem.c:340:5:PQCP_MLKEM_NATIVE_MLKEM768_C_enc,build-c-rx-kem-s-resource-audit-v1/src/kem/ml_kem/CMakeFiles/ml_kem_768_ref.dir/mlkem-native_ml-kem-768_ref/mlkem/src/kem.c.su
152,static,/home/home/pqc/liboqs/src/common/sha3/xkcp_low/KeccakP-1600/plain-64bits/KeccakP-1600-opt64.c:330:6:KeccakP1600_Permute_12rounds_plain64,build-c-rx-kem-s-resource-audit-v1/src/common/sha3/xkcp_low/CMakeFiles/xkcp_low_keccakp_1600_plain64.dir/KeccakP-1600/plain-64bits/KeccakP-1600-opt64.c.su
144,static,/home/home/pqc/liboqs/src/common/sha3/xkcp_low/KeccakP-1600/plain-64bits/KeccakP-1600-opt64.c:319:6:KeccakP1600_Permute_24rounds_plain64,build-c-rx-kem-s-resource-audit-v1/src/common/sha3/xkcp_low/CMakeFiles/xkcp_low_keccakp_1600_plain64.dir/KeccakP-1600/plain-64bits/KeccakP-1600-opt64.c.su
144,"dynamic,bounded",/home/home/pqc/liboqs/src/kem/ml_kem/mlkem-native_ml-kem-768_ref/mlkem/src/indcpa.c:427:5:PQCP_MLKEM_NATIVE_MLKEM768_C_indcpa_keypair_derand,build-c-rx-kem-s-resource-audit-v1/src/kem/ml_kem/CMakeFiles/ml_kem_768_ref.dir/mlkem-native_ml-kem-768_ref/mlkem/src/indcpa.c.su
144,static,/home/home/pqc/liboqs/tests/test_sig_stfl.c:45:5:FindMarker,build-c-rx-kem-s-resource-audit-v1/tests/CMakeFiles/test_sig_stfl.dir/test_sig_stfl.c.su
144,static,/home/home/pqc/liboqs/tests/vectors_sig.c:890:5:main,build-c-rx-kem-s-resource-audit-v1/tests/CMakeFiles/vectors_sig.dir/vectors_sig.c.su
144,static,/home/home/pqc/liboqs/tests/kat_sig_stfl.c:33:5:FindMarker,build-c-rx-kem-s-resource-audit-v1/tests/CMakeFiles/kat_sig_stfl.dir/kat_sig_stfl.c.su
144,static,/home/home/pqc/liboqs/tests/vectors_kem.c:507:5:main,build-c-rx-kem-s-resource-audit-v1/tests/CMakeFiles/vectors_kem.dir/vectors_kem.c.su
128,static,/home/home/pqc/liboqs/src/common/sha3/xkcp_sha3x4.c:209:13:SHA3_shake256_x4,build-c-rx-kem-s-resource-audit-v1/src/common/CMakeFiles/common.dir/sha3/xkcp_sha3x4.c.su
128,static,/home/home/pqc/liboqs/src/common/sha3/xkcp_sha3x4.c:167:13:SHA3_shake128_x4,build-c-rx-kem-s-resource-audit-v1/src/common/CMakeFiles/common.dir/sha3/xkcp_sha3x4.c.su
128,static,/home/home/pqc/liboqs/src/common/rand/rand_nist.c:76:6:OQS_randombytes_nist_kat,build-c-rx-kem-s-resource-audit-v1/src/common/CMakeFiles/internal.dir/rand/rand_nist.c.su
128,static,/home/home/pqc/liboqs/src/common/sha3/xkcp_sha3x4.c:209:13:SHA3_shake256_x4,build-c-rx-kem-s-resource-audit-v1/src/common/CMakeFiles/internal.dir/sha3/xkcp_sha3x4.c.su
128,static,/home/home/pqc/liboqs/src/common/sha3/xkcp_sha3x4.c:167:13:SHA3_shake128_x4,build-c-rx-kem-s-resource-audit-v1/src/common/CMakeFiles/internal.dir/sha3/xkcp_sha3x4.c.su
128,static,/home/home/pqc/liboqs/tests/test_kem_mem.c:180:5:main,build-c-rx-kem-s-resource-audit-v1/tests/CMakeFiles/test_kem_mem.dir/test_kem_mem.c.su
112,static,/home/home/pqc/liboqs/src/common/sha3/xkcp_sha3x4.c:88:13:keccak_x4_inc_absorb,build-c-rx-kem-s-resource-audit-v1/src/common/CMakeFiles/common.dir/sha3/xkcp_sha3x4.c.su
112,static,/home/home/pqc/liboqs/src/common/sha2/sha2_c.c:810:6:oqs_sha2_sha384_inc_finalize_c,build-c-rx-kem-s-resource-audit-v1/src/common/CMakeFiles/common.dir/sha2/sha2_c.c.su
112,static,/home/home/pqc/liboqs/src/common/sha3/xkcp_sha3x4.c:88:13:keccak_x4_inc_absorb,build-c-rx-kem-s-resource-audit-v1/src/common/CMakeFiles/internal.dir/sha3/xkcp_sha3x4.c.su
112,static,/home/home/pqc/liboqs/src/common/sha2/sha2_c.c:810:6:oqs_sha2_sha384_inc_finalize_c,build-c-rx-kem-s-resource-audit-v1/src/common/CMakeFiles/internal.dir/sha2/sha2_c.c.su
112,static,/home/home/pqc/liboqs/tests/test_sig_stfl.c:1069:7:test_sig_gen,build-c-rx-kem-s-resource-audit-v1/tests/CMakeFiles/test_sig_stfl.dir/test_sig_stfl.c.su
112,static,/home/home/pqc/liboqs/tests/example_sig_stfl.c:32:19:stfl_example,build-c-rx-kem-s-resource-audit-v1/tests/CMakeFiles/example_sig_stfl.dir/example_sig_stfl.c.su
112,static,/home/home/pqc/liboqs/tests/test_sig_mem.c:168:5:main,build-c-rx-kem-s-resource-audit-v1/tests/CMakeFiles/test_sig_mem.dir/test_sig_mem.c.su
96,static,/home/home/pqc/liboqs/src/common/sha3/xkcp_sha3x4.c:140:13:keccak_x4_inc_squeeze,build-c-rx-kem-s-resource-audit-v1/src/common/CMakeFiles/common.dir/sha3/xkcp_sha3x4.c.su
96,static,/home/home/pqc/liboqs/src/common/rand/rand_nist.c:62:6:OQS_randombytes_nist_kat_init_256bit,build-c-rx-kem-s-resource-audit-v1/src/common/CMakeFiles/internal.dir/rand/rand_nist.c.su
96,static,/home/home/pqc/liboqs/src/common/sha3/xkcp_sha3x4.c:140:13:keccak_x4_inc_squeeze,build-c-rx-kem-s-resource-audit-v1/src/common/CMakeFiles/internal.dir/sha3/xkcp_sha3x4.c.su
96,static,/home/home/pqc/liboqs/src/common/sha3/xkcp_low/KeccakP-1600times4/avx2/KeccakP-1600-times4-SIMD256.c:116:6:KeccakP1600times4_AddBytes_avx2,build-c-rx-kem-s-resource-audit-v1/src/common/sha3/xkcp_low/CMakeFiles/xkcp_low_keccakp_1600times4_avx2.dir/KeccakP-1600times4/avx2/KeccakP-1600-times4-SIMD256.c.su
96,static,/home/home/pqc/liboqs/src/kem/ml_kem/mlkem-native_ml-kem-768_x86_64/mlkem/src/kem.c:76:5:PQCP_MLKEM_NATIVE_MLKEM768_X86_64_check_sk,build-c-rx-kem-s-resource-audit-v1/src/kem/ml_kem/CMakeFiles/ml_kem_768_x86_64.dir/mlkem-native_ml-kem-768_x86_64/mlkem/src/kem.c.su
96,static,/home/home/pqc/liboqs/src/kem/ml_kem/mlkem-native_ml-kem-768_x86_64/mlkem/src/indcpa.c:805:5:PQCP_MLKEM_NATIVE_MLKEM768_X86_64_indcpa_dec,build-c-rx-kem-s-resource-audit-v1/src/kem/ml_kem/CMakeFiles/ml_kem_768_x86_64.dir/mlkem-native_ml-kem-768_x86_64/mlkem/src/indcpa.c.su
96,static,/home/home/pqc/liboqs/src/kem/ml_kem/mlkem-native_ml-kem-768_ref/mlkem/src/kem.c:76:5:PQCP_MLKEM_NATIVE_MLKEM768_C_check_sk,build-c-rx-kem-s-resource-audit-v1/src/kem/ml_kem/CMakeFiles/ml_kem_768_ref.dir/mlkem-native_ml-kem-768_ref/mlkem/src/kem.c.su
96,static,/home/home/pqc/liboqs/src/kem/ml_kem/mlkem-native_ml-kem-768_ref/mlkem/src/indcpa.c:805:5:PQCP_MLKEM_NATIVE_MLKEM768_C_indcpa_dec,build-c-rx-kem-s-resource-audit-v1/src/kem/ml_kem/CMakeFiles/ml_kem_768_ref.dir/mlkem-native_ml-kem-768_ref/mlkem/src/indcpa.c.su
96,static,/home/home/pqc/liboqs/tests/kat_sig_stfl.c:512:5:main,build-c-rx-kem-s-resource-audit-v1/tests/CMakeFiles/kat_sig_stfl.dir/kat_sig_stfl.c.su
96,static,/home/home/pqc/liboqs/tests/vectors_kem.c:99:20:sanityCheckSK,build-c-rx-kem-s-resource-audit-v1/tests/CMakeFiles/vectors_kem.dir/vectors_kem.c.su
96,static,/home/home/pqc/liboqs/tests/test_hash.c:248:12:do_arbitrary_hash,build-c-rx-kem-s-resource-audit-v1/tests/CMakeFiles/test_hash.dir/test_hash.c.su
80,static,/home/home/pqc/liboqs/src/common/sha3/xkcp_sha3.c:122:13:keccak_inc_absorb,build-c-rx-kem-s-resource-audit-v1/src/common/CMakeFiles/common.dir/sha3/xkcp_sha3.c.su
80,static,/home/home/pqc/liboqs/src/common/sha3/xkcp_sha3.c:356:13:SHA3_shake256,build-c-rx-kem-s-resource-audit-v1/src/common/CMakeFiles/common.dir/sha3/xkcp_sha3.c.su
80,static,/home/home/pqc/liboqs/src/common/sha3/xkcp_sha3.c:313:13:SHA3_shake128,build-c-rx-kem-s-resource-audit-v1/src/common/CMakeFiles/common.dir/sha3/xkcp_sha3.c.su
80,static,/home/home/pqc/liboqs/src/common/sha2/sha2_c.c:609:6:oqs_sha2_sha256_inc_blocks_c,build-c-rx-kem-s-resource-audit-v1/src/common/CMakeFiles/common.dir/sha2/sha2_c.c.su
80,static,/home/home/pqc/liboqs/src/common/sha2/sha2_c.c:636:6:oqs_sha2_sha256_inc_c,build-c-rx-kem-s-resource-audit-v1/src/common/CMakeFiles/common.dir/sha2/sha2_c.c.su
80,static,/home/home/pqc/liboqs/src/common/sha2/sha2_c.c:751:6:oqs_sha2_sha224_inc_finalize_c,build-c-rx-kem-s-resource-audit-v1/src/common/CMakeFiles/common.dir/sha2/sha2_c.c.su
80,static,/home/home/pqc/liboqs/src/common/pqclean_shims/fips202x4.c:5:6:OQS_SHA3_shake128_x4_absorb_once,build-c-rx-kem-s-resource-audit-v1/src/common/CMakeFiles/common.dir/pqclean_shims/fips202x4.c.su
80,static,/home/home/pqc/liboqs/src/common/pqclean_shims/fips202x4.c:11:6:OQS_SHA3_shake256_x4_absorb_once,build-c-rx-kem-s-resource-audit-v1/src/common/CMakeFiles/common.dir/pqclean_shims/fips202x4.c.su
80,static,/home/home/pqc/liboqs/src/common/sha3/xkcp_sha3.c:122:13:keccak_inc_absorb,build-c-rx-kem-s-resource-audit-v1/src/common/CMakeFiles/internal.dir/sha3/xkcp_sha3.c.su
80,static,/home/home/pqc/liboqs/src/common/sha3/xkcp_sha3.c:356:13:SHA3_shake256,build-c-rx-kem-s-resource-audit-v1/src/common/CMakeFiles/internal.dir/sha3/xkcp_sha3.c.su
80,static,/home/home/pqc/liboqs/src/common/sha3/xkcp_sha3.c:313:13:SHA3_shake128,build-c-rx-kem-s-resource-audit-v1/src/common/CMakeFiles/internal.dir/sha3/xkcp_sha3.c.su
80,static,/home/home/pqc/liboqs/src/common/sha2/sha2_c.c:609:6:oqs_sha2_sha256_inc_blocks_c,build-c-rx-kem-s-resource-audit-v1/src/common/CMakeFiles/internal.dir/sha2/sha2_c.c.su
80,static,/home/home/pqc/liboqs/src/common/sha2/sha2_c.c:636:6:oqs_sha2_sha256_inc_c,build-c-rx-kem-s-resource-audit-v1/src/common/CMakeFiles/internal.dir/sha2/sha2_c.c.su
80,static,/home/home/pqc/liboqs/src/common/sha2/sha2_c.c:751:6:oqs_sha2_sha224_inc_finalize_c,build-c-rx-kem-s-resource-audit-v1/src/common/CMakeFiles/internal.dir/sha2/sha2_c.c.su
80,static,/home/home/pqc/liboqs/src/common/sha3/xkcp_low/KeccakP-1600/plain-64bits/KeccakP-1600-opt64.c:189:6:KeccakP1600_AddBytes_plain64,build-c-rx-kem-s-resource-audit-v1/src/common/sha3/xkcp_low/CMakeFiles/xkcp_low_keccakp_1600_plain64.dir/KeccakP-1600/plain-64bits/KeccakP-1600-opt64.c.su
80,static,/home/home/pqc/liboqs/src/common/sha3/xkcp_low/KeccakP-1600/plain-64bits/KeccakP-1600-opt64.c:481:6:KeccakP1600_ExtractAndAddBytes_plain64,build-c-rx-kem-s-resource-audit-v1/src/common/sha3/xkcp_low/CMakeFiles/xkcp_low_keccakp_1600_plain64.dir/KeccakP-1600/plain-64bits/KeccakP-1600-opt64.c.su
80,static,/home/home/pqc/liboqs/src/common/sha3/xkcp_low/KeccakP-1600times4/serial/PlSnP-Fallback.inc:245:6:KeccakP1600times4_ExtractAndAddLanesAll_serial,build-c-rx-kem-s-resource-audit-v1/src/common/sha3/xkcp_low/CMakeFiles/xkcp_low_keccakp_1600times4_serial.dir/KeccakP-1600times4/serial/KeccakP-1600-times4-on1.c.su
80,static,/home/home/pqc/liboqs/tests/example_kem.c:156:5:main,build-c-rx-kem-s-resource-audit-v1/tests/CMakeFiles/example_kem.dir/example_kem.c.su
80,static,/home/home/pqc/liboqs/tests/test_sig_stfl.c:88:5:ReadHex,build-c-rx-kem-s-resource-audit-v1/tests/CMakeFiles/test_sig_stfl.dir/test_sig_stfl.c.su
80,static,/home/home/pqc/liboqs/tests/kat_sig.c:32:12:combine_message_signature,build-c-rx-kem-s-resource-audit-v1/tests/CMakeFiles/kat_sig.dir/kat_sig.c.su
80,static,/home/home/pqc/liboqs/tests/kat_sig_stfl.c:75:8:ReadHex,build-c-rx-kem-s-resource-audit-v1/tests/CMakeFiles/kat_sig_stfl.dir/kat_sig_stfl.c.su
64,static,/home/home/pqc/liboqs/src/common/sha3/xkcp_sha3.c:187:13:keccak_inc_squeeze,build-c-rx-kem-s-resource-audit-v1/src/common/CMakeFiles/common.dir/sha3/xkcp_sha3.c.su
64,static,/home/home/pqc/liboqs/src/common/sha3/xkcp_sha3.c:276:13:SHA3_sha3_512,build-c-rx-kem-s-resource-audit-v1/src/common/CMakeFiles/common.dir/sha3/xkcp_sha3.c.su
64,static,/home/home/pqc/liboqs/src/common/sha3/xkcp_sha3.c:240:13:SHA3_sha3_384,build-c-rx-kem-s-resource-audit-v1/src/common/CMakeFiles/common.dir/sha3/xkcp_sha3.c.su
64,static,/home/home/pqc/liboqs/src/common/sha3/xkcp_sha3.c:202:13:SHA3_sha3_256,build-c-rx-kem-s-resource-audit-v1/src/common/CMakeFiles/common.dir/sha3/xkcp_sha3.c.su
64,static,/home/home/pqc/liboqs/src/common/sha2/sha2_c.c:139:15:crypto_hashblocks_sha256_c.isra,build-c-rx-kem-s-resource-audit-v1/src/common/CMakeFiles/common.dir/sha2/sha2_c.c.su
64,static,/home/home/pqc/liboqs/src/common/aes/aes_impl.c:155:13:AES256_CTR_inc_stream_iv,build-c-rx-kem-s-resource-audit-v1/src/common/CMakeFiles/common.dir/aes/aes_impl.c.su
64,static,/home/home/pqc/liboqs/src/common/aes/aes_impl.c:147:13:AES256_ECB_enc_sch,build-c-rx-kem-s-resource-audit-v1/src/common/CMakeFiles/common.dir/aes/aes_impl.c.su
64,static,/home/home/pqc/liboqs/src/common/aes/aes_impl.c:130:13:AES128_CTR_inc_stream_iv,build-c-rx-kem-s-resource-audit-v1/src/common/CMakeFiles/common.dir/aes/aes_impl.c.su
64,static,/home/home/pqc/liboqs/src/common/aes/aes_impl.c:122:13:AES128_ECB_enc_sch,build-c-rx-kem-s-resource-audit-v1/src/common/CMakeFiles/common.dir/aes/aes_impl.c.su
64,static,/home/home/pqc/liboqs/src/common/aes/aes_impl.c:115:13:AES128_ECB_enc,build-c-rx-kem-s-resource-audit-v1/src/common/CMakeFiles/common.dir/aes/aes_impl.c.su
64,static,/home/home/pqc/liboqs/src/common/aes/aes_impl.c:140:13:AES256_ECB_enc,build-c-rx-kem-s-resource-audit-v1/src/common/CMakeFiles/common.dir/aes/aes_impl.c.su
64,static,/home/home/pqc/liboqs/src/common/sha3/xkcp_sha3.c:187:13:keccak_inc_squeeze,build-c-rx-kem-s-resource-audit-v1/src/common/CMakeFiles/internal.dir/sha3/xkcp_sha3.c.su
64,static,/home/home/pqc/liboqs/src/common/sha3/xkcp_sha3.c:276:13:SHA3_sha3_512,build-c-rx-kem-s-resource-audit-v1/src/common/CMakeFiles/internal.dir/sha3/xkcp_sha3.c.su
64,static,/home/home/pqc/liboqs/src/common/sha3/xkcp_sha3.c:240:13:SHA3_sha3_384,build-c-rx-kem-s-resource-audit-v1/src/common/CMakeFiles/internal.dir/sha3/xkcp_sha3.c.su
64,static,/home/home/pqc/liboqs/src/common/sha3/xkcp_sha3.c:202:13:SHA3_sha3_256,build-c-rx-kem-s-resource-audit-v1/src/common/CMakeFiles/internal.dir/sha3/xkcp_sha3.c.su
64,static,/home/home/pqc/liboqs/src/common/sha2/sha2_c.c:139:15:crypto_hashblocks_sha256_c.isra,build-c-rx-kem-s-resource-audit-v1/src/common/CMakeFiles/internal.dir/sha2/sha2_c.c.su
64,static,/home/home/pqc/liboqs/src/common/aes/aes_impl.c:155:13:AES256_CTR_inc_stream_iv,build-c-rx-kem-s-resource-audit-v1/src/common/CMakeFiles/internal.dir/aes/aes_impl.c.su
64,static,/home/home/pqc/liboqs/src/common/aes/aes_impl.c:147:13:AES256_ECB_enc_sch,build-c-rx-kem-s-resource-audit-v1/src/common/CMakeFiles/internal.dir/aes/aes_impl.c.su
64,static,/home/home/pqc/liboqs/src/common/aes/aes_impl.c:130:13:AES128_CTR_inc_stream_iv,build-c-rx-kem-s-resource-audit-v1/src/common/CMakeFiles/internal.dir/aes/aes_impl.c.su
64,static,/home/home/pqc/liboqs/src/common/aes/aes_impl.c:122:13:AES128_ECB_enc_sch,build-c-rx-kem-s-resource-audit-v1/src/common/CMakeFiles/internal.dir/aes/aes_impl.c.su
64,static,/home/home/pqc/liboqs/src/common/aes/aes_impl.c:115:13:AES128_ECB_enc,build-c-rx-kem-s-resource-audit-v1/src/common/CMakeFiles/internal.dir/aes/aes_impl.c.su
64,static,/home/home/pqc/liboqs/src/common/aes/aes_impl.c:140:13:AES256_ECB_enc,build-c-rx-kem-s-resource-audit-v1/src/common/CMakeFiles/internal.dir/aes/aes_impl.c.su
64,static,/home/home/pqc/liboqs/src/common/sha3/xkcp_low/KeccakP-1600/plain-64bits/KeccakP-1600-opt64.c:255:6:KeccakP1600_OverwriteBytes_plain64,build-c-rx-kem-s-resource-audit-v1/src/common/sha3/xkcp_low/CMakeFiles/xkcp_low_keccakp_1600_plain64.dir/KeccakP-1600/plain-64bits/KeccakP-1600-opt64.c.su
64,static,/home/home/pqc/liboqs/src/common/sha3/xkcp_low/KeccakP-1600/plain-64bits/KeccakP-1600-opt64.c:406:6:KeccakP1600_ExtractBytes_plain64,build-c-rx-kem-s-resource-audit-v1/src/common/sha3/xkcp_low/CMakeFiles/xkcp_low_keccakp_1600_plain64.dir/KeccakP-1600/plain-64bits/KeccakP-1600-opt64.c.su
64,static,/home/home/pqc/liboqs/src/common/sha3/xkcp_low/KeccakP-1600times4/serial/PlSnP-Fallback.inc:109:6:KeccakP1600times4_AddLanesAll_serial,build-c-rx-kem-s-resource-audit-v1/src/common/sha3/xkcp_low/CMakeFiles/xkcp_low_keccakp_1600times4_serial.dir/KeccakP-1600times4/serial/KeccakP-1600-times4-on1.c.su
64,static,/home/home/pqc/liboqs/src/common/sha3/xkcp_low/KeccakP-1600times4/serial/PlSnP-Fallback.inc:132:6:KeccakP1600times4_OverwriteLanesAll_serial,build-c-rx-kem-s-resource-audit-v1/src/common/sha3/xkcp_low/CMakeFiles/xkcp_low_keccakp_1600times4_serial.dir/KeccakP-1600times4/serial/KeccakP-1600-times4-on1.c.su
64,static,/home/home/pqc/liboqs/src/common/sha3/xkcp_low/KeccakP-1600times4/serial/PlSnP-Fallback.inc:222:6:KeccakP1600times4_ExtractLanesAll_serial,build-c-rx-kem-s-resource-audit-v1/src/common/sha3/xkcp_low/CMakeFiles/xkcp_low_keccakp_1600times4_serial.dir/KeccakP-1600times4/serial/KeccakP-1600-times4-on1.c.su
64,static,/home/home/pqc/liboqs/src/kem/ml_kem/mlkem-native_ml-kem-768_x86_64/mlkem/src/kem.c:210:5:PQCP_MLKEM_NATIVE_MLKEM768_X86_64_keypair_derand,build-c-rx-kem-s-resource-audit-v1/src/kem/ml_kem/CMakeFiles/ml_kem_768_x86_64.dir/mlkem-native_ml-kem-768_x86_64/mlkem/src/kem.c.su
64,static,/home/home/pqc/liboqs/src/kem/ml_kem/mlkem-native_ml-kem-768_ref/mlkem/src/compress.c:135:6:PQCP_MLKEM_NATIVE_MLKEM768_C_poly_compress_d10,build-c-rx-kem-s-resource-audit-v1/src/kem/ml_kem/CMakeFiles/ml_kem_768_ref.dir/mlkem-native_ml-kem-768_ref/mlkem/src/compress.c.su
64,static,/home/home/pqc/liboqs/tests/test_helpers.c:81:15:OQS_KAT_PRNG_new,build-c-rx-kem-s-resource-audit-v1/tests/CMakeFiles/test_kem.dir/test_helpers.c.su
64,static,/home/home/pqc/liboqs/tests/example_sig.c:170:6:cleanup_heap,build-c-rx-kem-s-resource-audit-v1/tests/CMakeFiles/example_sig.dir/example_sig.c.su
64,static,/home/home/pqc/liboqs/tests/example_kem.c:175:6:cleanup_heap,build-c-rx-kem-s-resource-audit-v1/tests/CMakeFiles/example_kem.dir/example_kem.c.su
64,static,/home/home/pqc/liboqs/tests/test_helpers.c:81:15:OQS_KAT_PRNG_new,build-c-rx-kem-s-resource-audit-v1/tests/CMakeFiles/test_kem_mem.dir/test_helpers.c.su
64,static,/home/home/pqc/liboqs/tests/test_sig_stfl.c:1078:7:test_create_keys,build-c-rx-kem-s-resource-audit-v1/tests/CMakeFiles/test_sig_stfl.dir/test_sig_stfl.c.su
64,static,/home/home/pqc/liboqs/tests/test_sig_stfl.c:209:12:sig_stfl_keypair_from_KATs,build-c-rx-kem-s-resource-audit-v1/tests/CMakeFiles/test_sig_stfl.dir/test_sig_stfl.c.su
64,static,/home/home/pqc/liboqs/tests/test_helpers.c:81:15:OQS_KAT_PRNG_new,build-c-rx-kem-s-resource-audit-v1/tests/CMakeFiles/test_sig_stfl.dir/test_helpers.c.su
64,static,/home/home/pqc/liboqs/tests/test_helpers.c:81:15:OQS_KAT_PRNG_new,build-c-rx-kem-s-resource-audit-v1/tests/CMakeFiles/test_sig.dir/test_helpers.c.su
64,static,/home/home/pqc/liboqs/tests/test_helpers.c:81:15:OQS_KAT_PRNG_new,build-c-rx-kem-s-resource-audit-v1/tests/CMakeFiles/kat_kem.dir/test_helpers.c.su
64,static,/home/home/pqc/liboqs/tests/test_helpers.c:81:15:OQS_KAT_PRNG_new,build-c-rx-kem-s-resource-audit-v1/tests/CMakeFiles/kat_sig.dir/test_helpers.c.su
64,static,/home/home/pqc/liboqs/tests/test_helpers.c:81:15:OQS_KAT_PRNG_new,build-c-rx-kem-s-resource-audit-v1/tests/CMakeFiles/kat_sig_stfl.dir/test_helpers.c.su
56,static,/home/home/pqc/liboqs/src/common/aes/aes_c.c:106:13:br_aes_ct64_bitslice_Sbox,build-c-rx-kem-s-resource-audit-v1/src/common/CMakeFiles/common.dir/aes/aes_c.c.su
56,static,/home/home/pqc/liboqs/src/common/aes/aes_c.c:106:13:br_aes_ct64_bitslice_Sbox,build-c-rx-kem-s-resource-audit-v1/src/common/CMakeFiles/internal.dir/aes/aes_c.c.su
56,static,/home/home/pqc/liboqs/src/common/sha3/xkcp_low/KeccakP-1600times4/avx2/KeccakP-1600-times4-SIMD256.c:415:6:KeccakP1600times4_ExtractAndAddLanesAll_avx2,build-c-rx-kem-s-resource-audit-v1/src/common/sha3/xkcp_low/CMakeFiles/xkcp_low_keccakp_1600times4_avx2.dir/KeccakP-1600times4/avx2/KeccakP-1600-times4-SIMD256.c.su
56,static,/home/home/pqc/liboqs/src/kem/ml_kem/mlkem-native_ml-kem-768_ref/mlkem/src/poly_k.c:188:6:PQCP_MLKEM_NATIVE_MLKEM768_C_polyvec_basemul_acc_montgomery_cached,build-c-rx-kem-s-resource-audit-v1/src/kem/ml_kem/CMakeFiles/ml_kem_768_ref.dir/mlkem-native_ml-kem-768_ref/mlkem/src/poly_k.c.su
56,static,/home/home/pqc/liboqs/src/kem/ml_kem/mlkem-native_ml-kem-768_ref/mlkem/src/poly.c:456:6:PQCP_MLKEM_NATIVE_MLKEM768_C_poly_ntt,build-c-rx-kem-s-resource-audit-v1/src/kem/ml_kem/CMakeFiles/ml_kem_768_ref.dir/mlkem-native_ml-kem-768_ref/mlkem/src/poly.c.su
56,static,/home/home/pqc/liboqs/src/kem/ml_kem/mlkem-native_ml-kem-768_ref/mlkem/src/poly.c:553:6:PQCP_MLKEM_NATIVE_MLKEM768_C_poly_invntt_tomont,build-c-rx-kem-s-resource-audit-v1/src/kem/ml_kem/CMakeFiles/ml_kem_768_ref.dir/mlkem-native_ml-kem-768_ref/mlkem/src/poly.c.su
48,"dynamic,bounded",/home/home/pqc/liboqs/src/sig/sig.c:3078:20:OQS_SIG_sign_with_ctx_str,build-c-rx-kem-s-resource-audit-v1/src/CMakeFiles/oqs.dir/sig/sig.c.su
48,"dynamic,bounded",/home/home/pqc/liboqs/src/sig/sig.c:3094:20:OQS_SIG_verify_with_ctx_str,build-c-rx-kem-s-resource-audit-v1/src/CMakeFiles/oqs.dir/sig/sig.c.su
48,static,/home/home/pqc/liboqs/src/common/sha3/xkcp_sha3.c:294:13:SHA3_sha3_512_inc_finalize,build-c-rx-kem-s-resource-audit-v1/src/common/CMakeFiles/common.dir/sha3/xkcp_sha3.c.su
48,static,/home/home/pqc/liboqs/src/common/sha3/xkcp_sha3.c:221:13:SHA3_sha3_256_inc_finalize,build-c-rx-kem-s-resource-audit-v1/src/common/CMakeFiles/common.dir/sha3/xkcp_sha3.c.su
48,static,/home/home/pqc/liboqs/src/common/sha3/xkcp_sha3.c:257:13:SHA3_sha3_384_inc_finalize,build-c-rx-kem-s-resource-audit-v1/src/common/CMakeFiles/common.dir/sha3/xkcp_sha3.c.su
48,static,/home/home/pqc/liboqs/src/common/sha2/sha2_c.c:670:6:oqs_sha2_sha512_inc_blocks_c,build-c-rx-kem-s-resource-audit-v1/src/common/CMakeFiles/common.dir/sha2/sha2_c.c.su
48,static,/home/home/pqc/liboqs/src/common/sha2/sha2_c.c:679:6:oqs_sha2_sha384_inc_blocks_c,build-c-rx-kem-s-resource-audit-v1/src/common/CMakeFiles/common.dir/sha2/sha2_c.c.su
48,static,/home/home/pqc/liboqs/src/common/pqclean_shims/fips202.c:5:6:OQS_SHA3_shake128_absorb_once,build-c-rx-kem-s-resource-audit-v1/src/common/CMakeFiles/common.dir/pqclean_shims/fips202.c.su
48,static,/home/home/pqc/liboqs/src/common/pqclean_shims/fips202.c:11:6:OQS_SHA3_shake256_absorb_once,build-c-rx-kem-s-resource-audit-v1/src/common/CMakeFiles/common.dir/pqclean_shims/fips202.c.su
48,static,/home/home/pqc/liboqs/src/common/aes/aes128_ni.c:170:6:oqs_aes128_ctr_enc_sch_ni,build-c-rx-kem-s-resource-audit-v1/src/common/CMakeFiles/common.dir/aes/aes128_ni.c.su
48,static,/home/home/pqc/liboqs/src/common/aes/aes256_ni.c:204:6:oqs_aes256_ctr_enc_sch_ni,build-c-rx-kem-s-resource-audit-v1/src/common/CMakeFiles/common.dir/aes/aes256_ni.c.su
48,static,/home/home/pqc/liboqs/src/common/aes/aes_impl.c:163:13:AES256_CTR_inc_stream_blks,build-c-rx-kem-s-resource-audit-v1/src/common/CMakeFiles/common.dir/aes/aes_impl.c.su
48,static,/home/home/pqc/liboqs/src/common/aes/aes_impl.c:97:13:AES256_CTR_inc_ivu64,build-c-rx-kem-s-resource-audit-v1/src/common/CMakeFiles/common.dir/aes/aes_impl.c.su
48,static,/home/home/pqc/liboqs/src/common/aes/aes_impl.c:89:13:AES256_CTR_inc_iv,build-c-rx-kem-s-resource-audit-v1/src/common/CMakeFiles/common.dir/aes/aes_impl.c.su
48,static,/home/home/pqc/liboqs/src/common/aes/aes_impl.c:77:13:AES256_ECB_load_schedule,build-c-rx-kem-s-resource-audit-v1/src/common/CMakeFiles/common.dir/aes/aes_impl.c.su
48,static,/home/home/pqc/liboqs/src/common/aes/aes_impl.c:61:13:AES128_CTR_inc_ivu64,build-c-rx-kem-s-resource-audit-v1/src/common/CMakeFiles/common.dir/aes/aes_impl.c.su
48,static,/home/home/pqc/liboqs/src/common/aes/aes_impl.c:53:13:AES128_CTR_inc_iv,build-c-rx-kem-s-resource-audit-v1/src/common/CMakeFiles/common.dir/aes/aes_impl.c.su
48,static,/home/home/pqc/liboqs/src/common/aes/aes_impl.c:41:13:AES128_ECB_load_schedule,build-c-rx-kem-s-resource-audit-v1/src/common/CMakeFiles/common.dir/aes/aes_impl.c.su
48,static,/home/home/pqc/liboqs/src/common/aes/aes_impl.c:85:13:AES256_CTR_inc_init,build-c-rx-kem-s-resource-audit-v1/src/common/CMakeFiles/common.dir/aes/aes_impl.c.su
48,static,/home/home/pqc/liboqs/src/common/aes/aes_impl.c:49:13:AES128_CTR_inc_init,build-c-rx-kem-s-resource-audit-v1/src/common/CMakeFiles/common.dir/aes/aes_impl.c.su
48,static,/home/home/pqc/liboqs/src/common/aes/aes_c.c:280:13:br_aes_ct64_ortho,build-c-rx-kem-s-resource-audit-v1/src/common/CMakeFiles/common.dir/aes/aes_c.c.su
48,static,/home/home/pqc/liboqs/src/common/sha3/xkcp_sha3.c:294:13:SHA3_sha3_512_inc_finalize,build-c-rx-kem-s-resource-audit-v1/src/common/CMakeFiles/internal.dir/sha3/xkcp_sha3.c.su
48,static,/home/home/pqc/liboqs/src/common/sha3/xkcp_sha3.c:221:13:SHA3_sha3_256_inc_finalize,build-c-rx-kem-s-resource-audit-v1/src/common/CMakeFiles/internal.dir/sha3/xkcp_sha3.c.su
48,static,/home/home/pqc/liboqs/src/common/sha3/xkcp_sha3.c:257:13:SHA3_sha3_384_inc_finalize,build-c-rx-kem-s-resource-audit-v1/src/common/CMakeFiles/internal.dir/sha3/xkcp_sha3.c.su
48,static,/home/home/pqc/liboqs/src/common/sha2/sha2_c.c:670:6:oqs_sha2_sha512_inc_blocks_c,build-c-rx-kem-s-resource-audit-v1/src/common/CMakeFiles/internal.dir/sha2/sha2_c.c.su
48,static,/home/home/pqc/liboqs/src/common/aes/aes128_ni.c:140:6:oqs_aes128_ecb_enc_sch_ni,build-c-rx-kem-s-resource-audit-v1/src/common/CMakeFiles/internal.dir/aes/aes128_ni.c.su
48,static,/home/home/pqc/liboqs/src/common/aes/aes128_ni.c:170:6:oqs_aes128_ctr_enc_sch_ni,build-c-rx-kem-s-resource-audit-v1/src/common/CMakeFiles/internal.dir/aes/aes128_ni.c.su
48,static,/home/home/pqc/liboqs/src/common/aes/aes256_ni.c:174:6:oqs_aes256_ecb_enc_sch_ni,build-c-rx-kem-s-resource-audit-v1/src/common/CMakeFiles/internal.dir/aes/aes256_ni.c.su
48,static,/home/home/pqc/liboqs/src/common/aes/aes256_ni.c:204:6:oqs_aes256_ctr_enc_sch_ni,build-c-rx-kem-s-resource-audit-v1/src/common/CMakeFiles/internal.dir/aes/aes256_ni.c.su
48,static,/home/home/pqc/liboqs/src/common/aes/aes_impl.c:163:13:AES256_CTR_inc_stream_blks,build-c-rx-kem-s-resource-audit-v1/src/common/CMakeFiles/internal.dir/aes/aes_impl.c.su
48,static,/home/home/pqc/liboqs/src/common/aes/aes_impl.c:97:13:AES256_CTR_inc_ivu64,build-c-rx-kem-s-resource-audit-v1/src/common/CMakeFiles/internal.dir/aes/aes_impl.c.su
48,static,/home/home/pqc/liboqs/src/common/aes/aes_impl.c:89:13:AES256_CTR_inc_iv,build-c-rx-kem-s-resource-audit-v1/src/common/CMakeFiles/internal.dir/aes/aes_impl.c.su
48,static,/home/home/pqc/liboqs/src/common/aes/aes_impl.c:77:13:AES256_ECB_load_schedule,build-c-rx-kem-s-resource-audit-v1/src/common/CMakeFiles/internal.dir/aes/aes_impl.c.su
48,static,/home/home/pqc/liboqs/src/common/aes/aes_impl.c:61:13:AES128_CTR_inc_ivu64,build-c-rx-kem-s-resource-audit-v1/src/common/CMakeFiles/internal.dir/aes/aes_impl.c.su
48,static,/home/home/pqc/liboqs/src/common/aes/aes_impl.c:53:13:AES128_CTR_inc_iv,build-c-rx-kem-s-resource-audit-v1/src/common/CMakeFiles/internal.dir/aes/aes_impl.c.su
48,static,/home/home/pqc/liboqs/src/common/aes/aes_impl.c:41:13:AES128_ECB_load_schedule,build-c-rx-kem-s-resource-audit-v1/src/common/CMakeFiles/internal.dir/aes/aes_impl.c.su
48,static,/home/home/pqc/liboqs/src/common/aes/aes_impl.c:85:13:AES256_CTR_inc_init,build-c-rx-kem-s-resource-audit-v1/src/common/CMakeFiles/internal.dir/aes/aes_impl.c.su
48,static,/home/home/pqc/liboqs/src/common/aes/aes_impl.c:49:13:AES128_CTR_inc_init,build-c-rx-kem-s-resource-audit-v1/src/common/CMakeFiles/internal.dir/aes/aes_impl.c.su
48,static,/home/home/pqc/liboqs/src/common/aes/aes_c.c:280:13:br_aes_ct64_ortho,build-c-rx-kem-s-resource-audit-v1/src/common/CMakeFiles/internal.dir/aes/aes_c.c.su
48,static,/home/home/pqc/liboqs/src/common/sha3/xkcp_low/KeccakP-1600/plain-64bits/KeccakP-1600-opt64.c:97:6:KeccakP1600_AddBytesInLane,build-c-rx-kem-s-resource-audit-v1/src/common/sha3/xkcp_low/CMakeFiles/xkcp_low_keccakp_1600_plain64.dir/KeccakP-1600/plain-64bits/KeccakP-1600-opt64.c.su
48,static,/home/home/pqc/liboqs/src/kem/ml_kem/kem_ml_kem_768.c:76:20:OQS_KEM_ml_kem_768_keypair_derand,build-c-rx-kem-s-resource-audit-v1/src/kem/ml_kem/CMakeFiles/ml_kem_768_ref.dir/kem_ml_kem_768.c.su
48,static,/home/home/pqc/liboqs/src/kem/ml_kem/kem_ml_kem_768.c:132:20:OQS_KEM_ml_kem_768_encaps_derand,build-c-rx-kem-s-resource-audit-v1/src/kem/ml_kem/CMakeFiles/ml_kem_768_ref.dir/kem_ml_kem_768.c.su
48,static,/home/home/pqc/liboqs/src/kem/ml_kem/kem_ml_kem_768.c:160:20:OQS_KEM_ml_kem_768_encaps,build-c-rx-kem-s-resource-audit-v1/src/kem/ml_kem/CMakeFiles/ml_kem_768_ref.dir/kem_ml_kem_768.c.su
48,static,/home/home/pqc/liboqs/src/kem/ml_kem/kem_ml_kem_768.c:190:20:OQS_KEM_ml_kem_768_decaps,build-c-rx-kem-s-resource-audit-v1/src/kem/ml_kem/CMakeFiles/ml_kem_768_ref.dir/kem_ml_kem_768.c.su
48,static,/home/home/pqc/liboqs/src/kem/ml_kem/mlkem-native_ml-kem-768_x86_64/mlkem/src/poly_k.c:47:6:PQCP_MLKEM_NATIVE_MLKEM768_X86_64_polyvec_compress_du,build-c-rx-kem-s-resource-audit-v1/src/kem/ml_kem/CMakeFiles/ml_kem_768_x86_64.dir/mlkem-native_ml-kem-768_x86_64/mlkem/src/poly_k.c.su
48,static,/home/home/pqc/liboqs/src/kem/ml_kem/mlkem-native_ml-kem-768_x86_64/mlkem/src/poly_k.c:61:6:PQCP_MLKEM_NATIVE_MLKEM768_X86_64_polyvec_decompress_du,build-c-rx-kem-s-resource-audit-v1/src/kem/ml_kem/CMakeFiles/ml_kem_768_x86_64.dir/mlkem-native_ml-kem-768_x86_64/mlkem/src/poly_k.c.su
48,static,/home/home/pqc/liboqs/src/kem/ml_kem/mlkem-native_ml-kem-768_x86_64/mlkem/src/poly_k.c:79:6:PQCP_MLKEM_NATIVE_MLKEM768_X86_64_polyvec_tobytes,build-c-rx-kem-s-resource-audit-v1/src/kem/ml_kem/CMakeFiles/ml_kem_768_x86_64.dir/mlkem-native_ml-kem-768_x86_64/mlkem/src/poly_k.c.su
48,static,/home/home/pqc/liboqs/src/kem/ml_kem/mlkem-native_ml-kem-768_x86_64/mlkem/src/poly_k.c:96:6:PQCP_MLKEM_NATIVE_MLKEM768_X86_64_polyvec_frombytes,build-c-rx-kem-s-resource-audit-v1/src/kem/ml_kem/CMakeFiles/ml_kem_768_x86_64.dir/mlkem-native_ml-kem-768_x86_64/mlkem/src/poly_k.c.su
48,static,/home/home/pqc/liboqs/src/kem/ml_kem/mlkem-native_ml-kem-768_x86_64/mlkem/src/poly_k.c:224:6:PQCP_MLKEM_NATIVE_MLKEM768_X86_64_polyvec_mulcache_compute,build-c-rx-kem-s-resource-audit-v1/src/kem/ml_kem/CMakeFiles/ml_kem_768_x86_64.dir/mlkem-native_ml-kem-768_x86_64/mlkem/src/poly_k.c.su
48,static,/home/home/pqc/liboqs/src/kem/ml_kem/mlkem-native_ml-kem-768_x86_64/mlkem/src/poly_k.c:256:6:PQCP_MLKEM_NATIVE_MLKEM768_X86_64_polyvec_add,build-c-rx-kem-s-resource-audit-v1/src/kem/ml_kem/CMakeFiles/ml_kem_768_x86_64.dir/mlkem-native_ml-kem-768_x86_64/mlkem/src/poly_k.c.su
48,static,/home/home/pqc/liboqs/src/kem/ml_kem/mlkem-native_ml-kem-768_x86_64/mlkem/src/sampling.c:112:17:mlk_rej_uniform.constprop,build-c-rx-kem-s-resource-audit-v1/src/kem/ml_kem/CMakeFiles/ml_kem_768_x86_64.dir/mlkem-native_ml-kem-768_x86_64/mlkem/src/sampling.c.su
48,static,/home/home/pqc/liboqs/src/kem/ml_kem/mlkem-native_ml-kem-768_ref/mlkem/src/poly_k.c:47:6:PQCP_MLKEM_NATIVE_MLKEM768_C_polyvec_compress_du,build-c-rx-kem-s-resource-audit-v1/src/kem/ml_kem/CMakeFiles/ml_kem_768_ref.dir/mlkem-native_ml-kem-768_ref/mlkem/src/poly_k.c.su
48,static,/home/home/pqc/liboqs/src/kem/ml_kem/mlkem-native_ml-kem-768_ref/mlkem/src/poly_k.c:61:6:PQCP_MLKEM_NATIVE_MLKEM768_C_polyvec_decompress_du,build-c-rx-kem-s-resource-audit-v1/src/kem/ml_kem/CMakeFiles/ml_kem_768_ref.dir/mlkem-native_ml-kem-768_ref/mlkem/src/poly_k.c.su
48,static,/home/home/pqc/liboqs/src/kem/ml_kem/mlkem-native_ml-kem-768_ref/mlkem/src/poly_k.c:79:6:PQCP_MLKEM_NATIVE_MLKEM768_C_polyvec_tobytes,build-c-rx-kem-s-resource-audit-v1/src/kem/ml_kem/CMakeFiles/ml_kem_768_ref.dir/mlkem-native_ml-kem-768_ref/mlkem/src/poly_k.c.su
48,static,/home/home/pqc/liboqs/src/kem/ml_kem/mlkem-native_ml-kem-768_ref/mlkem/src/poly_k.c:96:6:PQCP_MLKEM_NATIVE_MLKEM768_C_polyvec_frombytes,build-c-rx-kem-s-resource-audit-v1/src/kem/ml_kem/CMakeFiles/ml_kem_768_ref.dir/mlkem-native_ml-kem-768_ref/mlkem/src/poly_k.c.su
48,static,/home/home/pqc/liboqs/src/kem/ml_kem/mlkem-native_ml-kem-768_ref/mlkem/src/poly_k.c:224:6:PQCP_MLKEM_NATIVE_MLKEM768_C_polyvec_mulcache_compute,build-c-rx-kem-s-resource-audit-v1/src/kem/ml_kem/CMakeFiles/ml_kem_768_ref.dir/mlkem-native_ml-kem-768_ref/mlkem/src/poly_k.c.su
48,static,/home/home/pqc/liboqs/src/kem/ml_kem/mlkem-native_ml-kem-768_ref/mlkem/src/poly_k.c:256:6:PQCP_MLKEM_NATIVE_MLKEM768_C_polyvec_add,build-c-rx-kem-s-resource-audit-v1/src/kem/ml_kem/CMakeFiles/ml_kem_768_ref.dir/mlkem-native_ml-kem-768_ref/mlkem/src/poly_k.c.su
48,static,/home/home/pqc/liboqs/src/kem/ml_kem/mlkem-native_ml-kem-768_ref/mlkem/src/kem.c:210:5:PQCP_MLKEM_NATIVE_MLKEM768_C_keypair_derand,build-c-rx-kem-s-resource-audit-v1/src/kem/ml_kem/CMakeFiles/ml_kem_768_ref.dir/mlkem-native_ml-kem-768_ref/mlkem/src/kem.c.su
48,static,/home/home/pqc/liboqs/tests/test_helpers.c:24:13:hqc_prng_seed,build-c-rx-kem-s-resource-audit-v1/tests/CMakeFiles/test_kem.dir/test_helpers.c.su
48,static,/home/home/pqc/liboqs/tests/test_helpers.c:147:6:OQS_fprintBstr,build-c-rx-kem-s-resource-audit-v1/tests/CMakeFiles/test_kem.dir/test_helpers.c.su
48,static,/home/home/pqc/liboqs/tests/example_kem.c:167:6:cleanup_stack,build-c-rx-kem-s-resource-audit-v1/tests/CMakeFiles/example_kem.dir/example_kem.c.su
48,static,/home/home/pqc/liboqs/tests/test_helpers.c:24:13:hqc_prng_seed,build-c-rx-kem-s-resource-audit-v1/tests/CMakeFiles/test_kem_mem.dir/test_helpers.c.su
48,static,/home/home/pqc/liboqs/tests/test_helpers.c:147:6:OQS_fprintBstr,build-c-rx-kem-s-resource-audit-v1/tests/CMakeFiles/test_kem_mem.dir/test_helpers.c.su
48,static,/home/home/pqc/liboqs/tests/test_sig_stfl.c:1060:7:test_query_key,build-c-rx-kem-s-resource-audit-v1/tests/CMakeFiles/test_sig_stfl.dir/test_sig_stfl.c.su
48,static,/home/home/pqc/liboqs/tests/test_helpers.c:24:13:hqc_prng_seed,build-c-rx-kem-s-resource-audit-v1/tests/CMakeFiles/test_sig_stfl.dir/test_helpers.c.su
48,static,/home/home/pqc/liboqs/tests/test_helpers.c:147:6:OQS_fprintBstr,build-c-rx-kem-s-resource-audit-v1/tests/CMakeFiles/test_sig_stfl.dir/test_helpers.c.su
48,static,/home/home/pqc/liboqs/tests/test_helpers.c:24:13:hqc_prng_seed,build-c-rx-kem-s-resource-audit-v1/tests/CMakeFiles/test_sig.dir/test_helpers.c.su
48,static,/home/home/pqc/liboqs/tests/test_helpers.c:147:6:OQS_fprintBstr,build-c-rx-kem-s-resource-audit-v1/tests/CMakeFiles/test_sig.dir/test_helpers.c.su
48,static,/home/home/pqc/liboqs/tests/test_helpers.c:24:13:hqc_prng_seed,build-c-rx-kem-s-resource-audit-v1/tests/CMakeFiles/kat_kem.dir/test_helpers.c.su
48,static,/home/home/pqc/liboqs/tests/test_helpers.c:147:6:OQS_fprintBstr,build-c-rx-kem-s-resource-audit-v1/tests/CMakeFiles/kat_kem.dir/test_helpers.c.su
48,static,/home/home/pqc/liboqs/tests/vectors_sig.c:198:20:is_ml_dsa,build-c-rx-kem-s-resource-audit-v1/tests/CMakeFiles/vectors_sig.dir/vectors_sig.c.su
48,static,/home/home/pqc/liboqs/tests/vectors_sig.c:159:13:fprintBstr,build-c-rx-kem-s-resource-audit-v1/tests/CMakeFiles/vectors_sig.dir/vectors_sig.c.su
48,static,/home/home/pqc/liboqs/tests/vectors_sig.c:184:13:hexStringToByteArray,build-c-rx-kem-s-resource-audit-v1/tests/CMakeFiles/vectors_sig.dir/vectors_sig.c.su
48,static,/home/home/pqc/liboqs/tests/test_helpers.c:24:13:hqc_prng_seed,build-c-rx-kem-s-resource-audit-v1/tests/CMakeFiles/kat_sig.dir/test_helpers.c.su
48,static,/home/home/pqc/liboqs/tests/test_helpers.c:147:6:OQS_fprintBstr,build-c-rx-kem-s-resource-audit-v1/tests/CMakeFiles/kat_sig.dir/test_helpers.c.su
48,static,/home/home/pqc/liboqs/tests/dump_alg_info.c:16:5:main,build-c-rx-kem-s-resource-audit-v1/tests/CMakeFiles/dump_alg_info.dir/dump_alg_info.c.su
48,static,/home/home/pqc/liboqs/tests/kat_sig_stfl.c:143:6:fprint_l_str,build-c-rx-kem-s-resource-audit-v1/tests/CMakeFiles/kat_sig_stfl.dir/kat_sig_stfl.c.su
48,static,/home/home/pqc/liboqs/tests/test_helpers.c:24:13:hqc_prng_seed,build-c-rx-kem-s-resource-audit-v1/tests/CMakeFiles/kat_sig_stfl.dir/test_helpers.c.su
48,static,/home/home/pqc/liboqs/tests/test_helpers.c:147:6:OQS_fprintBstr,build-c-rx-kem-s-resource-audit-v1/tests/CMakeFiles/kat_sig_stfl.dir/test_helpers.c.su
48,static,/home/home/pqc/liboqs/tests/vectors_kem.c:30:20:is_ml_kem,build-c-rx-kem-s-resource-audit-v1/tests/CMakeFiles/vectors_kem.dir/vectors_kem.c.su
48,static,/home/home/pqc/liboqs/tests/vectors_kem.c:36:13:fprintBstr,build-c-rx-kem-s-resource-audit-v1/tests/CMakeFiles/vectors_kem.dir/vectors_kem.c.su
48,static,/home/home/pqc/liboqs/tests/vectors_kem.c:61:13:hexStringToByteArray,build-c-rx-kem-s-resource-audit-v1/tests/CMakeFiles/vectors_kem.dir/vectors_kem.c.su
48,static,/home/home/pqc/liboqs/tests/test_hash.c:19:12:read_stdin,build-c-rx-kem-s-resource-audit-v1/tests/CMakeFiles/test_hash.dir/test_hash.c.su
40,static,/home/home/pqc/liboqs/src/common/sha3/xkcp_low/KeccakP-1600times4/avx2/KeccakP-1600-times4-SIMD256.c:201:6:KeccakP1600times4_OverwriteBytes_avx2,build-c-rx-kem-s-resource-audit-v1/src/common/sha3/xkcp_low/CMakeFiles/xkcp_low_keccakp_1600times4_avx2.dir/KeccakP-1600times4/avx2/KeccakP-1600-times4-SIMD256.c.su
40,static,/home/home/pqc/liboqs/src/common/sha3/xkcp_low/KeccakP-1600times4/avx2/KeccakP-1600-times4-SIMD256.c:376:6:KeccakP1600times4_ExtractAndAddBytes_avx2,build-c-rx-kem-s-resource-audit-v1/src/common/sha3/xkcp_low/CMakeFiles/xkcp_low_keccakp_1600times4_avx2.dir/KeccakP-1600times4/avx2/KeccakP-1600-times4-SIMD256.c.su
32,static,/home/home/pqc/liboqs/src/kem/kem.c:72:13:OQS_KEM_alg_is_enabled,build-c-rx-kem-s-resource-audit-v1/src/CMakeFiles/oqs.dir/kem/kem.c.su
32,static,/home/home/pqc/liboqs/src/kem/kem.c:348:18:OQS_KEM_new,build-c-rx-kem-s-resource-audit-v1/src/CMakeFiles/oqs.dir/kem/kem.c.su
32,static,/home/home/pqc/liboqs/src/sig_stfl/sig_stfl.c:1525:14:OQS_SIG_STFL_SECRET_KEY_free,build-c-rx-kem-s-resource-audit-v1/src/CMakeFiles/oqs.dir/sig_stfl/sig_stfl.c.su
32,static,/home/home/pqc/liboqs/src/sig/sig.c:3070:20:OQS_SIG_sign,build-c-rx-kem-s-resource-audit-v1/src/CMakeFiles/oqs.dir/sig/sig.c.su
32,static,/home/home/pqc/liboqs/src/sig/sig.c:3086:20:OQS_SIG_verify,build-c-rx-kem-s-resource-audit-v1/src/CMakeFiles/oqs.dir/sig/sig.c.su
32,static,/home/home/pqc/liboqs/src/sig/sig.c:3102:14:OQS_SIG_supports_ctx_str,build-c-rx-kem-s-resource-audit-v1/src/CMakeFiles/oqs.dir/sig/sig.c.su
32,static,/home/home/pqc/liboqs/src/common/common.c:219:13:OQS_CPU_has_extension,build-c-rx-kem-s-resource-audit-v1/src/common/CMakeFiles/internal.dir/common.c.su
32,static,/home/home/pqc/liboqs/src/common/common.c:294:14:OQS_MEM_secure_free,build-c-rx-kem-s-resource-audit-v1/src/common/CMakeFiles/internal.dir/common.c.su
32,static,/home/home/pqc/liboqs/src/common/common.c:414:6:OQS_MEM_aligned_secure_free,build-c-rx-kem-s-resource-audit-v1/src/common/CMakeFiles/internal.dir/common.c.su
32,static,/home/home/pqc/liboqs/src/common/common.c:219:13:OQS_CPU_has_extension,build-c-rx-kem-s-resource-audit-v1/src/common/CMakeFiles/common.dir/common.c.su
32,static,/home/home/pqc/liboqs/src/common/common.c:294:14:OQS_MEM_secure_free,build-c-rx-kem-s-resource-audit-v1/src/common/CMakeFiles/common.dir/common.c.su
32,static,/home/home/pqc/liboqs/src/common/common.c:414:6:OQS_MEM_aligned_secure_free,build-c-rx-kem-s-resource-audit-v1/src/common/CMakeFiles/common.dir/common.c.su
32,static,/home/home/pqc/liboqs/src/common/rand/rand.c:95:6:OQS_randombytes_system,build-c-rx-kem-s-resource-audit-v1/src/common/CMakeFiles/common.dir/rand/rand.c.su
32,"dynamic,bounded",/home/home/pqc/liboqs/src/common/sha3/xkcp_sha3x4.c:183:13:SHA3_shake128_x4_inc_absorb,build-c-rx-kem-s-resource-audit-v1/src/common/CMakeFiles/common.dir/sha3/xkcp_sha3x4.c.su
32,"dynamic,bounded",/home/home/pqc/liboqs/src/common/sha3/xkcp_sha3x4.c:191:13:SHA3_shake128_x4_inc_squeeze,build-c-rx-kem-s-resource-audit-v1/src/common/CMakeFiles/common.dir/sha3/xkcp_sha3x4.c.su
32,"dynamic,bounded",/home/home/pqc/liboqs/src/common/sha3/xkcp_sha3x4.c:226:13:SHA3_shake256_x4_inc_absorb,build-c-rx-kem-s-resource-audit-v1/src/common/CMakeFiles/common.dir/sha3/xkcp_sha3x4.c.su
32,"dynamic,bounded",/home/home/pqc/liboqs/src/common/sha3/xkcp_sha3x4.c:234:13:SHA3_shake256_x4_inc_squeeze,build-c-rx-kem-s-resource-audit-v1/src/common/CMakeFiles/common.dir/sha3/xkcp_sha3x4.c.su
32,static,/home/home/pqc/liboqs/src/common/sha3/xkcp_sha3x4.c:178:13:SHA3_shake128_x4_inc_init,build-c-rx-kem-s-resource-audit-v1/src/common/CMakeFiles/common.dir/sha3/xkcp_sha3x4.c.su
32,static,/home/home/pqc/liboqs/src/common/sha3/xkcp_sha3x4.c:126:13:keccak_x4_inc_finalize.constprop,build-c-rx-kem-s-resource-audit-v1/src/common/CMakeFiles/common.dir/sha3/xkcp_sha3x4.c.su
32,static,/home/home/pqc/liboqs/src/common/sha3/xkcp_sha3x4.c:246:13:SHA3_shake256_x4_inc_ctx_reset,build-c-rx-kem-s-resource-audit-v1/src/common/CMakeFiles/common.dir/sha3/xkcp_sha3x4.c.su
32,static,/home/home/pqc/liboqs/src/common/sha3/xkcp_sha3x4.c:203:13:SHA3_shake128_x4_inc_ctx_reset,build-c-rx-kem-s-resource-audit-v1/src/common/CMakeFiles/common.dir/sha3/xkcp_sha3x4.c.su
32,static,/home/home/pqc/liboqs/src/common/sha3/xkcp_sha3x4.c:220:13:SHA3_shake256_x4_inc_init,build-c-rx-kem-s-resource-audit-v1/src/common/CMakeFiles/common.dir/sha3/xkcp_sha3x4.c.su
32,static,/home/home/pqc/liboqs/src/common/sha3/avx512vl_sha3x4.c:111:1:SHA3_shake256_x4_inc_ctx_release_avx512vl,build-c-rx-kem-s-resource-audit-v1/src/common/CMakeFiles/common.dir/sha3/avx512vl_sha3x4.c.su
32,static,/home/home/pqc/liboqs/src/common/sha3/avx512vl_sha3x4.c:66:1:SHA3_shake128_x4_inc_ctx_release_avx512vl,build-c-rx-kem-s-resource-audit-v1/src/common/CMakeFiles/common.dir/sha3/avx512vl_sha3x4.c.su
32,static,/home/home/pqc/liboqs/src/common/sha3/avx512vl_sha3x4.c:98:1:SHA3_shake256_x4_inc_init_avx512vl,build-c-rx-kem-s-resource-audit-v1/src/common/CMakeFiles/common.dir/sha3/avx512vl_sha3x4.c.su
32,static,/home/home/pqc/liboqs/src/common/sha3/avx512vl_sha3x4.c:53:1:SHA3_shake128_x4_inc_init_avx512vl,build-c-rx-kem-s-resource-audit-v1/src/common/CMakeFiles/common.dir/sha3/avx512vl_sha3x4.c.su
32,static,/home/home/pqc/liboqs/src/common/sha3/avx512vl_sha3.c:193:1:SHA3_shake256_inc_ctx_release_avx512vl,build-c-rx-kem-s-resource-audit-v1/src/common/CMakeFiles/common.dir/sha3/avx512vl_sha3.c.su
32,static,/home/home/pqc/liboqs/src/common/sha3/avx512vl_sha3.c:178:1:SHA3_shake128_inc_ctx_release_avx512vl,build-c-rx-kem-s-resource-audit-v1/src/common/CMakeFiles/common.dir/sha3/avx512vl_sha3.c.su
32,static,/home/home/pqc/liboqs/src/common/sha3/avx512vl_sha3.c:151:1:SHA3_sha3_512_inc_ctx_release_avx512vl,build-c-rx-kem-s-resource-audit-v1/src/common/CMakeFiles/common.dir/sha3/avx512vl_sha3.c.su
32,static,/home/home/pqc/liboqs/src/common/sha3/avx512vl_sha3.c:130:1:SHA3_sha3_384_inc_ctx_release_avx512vl,build-c-rx-kem-s-resource-audit-v1/src/common/CMakeFiles/common.dir/sha3/avx512vl_sha3.c.su
32,static,/home/home/pqc/liboqs/src/common/sha3/avx512vl_sha3.c:109:1:SHA3_sha3_256_inc_ctx_release_avx512vl,build-c-rx-kem-s-resource-audit-v1/src/common/CMakeFiles/common.dir/sha3/avx512vl_sha3.c.su
32,static,/home/home/pqc/liboqs/src/common/sha3/avx512vl_sha3.c:186:13:SHA3_shake256_inc_init_avx512vl,build-c-rx-kem-s-resource-audit-v1/src/common/CMakeFiles/common.dir/sha3/avx512vl_sha3.c.su
32,static,/home/home/pqc/liboqs/src/common/sha3/avx512vl_sha3.c:165:13:SHA3_shake128_inc_init_avx512vl,build-c-rx-kem-s-resource-audit-v1/src/common/CMakeFiles/common.dir/sha3/avx512vl_sha3.c.su
32,static,/home/home/pqc/liboqs/src/common/sha3/avx512vl_sha3.c:144:13:SHA3_sha3_512_inc_init_avx512vl,build-c-rx-kem-s-resource-audit-v1/src/common/CMakeFiles/common.dir/sha3/avx512vl_sha3.c.su
32,static,/home/home/pqc/liboqs/src/common/sha3/avx512vl_sha3.c:123:13:SHA3_sha3_384_inc_init_avx512vl,build-c-rx-kem-s-resource-audit-v1/src/common/CMakeFiles/common.dir/sha3/avx512vl_sha3.c.su
32,static,/home/home/pqc/liboqs/src/common/sha3/avx512vl_sha3.c:102:13:SHA3_sha3_256_inc_init_avx512vl,build-c-rx-kem-s-resource-audit-v1/src/common/CMakeFiles/common.dir/sha3/avx512vl_sha3.c.su
32,static,/home/home/pqc/liboqs/src/common/sha3/xkcp_sha3.c:210:13:SHA3_sha3_256_inc_init,build-c-rx-kem-s-resource-audit-v1/src/common/CMakeFiles/common.dir/sha3/xkcp_sha3.c.su
32,static,/home/home/pqc/liboqs/src/common/sha3/xkcp_sha3.c:334:13:SHA3_shake128_inc_finalize,build-c-rx-kem-s-resource-audit-v1/src/common/CMakeFiles/common.dir/sha3/xkcp_sha3.c.su
32,static,/home/home/pqc/liboqs/src/common/sha3/xkcp_sha3.c:377:13:SHA3_shake256_inc_finalize,build-c-rx-kem-s-resource-audit-v1/src/common/CMakeFiles/common.dir/sha3/xkcp_sha3.c.su
32,static,/home/home/pqc/liboqs/src/common/sha3/xkcp_sha3.c:393:13:SHA3_shake256_inc_ctx_reset,build-c-rx-kem-s-resource-audit-v1/src/common/CMakeFiles/common.dir/sha3/xkcp_sha3.c.su
32,static,/home/home/pqc/liboqs/src/common/sha3/xkcp_sha3.c:350:13:SHA3_shake128_inc_ctx_reset,build-c-rx-kem-s-resource-audit-v1/src/common/CMakeFiles/common.dir/sha3/xkcp_sha3.c.su
32,static,/home/home/pqc/liboqs/src/common/sha3/xkcp_sha3.c:307:13:SHA3_sha3_512_inc_ctx_reset,build-c-rx-kem-s-resource-audit-v1/src/common/CMakeFiles/common.dir/sha3/xkcp_sha3.c.su
32,static,/home/home/pqc/liboqs/src/common/sha3/xkcp_sha3.c:270:13:SHA3_sha3_384_inc_ctx_reset,build-c-rx-kem-s-resource-audit-v1/src/common/CMakeFiles/common.dir/sha3/xkcp_sha3.c.su
32,static,/home/home/pqc/liboqs/src/common/sha3/xkcp_sha3.c:234:13:SHA3_sha3_256_inc_ctx_reset,build-c-rx-kem-s-resource-audit-v1/src/common/CMakeFiles/common.dir/sha3/xkcp_sha3.c.su
32,static,/home/home/pqc/liboqs/src/common/sha3/xkcp_sha3.c:367:13:SHA3_shake256_inc_init,build-c-rx-kem-s-resource-audit-v1/src/common/CMakeFiles/common.dir/sha3/xkcp_sha3.c.su
32,static,/home/home/pqc/liboqs/src/common/sha3/xkcp_sha3.c:324:13:SHA3_shake128_inc_init,build-c-rx-kem-s-resource-audit-v1/src/common/CMakeFiles/common.dir/sha3/xkcp_sha3.c.su
32,static,/home/home/pqc/liboqs/src/common/sha3/xkcp_sha3.c:284:13:SHA3_sha3_512_inc_init,build-c-rx-kem-s-resource-audit-v1/src/common/CMakeFiles/common.dir/sha3/xkcp_sha3.c.su
32,static,/home/home/pqc/liboqs/src/common/sha3/xkcp_sha3.c:248:13:SHA3_sha3_384_inc_init,build-c-rx-kem-s-resource-audit-v1/src/common/CMakeFiles/common.dir/sha3/xkcp_sha3.c.su
32,static,/home/home/pqc/liboqs/src/common/sha2/sha2_c.c:504:6:oqs_sha2_sha224_inc_init_c,build-c-rx-kem-s-resource-audit-v1/src/common/CMakeFiles/common.dir/sha2/sha2_c.c.su
32,static,/home/home/pqc/liboqs/src/common/sha2/sha2_c.c:517:6:oqs_sha2_sha256_inc_init_c,build-c-rx-kem-s-resource-audit-v1/src/common/CMakeFiles/common.dir/sha2/sha2_c.c.su
32,static,/home/home/pqc/liboqs/src/common/sha2/sha2_c.c:531:6:oqs_sha2_sha384_inc_init_c,build-c-rx-kem-s-resource-audit-v1/src/common/CMakeFiles/common.dir/sha2/sha2_c.c.su
32,static,/home/home/pqc/liboqs/src/common/sha2/sha2_c.c:544:6:oqs_sha2_sha512_inc_init_c,build-c-rx-kem-s-resource-audit-v1/src/common/CMakeFiles/common.dir/sha2/sha2_c.c.su
32,static,/home/home/pqc/liboqs/src/common/sha2/sha2_c.c:557:6:oqs_sha2_sha224_inc_ctx_clone_c,build-c-rx-kem-s-resource-audit-v1/src/common/CMakeFiles/common.dir/sha2/sha2_c.c.su
32,static,/home/home/pqc/liboqs/src/common/sha2/sha2_c.c:565:6:oqs_sha2_sha256_inc_ctx_clone_c,build-c-rx-kem-s-resource-audit-v1/src/common/CMakeFiles/common.dir/sha2/sha2_c.c.su
32,static,/home/home/pqc/liboqs/src/common/sha2/sha2_c.c:573:6:oqs_sha2_sha384_inc_ctx_clone_c,build-c-rx-kem-s-resource-audit-v1/src/common/CMakeFiles/common.dir/sha2/sha2_c.c.su
32,static,/home/home/pqc/liboqs/src/common/sha2/sha2_c.c:581:6:oqs_sha2_sha512_inc_ctx_clone_c,build-c-rx-kem-s-resource-audit-v1/src/common/CMakeFiles/common.dir/sha2/sha2_c.c.su
32,static,/home/home/pqc/liboqs/src/common/aes/aes128_ni.c:51:6:oqs_aes128_load_schedule_ni,build-c-rx-kem-s-resource-audit-v1/src/common/CMakeFiles/common.dir/aes/aes128_ni.c.su
32,static,/home/home/pqc/liboqs/src/common/aes/aes256_ni.c:78:6:oqs_aes256_load_schedule_ni,build-c-rx-kem-s-resource-audit-v1/src/common/CMakeFiles/common.dir/aes/aes256_ni.c.su
32,static,/home/home/pqc/liboqs/src/common/aes/aes_impl.c:105:13:AES256_free_schedule,build-c-rx-kem-s-resource-audit-v1/src/common/CMakeFiles/common.dir/aes/aes_impl.c.su
32,static,/home/home/pqc/liboqs/src/common/aes/aes_impl.c:69:13:AES128_free_schedule,build-c-rx-kem-s-resource-audit-v1/src/common/CMakeFiles/common.dir/aes/aes_impl.c.su
32,static,/home/home/pqc/liboqs/src/common/aes/aes_c.c:547:13:aes_ctr4x,build-c-rx-kem-s-resource-audit-v1/src/common/CMakeFiles/common.dir/aes/aes_c.c.su
32,static,/home/home/pqc/liboqs/src/common/aes/aes_c.c:721:6:oqs_aes256_load_schedule_no_bitslice,build-c-rx-kem-s-resource-audit-v1/src/common/CMakeFiles/common.dir/aes/aes_c.c.su
32,static,/home/home/pqc/liboqs/src/common/aes/aes_c.c:754:6:oqs_aes128_load_schedule_no_bitslice,build-c-rx-kem-s-resource-audit-v1/src/common/CMakeFiles/common.dir/aes/aes_c.c.su
32,"dynamic,bounded",/home/home/pqc/liboqs/src/common/sha3/xkcp_sha3x4.c:183:13:SHA3_shake128_x4_inc_absorb,build-c-rx-kem-s-resource-audit-v1/src/common/CMakeFiles/internal.dir/sha3/xkcp_sha3x4.c.su
32,"dynamic,bounded",/home/home/pqc/liboqs/src/common/sha3/xkcp_sha3x4.c:191:13:SHA3_shake128_x4_inc_squeeze,build-c-rx-kem-s-resource-audit-v1/src/common/CMakeFiles/internal.dir/sha3/xkcp_sha3x4.c.su
32,"dynamic,bounded",/home/home/pqc/liboqs/src/common/sha3/xkcp_sha3x4.c:226:13:SHA3_shake256_x4_inc_absorb,build-c-rx-kem-s-resource-audit-v1/src/common/CMakeFiles/internal.dir/sha3/xkcp_sha3x4.c.su
32,"dynamic,bounded",/home/home/pqc/liboqs/src/common/sha3/xkcp_sha3x4.c:234:13:SHA3_shake256_x4_inc_squeeze,build-c-rx-kem-s-resource-audit-v1/src/common/CMakeFiles/internal.dir/sha3/xkcp_sha3x4.c.su
32,static,/home/home/pqc/liboqs/src/common/sha3/xkcp_sha3x4.c:178:13:SHA3_shake128_x4_inc_init,build-c-rx-kem-s-resource-audit-v1/src/common/CMakeFiles/internal.dir/sha3/xkcp_sha3x4.c.su
32,static,/home/home/pqc/liboqs/src/common/sha3/xkcp_sha3x4.c:126:13:keccak_x4_inc_finalize.constprop,build-c-rx-kem-s-resource-audit-v1/src/common/CMakeFiles/internal.dir/sha3/xkcp_sha3x4.c.su
32,static,/home/home/pqc/liboqs/src/common/sha3/xkcp_sha3x4.c:246:13:SHA3_shake256_x4_inc_ctx_reset,build-c-rx-kem-s-resource-audit-v1/src/common/CMakeFiles/internal.dir/sha3/xkcp_sha3x4.c.su
32,static,/home/home/pqc/liboqs/src/common/sha3/xkcp_sha3x4.c:203:13:SHA3_shake128_x4_inc_ctx_reset,build-c-rx-kem-s-resource-audit-v1/src/common/CMakeFiles/internal.dir/sha3/xkcp_sha3x4.c.su
32,static,/home/home/pqc/liboqs/src/common/sha3/xkcp_sha3x4.c:220:13:SHA3_shake256_x4_inc_init,build-c-rx-kem-s-resource-audit-v1/src/common/CMakeFiles/internal.dir/sha3/xkcp_sha3x4.c.su
32,static,/home/home/pqc/liboqs/src/common/sha3/avx512vl_sha3x4.c:111:1:SHA3_shake256_x4_inc_ctx_release_avx512vl,build-c-rx-kem-s-resource-audit-v1/src/common/CMakeFiles/internal.dir/sha3/avx512vl_sha3x4.c.su
32,static,/home/home/pqc/liboqs/src/common/sha3/avx512vl_sha3x4.c:66:1:SHA3_shake128_x4_inc_ctx_release_avx512vl,build-c-rx-kem-s-resource-audit-v1/src/common/CMakeFiles/internal.dir/sha3/avx512vl_sha3x4.c.su
32,static,/home/home/pqc/liboqs/src/common/sha3/avx512vl_sha3x4.c:98:1:SHA3_shake256_x4_inc_init_avx512vl,build-c-rx-kem-s-resource-audit-v1/src/common/CMakeFiles/internal.dir/sha3/avx512vl_sha3x4.c.su
32,static,/home/home/pqc/liboqs/src/common/sha3/avx512vl_sha3x4.c:53:1:SHA3_shake128_x4_inc_init_avx512vl,build-c-rx-kem-s-resource-audit-v1/src/common/CMakeFiles/internal.dir/sha3/avx512vl_sha3x4.c.su
32,static,/home/home/pqc/liboqs/src/common/sha3/avx512vl_sha3.c:193:1:SHA3_shake256_inc_ctx_release_avx512vl,build-c-rx-kem-s-resource-audit-v1/src/common/CMakeFiles/internal.dir/sha3/avx512vl_sha3.c.su
32,static,/home/home/pqc/liboqs/src/common/sha3/avx512vl_sha3.c:178:1:SHA3_shake128_inc_ctx_release_avx512vl,build-c-rx-kem-s-resource-audit-v1/src/common/CMakeFiles/internal.dir/sha3/avx512vl_sha3.c.su
32,static,/home/home/pqc/liboqs/src/common/sha3/avx512vl_sha3.c:151:1:SHA3_sha3_512_inc_ctx_release_avx512vl,build-c-rx-kem-s-resource-audit-v1/src/common/CMakeFiles/internal.dir/sha3/avx512vl_sha3.c.su
32,static,/home/home/pqc/liboqs/src/common/sha3/avx512vl_sha3.c:130:1:SHA3_sha3_384_inc_ctx_release_avx512vl,build-c-rx-kem-s-resource-audit-v1/src/common/CMakeFiles/internal.dir/sha3/avx512vl_sha3.c.su
32,static,/home/home/pqc/liboqs/src/common/sha3/avx512vl_sha3.c:109:1:SHA3_sha3_256_inc_ctx_release_avx512vl,build-c-rx-kem-s-resource-audit-v1/src/common/CMakeFiles/internal.dir/sha3/avx512vl_sha3.c.su
32,static,/home/home/pqc/liboqs/src/common/sha3/avx512vl_sha3.c:186:13:SHA3_shake256_inc_init_avx512vl,build-c-rx-kem-s-resource-audit-v1/src/common/CMakeFiles/internal.dir/sha3/avx512vl_sha3.c.su
32,static,/home/home/pqc/liboqs/src/common/sha3/avx512vl_sha3.c:165:13:SHA3_shake128_inc_init_avx512vl,build-c-rx-kem-s-resource-audit-v1/src/common/CMakeFiles/internal.dir/sha3/avx512vl_sha3.c.su
32,static,/home/home/pqc/liboqs/src/common/sha3/avx512vl_sha3.c:144:13:SHA3_sha3_512_inc_init_avx512vl,build-c-rx-kem-s-resource-audit-v1/src/common/CMakeFiles/internal.dir/sha3/avx512vl_sha3.c.su
32,static,/home/home/pqc/liboqs/src/common/sha3/avx512vl_sha3.c:123:13:SHA3_sha3_384_inc_init_avx512vl,build-c-rx-kem-s-resource-audit-v1/src/common/CMakeFiles/internal.dir/sha3/avx512vl_sha3.c.su
32,static,/home/home/pqc/liboqs/src/common/sha3/avx512vl_sha3.c:102:13:SHA3_sha3_256_inc_init_avx512vl,build-c-rx-kem-s-resource-audit-v1/src/common/CMakeFiles/internal.dir/sha3/avx512vl_sha3.c.su
32,static,/home/home/pqc/liboqs/src/common/sha3/xkcp_sha3.c:210:13:SHA3_sha3_256_inc_init,build-c-rx-kem-s-resource-audit-v1/src/common/CMakeFiles/internal.dir/sha3/xkcp_sha3.c.su
32,static,/home/home/pqc/liboqs/src/common/sha3/xkcp_sha3.c:334:13:SHA3_shake128_inc_finalize,build-c-rx-kem-s-resource-audit-v1/src/common/CMakeFiles/internal.dir/sha3/xkcp_sha3.c.su
32,static,/home/home/pqc/liboqs/src/common/sha3/xkcp_sha3.c:377:13:SHA3_shake256_inc_finalize,build-c-rx-kem-s-resource-audit-v1/src/common/CMakeFiles/internal.dir/sha3/xkcp_sha3.c.su
32,static,/home/home/pqc/liboqs/src/common/sha3/xkcp_sha3.c:393:13:SHA3_shake256_inc_ctx_reset,build-c-rx-kem-s-resource-audit-v1/src/common/CMakeFiles/internal.dir/sha3/xkcp_sha3.c.su
32,static,/home/home/pqc/liboqs/src/common/sha3/xkcp_sha3.c:350:13:SHA3_shake128_inc_ctx_reset,build-c-rx-kem-s-resource-audit-v1/src/common/CMakeFiles/internal.dir/sha3/xkcp_sha3.c.su
32,static,/home/home/pqc/liboqs/src/common/sha3/xkcp_sha3.c:307:13:SHA3_sha3_512_inc_ctx_reset,build-c-rx-kem-s-resource-audit-v1/src/common/CMakeFiles/internal.dir/sha3/xkcp_sha3.c.su
32,static,/home/home/pqc/liboqs/src/common/sha3/xkcp_sha3.c:270:13:SHA3_sha3_384_inc_ctx_reset,build-c-rx-kem-s-resource-audit-v1/src/common/CMakeFiles/internal.dir/sha3/xkcp_sha3.c.su
32,static,/home/home/pqc/liboqs/src/common/sha3/xkcp_sha3.c:234:13:SHA3_sha3_256_inc_ctx_reset,build-c-rx-kem-s-resource-audit-v1/src/common/CMakeFiles/internal.dir/sha3/xkcp_sha3.c.su
32,static,/home/home/pqc/liboqs/src/common/sha3/xkcp_sha3.c:367:13:SHA3_shake256_inc_init,build-c-rx-kem-s-resource-audit-v1/src/common/CMakeFiles/internal.dir/sha3/xkcp_sha3.c.su
32,static,/home/home/pqc/liboqs/src/common/sha3/xkcp_sha3.c:324:13:SHA3_shake128_inc_init,build-c-rx-kem-s-resource-audit-v1/src/common/CMakeFiles/internal.dir/sha3/xkcp_sha3.c.su
32,static,/home/home/pqc/liboqs/src/common/sha3/xkcp_sha3.c:284:13:SHA3_sha3_512_inc_init,build-c-rx-kem-s-resource-audit-v1/src/common/CMakeFiles/internal.dir/sha3/xkcp_sha3.c.su
32,static,/home/home/pqc/liboqs/src/common/sha3/xkcp_sha3.c:248:13:SHA3_sha3_384_inc_init,build-c-rx-kem-s-resource-audit-v1/src/common/CMakeFiles/internal.dir/sha3/xkcp_sha3.c.su
32,static,/home/home/pqc/liboqs/src/common/sha2/sha2_c.c:504:6:oqs_sha2_sha224_inc_init_c,build-c-rx-kem-s-resource-audit-v1/src/common/CMakeFiles/internal.dir/sha2/sha2_c.c.su
32,static,/home/home/pqc/liboqs/src/common/sha2/sha2_c.c:517:6:oqs_sha2_sha256_inc_init_c,build-c-rx-kem-s-resource-audit-v1/src/common/CMakeFiles/internal.dir/sha2/sha2_c.c.su
32,static,/home/home/pqc/liboqs/src/common/sha2/sha2_c.c:531:6:oqs_sha2_sha384_inc_init_c,build-c-rx-kem-s-resource-audit-v1/src/common/CMakeFiles/internal.dir/sha2/sha2_c.c.su
32,static,/home/home/pqc/liboqs/src/common/sha2/sha2_c.c:544:6:oqs_sha2_sha512_inc_init_c,build-c-rx-kem-s-resource-audit-v1/src/common/CMakeFiles/internal.dir/sha2/sha2_c.c.su
32,static,/home/home/pqc/liboqs/src/common/sha2/sha2_c.c:557:6:oqs_sha2_sha224_inc_ctx_clone_c,build-c-rx-kem-s-resource-audit-v1/src/common/CMakeFiles/internal.dir/sha2/sha2_c.c.su
32,static,/home/home/pqc/liboqs/src/common/sha2/sha2_c.c:565:6:oqs_sha2_sha256_inc_ctx_clone_c,build-c-rx-kem-s-resource-audit-v1/src/common/CMakeFiles/internal.dir/sha2/sha2_c.c.su
32,static,/home/home/pqc/liboqs/src/common/sha2/sha2_c.c:573:6:oqs_sha2_sha384_inc_ctx_clone_c,build-c-rx-kem-s-resource-audit-v1/src/common/CMakeFiles/internal.dir/sha2/sha2_c.c.su
32,static,/home/home/pqc/liboqs/src/common/sha2/sha2_c.c:581:6:oqs_sha2_sha512_inc_ctx_clone_c,build-c-rx-kem-s-resource-audit-v1/src/common/CMakeFiles/internal.dir/sha2/sha2_c.c.su
32,static,/home/home/pqc/liboqs/src/common/aes/aes128_ni.c:51:6:oqs_aes128_load_schedule_ni,build-c-rx-kem-s-resource-audit-v1/src/common/CMakeFiles/internal.dir/aes/aes128_ni.c.su
32,static,/home/home/pqc/liboqs/src/common/aes/aes256_ni.c:78:6:oqs_aes256_load_schedule_ni,build-c-rx-kem-s-resource-audit-v1/src/common/CMakeFiles/internal.dir/aes/aes256_ni.c.su
32,static,/home/home/pqc/liboqs/src/common/aes/aes_impl.c:105:13:AES256_free_schedule,build-c-rx-kem-s-resource-audit-v1/src/common/CMakeFiles/internal.dir/aes/aes_impl.c.su
32,static,/home/home/pqc/liboqs/src/common/aes/aes_impl.c:69:13:AES128_free_schedule,build-c-rx-kem-s-resource-audit-v1/src/common/CMakeFiles/internal.dir/aes/aes_impl.c.su
32,static,/home/home/pqc/liboqs/src/common/aes/aes_c.c:547:13:aes_ctr4x,build-c-rx-kem-s-resource-audit-v1/src/common/CMakeFiles/internal.dir/aes/aes_c.c.su
32,static,/home/home/pqc/liboqs/src/common/aes/aes_c.c:721:6:oqs_aes256_load_schedule_no_bitslice,build-c-rx-kem-s-resource-audit-v1/src/common/CMakeFiles/internal.dir/aes/aes_c.c.su
32,static,/home/home/pqc/liboqs/src/common/aes/aes_c.c:754:6:oqs_aes128_load_schedule_no_bitslice,build-c-rx-kem-s-resource-audit-v1/src/common/CMakeFiles/internal.dir/aes/aes_c.c.su
32,static,/home/home/pqc/liboqs/src/common/sha3/xkcp_low/KeccakP-1600/plain-64bits/KeccakP-1600-opt64.c:341:6:KeccakP1600_ExtractBytesInLane,build-c-rx-kem-s-resource-audit-v1/src/common/sha3/xkcp_low/CMakeFiles/xkcp_low_keccakp_1600_plain64.dir/KeccakP-1600/plain-64bits/KeccakP-1600-opt64.c.su
32,static,/home/home/pqc/liboqs/src/common/sha3/xkcp_low/KeccakP-1600/plain-64bits/KeccakP-1600-opt64.c:374:6:KeccakP1600_ExtractLanes,build-c-rx-kem-s-resource-audit-v1/src/common/sha3/xkcp_low/CMakeFiles/xkcp_low_keccakp_1600_plain64.dir/KeccakP-1600/plain-64bits/KeccakP-1600-opt64.c.su
32,static,/home/home/pqc/liboqs/src/common/sha3/xkcp_low/KeccakP-1600/plain-64bits/KeccakP-1600-opt64.c:412:6:KeccakP1600_ExtractAndAddBytesInLane,build-c-rx-kem-s-resource-audit-v1/src/common/sha3/xkcp_low/CMakeFiles/xkcp_low_keccakp_1600_plain64.dir/KeccakP-1600/plain-64bits/KeccakP-1600-opt64.c.su
32,static,/home/home/pqc/liboqs/src/common/sha3/xkcp_low/KeccakP-1600times4/serial/PlSnP-Fallback.inc:79:6:KeccakP1600times4_InitializeAll_serial,build-c-rx-kem-s-resource-audit-v1/src/common/sha3/xkcp_low/CMakeFiles/xkcp_low_keccakp_1600times4_serial.dir/KeccakP-1600times4/serial/KeccakP-1600-times4-on1.c.su
32,static,/home/home/pqc/liboqs/src/common/sha3/xkcp_low/KeccakP-1600times4/serial/PlSnP-Fallback.inc:155:6:KeccakP1600times4_PermuteAll_24rounds_serial,build-c-rx-kem-s-resource-audit-v1/src/common/sha3/xkcp_low/CMakeFiles/xkcp_low_keccakp_1600times4_serial.dir/KeccakP-1600times4/serial/KeccakP-1600-times4-on1.c.su
32,static,/home/home/pqc/liboqs/src/common/sha3/xkcp_low/KeccakP-1600times4/serial/PlSnP-Fallback.inc:169:6:KeccakP1600times4_PermuteAll_12rounds_serial,build-c-rx-kem-s-resource-audit-v1/src/common/sha3/xkcp_low/CMakeFiles/xkcp_low_keccakp_1600times4_serial.dir/KeccakP-1600times4/serial/KeccakP-1600-times4-on1.c.su
32,static,/home/home/pqc/liboqs/src/common/sha3/xkcp_low/KeccakP-1600times4/serial/PlSnP-Fallback.inc:184:6:KeccakP1600times4_PermuteAll_6rounds_serial,build-c-rx-kem-s-resource-audit-v1/src/common/sha3/xkcp_low/CMakeFiles/xkcp_low_keccakp_1600times4_serial.dir/KeccakP-1600times4/serial/KeccakP-1600-times4-on1.c.su
32,static,/home/home/pqc/liboqs/src/common/sha3/xkcp_low/KeccakP-1600times4/serial/PlSnP-Fallback.inc:199:6:KeccakP1600times4_PermuteAll_4rounds_serial,build-c-rx-kem-s-resource-audit-v1/src/common/sha3/xkcp_low/CMakeFiles/xkcp_low_keccakp_1600times4_serial.dir/KeccakP-1600times4/serial/KeccakP-1600-times4-on1.c.su
32,static,/home/home/pqc/liboqs/src/common/sha3/xkcp_low/KeccakP-1600times4/avx2/KeccakP-1600-times4-SIMD256.c:153:6:KeccakP1600times4_AddLanesAll_avx2,build-c-rx-kem-s-resource-audit-v1/src/common/sha3/xkcp_low/CMakeFiles/xkcp_low_keccakp_1600times4_avx2.dir/KeccakP-1600times4/avx2/KeccakP-1600-times4-SIMD256.c.su
32,static,/home/home/pqc/liboqs/src/common/sha3/xkcp_low/KeccakP-1600times4/avx2/KeccakP-1600-times4-SIMD256.c:232:6:KeccakP1600times4_OverwriteLanesAll_avx2,build-c-rx-kem-s-resource-audit-v1/src/common/sha3/xkcp_low/CMakeFiles/xkcp_low_keccakp_1600times4_avx2.dir/KeccakP-1600times4/avx2/KeccakP-1600-times4-SIMD256.c.su
32,static,/home/home/pqc/liboqs/src/common/sha3/xkcp_low/KeccakP-1600times4/avx2/KeccakP-1600-times4-SIMD256.c:296:6:KeccakP1600times4_ExtractBytes_avx2,build-c-rx-kem-s-resource-audit-v1/src/common/sha3/xkcp_low/CMakeFiles/xkcp_low_keccakp_1600times4_avx2.dir/KeccakP-1600times4/avx2/KeccakP-1600-times4-SIMD256.c.su
32,static,/home/home/pqc/liboqs/src/kem/ml_kem/kem_ml_kem_768.c:102:20:OQS_KEM_ml_kem_768_keypair,build-c-rx-kem-s-resource-audit-v1/src/kem/ml_kem/CMakeFiles/ml_kem_768_ref.dir/kem_ml_kem_768.c.su
32,static,/home/home/pqc/liboqs/src/kem/ml_kem/mlkem-native_ml-kem-768_x86_64/mlkem/src/poly_k.c:109:6:PQCP_MLKEM_NATIVE_MLKEM768_X86_64_polyvec_ntt,build-c-rx-kem-s-resource-audit-v1/src/kem/ml_kem/CMakeFiles/ml_kem_768_x86_64.dir/mlkem-native_ml-kem-768_x86_64/mlkem/src/poly_k.c.su
32,static,/home/home/pqc/liboqs/src/kem/ml_kem/mlkem-native_ml-kem-768_x86_64/mlkem/src/poly_k.c:126:6:PQCP_MLKEM_NATIVE_MLKEM768_X86_64_polyvec_invntt_tomont,build-c-rx-kem-s-resource-audit-v1/src/kem/ml_kem/CMakeFiles/ml_kem_768_x86_64.dir/mlkem-native_ml-kem-768_x86_64/mlkem/src/poly_k.c.su
32,static,/home/home/pqc/liboqs/src/kem/ml_kem/mlkem-native_ml-kem-768_x86_64/mlkem/src/poly_k.c:241:6:PQCP_MLKEM_NATIVE_MLKEM768_X86_64_polyvec_reduce,build-c-rx-kem-s-resource-audit-v1/src/kem/ml_kem/CMakeFiles/ml_kem_768_x86_64.dir/mlkem-native_ml-kem-768_x86_64/mlkem/src/poly_k.c.su
32,static,/home/home/pqc/liboqs/src/kem/ml_kem/mlkem-native_ml-kem-768_x86_64/mlkem/src/poly_k.c:279:6:PQCP_MLKEM_NATIVE_MLKEM768_X86_64_polyvec_tomont,build-c-rx-kem-s-resource-audit-v1/src/kem/ml_kem/CMakeFiles/ml_kem_768_x86_64.dir/mlkem-native_ml-kem-768_x86_64/mlkem/src/poly_k.c.su
32,static,/home/home/pqc/liboqs/src/kem/ml_kem/mlkem-native_ml-kem-768_x86_64/mlkem/src/indcpa.c:403:5:PQCP_MLKEM_NATIVE_MLKEM768_X86_64_v27_keypair_workspace_set,build-c-rx-kem-s-resource-audit-v1/src/kem/ml_kem/CMakeFiles/ml_kem_768_x86_64.dir/mlkem-native_ml-kem-768_x86_64/mlkem/src/indcpa.c.su
32,static,/home/home/pqc/liboqs/src/kem/ml_kem/mlkem-native_ml-kem-768_x86_64/mlkem/src/indcpa.c:573:5:PQCP_MLKEM_NATIVE_MLKEM768_X86_64_v26_enc_workspace_set,build-c-rx-kem-s-resource-audit-v1/src/kem/ml_kem/CMakeFiles/ml_kem_768_x86_64.dir/mlkem-native_ml-kem-768_x86_64/mlkem/src/indcpa.c.su
32,static,/home/home/pqc/liboqs/src/kem/ml_kem/mlkem-native_ml-kem-768_x86_64/mlkem/src/indcpa.c:741:5:PQCP_MLKEM_NATIVE_MLKEM768_X86_64_v28_dec_workspace_set,build-c-rx-kem-s-resource-audit-v1/src/kem/ml_kem/CMakeFiles/ml_kem_768_x86_64.dir/mlkem-native_ml-kem-768_x86_64/mlkem/src/indcpa.c.su
32,static,/home/home/pqc/liboqs/src/kem/ml_kem/mlkem-native_ml-kem-768_x86_64/mlkem/src/indcpa.c:781:5:PQCP_MLKEM_NATIVE_MLKEM768_X86_64_v29_lifecycle_workspace_set,build-c-rx-kem-s-resource-audit-v1/src/kem/ml_kem/CMakeFiles/ml_kem_768_x86_64.dir/mlkem-native_ml-kem-768_x86_64/mlkem/src/indcpa.c.su
32,static,/home/home/pqc/liboqs/src/kem/ml_kem/mlkem-native_ml-kem-768_ref/mlkem/src/poly_k.c:109:6:PQCP_MLKEM_NATIVE_MLKEM768_C_polyvec_ntt,build-c-rx-kem-s-resource-audit-v1/src/kem/ml_kem/CMakeFiles/ml_kem_768_ref.dir/mlkem-native_ml-kem-768_ref/mlkem/src/poly_k.c.su
32,static,/home/home/pqc/liboqs/src/kem/ml_kem/mlkem-native_ml-kem-768_ref/mlkem/src/poly_k.c:126:6:PQCP_MLKEM_NATIVE_MLKEM768_C_polyvec_invntt_tomont,build-c-rx-kem-s-resource-audit-v1/src/kem/ml_kem/CMakeFiles/ml_kem_768_ref.dir/mlkem-native_ml-kem-768_ref/mlkem/src/poly_k.c.su
32,static,/home/home/pqc/liboqs/src/kem/ml_kem/mlkem-native_ml-kem-768_ref/mlkem/src/poly_k.c:241:6:PQCP_MLKEM_NATIVE_MLKEM768_C_polyvec_reduce,build-c-rx-kem-s-resource-audit-v1/src/kem/ml_kem/CMakeFiles/ml_kem_768_ref.dir/mlkem-native_ml-kem-768_ref/mlkem/src/poly_k.c.su
32,static,/home/home/pqc/liboqs/src/kem/ml_kem/mlkem-native_ml-kem-768_ref/mlkem/src/poly_k.c:279:6:PQCP_MLKEM_NATIVE_MLKEM768_C_polyvec_tomont,build-c-rx-kem-s-resource-audit-v1/src/kem/ml_kem/CMakeFiles/ml_kem_768_ref.dir/mlkem-native_ml-kem-768_ref/mlkem/src/poly_k.c.su
32,static,/home/home/pqc/liboqs/src/kem/ml_kem/mlkem-native_ml-kem-768_ref/mlkem/src/indcpa.c:403:5:PQCP_MLKEM_NATIVE_MLKEM768_C_v27_keypair_workspace_set,build-c-rx-kem-s-resource-audit-v1/src/kem/ml_kem/CMakeFiles/ml_kem_768_ref.dir/mlkem-native_ml-kem-768_ref/mlkem/src/indcpa.c.su
32,static,/home/home/pqc/liboqs/src/kem/ml_kem/mlkem-native_ml-kem-768_ref/mlkem/src/indcpa.c:573:5:PQCP_MLKEM_NATIVE_MLKEM768_C_v26_enc_workspace_set,build-c-rx-kem-s-resource-audit-v1/src/kem/ml_kem/CMakeFiles/ml_kem_768_ref.dir/mlkem-native_ml-kem-768_ref/mlkem/src/indcpa.c.su
32,static,/home/home/pqc/liboqs/src/kem/ml_kem/mlkem-native_ml-kem-768_ref/mlkem/src/indcpa.c:741:5:PQCP_MLKEM_NATIVE_MLKEM768_C_v28_dec_workspace_set,build-c-rx-kem-s-resource-audit-v1/src/kem/ml_kem/CMakeFiles/ml_kem_768_ref.dir/mlkem-native_ml-kem-768_ref/mlkem/src/indcpa.c.su
32,static,/home/home/pqc/liboqs/src/kem/ml_kem/mlkem-native_ml-kem-768_ref/mlkem/src/indcpa.c:781:5:PQCP_MLKEM_NATIVE_MLKEM768_C_v29_lifecycle_workspace_set,build-c-rx-kem-s-resource-audit-v1/src/kem/ml_kem/CMakeFiles/ml_kem_768_ref.dir/mlkem-native_ml-kem-768_ref/mlkem/src/indcpa.c.su
32,static,/home/home/pqc/liboqs/tests/test_kem.c:376:7:test_wrapper,build-c-rx-kem-s-resource-audit-v1/tests/CMakeFiles/test_kem.dir/test_kem.c.su
32,static,/home/home/pqc/liboqs/tests/test_helpers.c:128:6:OQS_KAT_PRNG_free,build-c-rx-kem-s-resource-audit-v1/tests/CMakeFiles/test_kem.dir/test_helpers.c.su
32,static,/home/home/pqc/liboqs/tests/test_helpers.c:139:6:OQS_print_hex_string,build-c-rx-kem-s-resource-audit-v1/tests/CMakeFiles/test_kem.dir/test_helpers.c.su
32,static,/home/home/pqc/liboqs/tests/test_aes.c:22:13:OQS_print_hex_string,build-c-rx-kem-s-resource-audit-v1/tests/CMakeFiles/test_aes.dir/test_aes.c.su
32,static,/home/home/pqc/liboqs/tests/test_helpers.c:128:6:OQS_KAT_PRNG_free,build-c-rx-kem-s-resource-audit-v1/tests/CMakeFiles/test_kem_mem.dir/test_helpers.c.su
32,static,/home/home/pqc/liboqs/tests/test_helpers.c:139:6:OQS_print_hex_string,build-c-rx-kem-s-resource-audit-v1/tests/CMakeFiles/test_kem_mem.dir/test_helpers.c.su
32,static,/home/home/pqc/liboqs/tests/test_sig_stfl.c:357:14:convert_method_name_to_file_name,build-c-rx-kem-s-resource-audit-v1/tests/CMakeFiles/test_sig_stfl.dir/test_sig_stfl.c.su
32,static,/home/home/pqc/liboqs/tests/test_sig_stfl.c:138:19:save_secret_key,build-c-rx-kem-s-resource-audit-v1/tests/CMakeFiles/test_sig_stfl.dir/test_sig_stfl.c.su
32,static,/home/home/pqc/liboqs/tests/test_helpers.c:128:6:OQS_KAT_PRNG_free,build-c-rx-kem-s-resource-audit-v1/tests/CMakeFiles/test_sig_stfl.dir/test_helpers.c.su
32,static,/home/home/pqc/liboqs/tests/test_helpers.c:139:6:OQS_print_hex_string,build-c-rx-kem-s-resource-audit-v1/tests/CMakeFiles/test_sig_stfl.dir/test_helpers.c.su
32,static,/home/home/pqc/liboqs/tests/test_helpers.c:128:6:OQS_KAT_PRNG_free,build-c-rx-kem-s-resource-audit-v1/tests/CMakeFiles/test_sig.dir/test_helpers.c.su
32,static,/home/home/pqc/liboqs/tests/test_helpers.c:139:6:OQS_print_hex_string,build-c-rx-kem-s-resource-audit-v1/tests/CMakeFiles/test_sig.dir/test_helpers.c.su
32,static,/home/home/pqc/liboqs/tests/test_sig.c:271:7:test_wrapper,build-c-rx-kem-s-resource-audit-v1/tests/CMakeFiles/test_sig.dir/test_sig.c.su
32,static,/home/home/pqc/liboqs/tests/test_helpers.c:128:6:OQS_KAT_PRNG_free,build-c-rx-kem-s-resource-audit-v1/tests/CMakeFiles/kat_kem.dir/test_helpers.c.su
32,static,/home/home/pqc/liboqs/tests/test_helpers.c:139:6:OQS_print_hex_string,build-c-rx-kem-s-resource-audit-v1/tests/CMakeFiles/kat_kem.dir/test_helpers.c.su
32,static,/home/home/pqc/liboqs/tests/vectors_sig.c:209:13:MLDSA_randombytes,build-c-rx-kem-s-resource-audit-v1/tests/CMakeFiles/vectors_sig.dir/vectors_sig.c.su
32,static,/home/home/pqc/liboqs/tests/vectors_sig.c:228:13:SLHDSA_randombytes,build-c-rx-kem-s-resource-audit-v1/tests/CMakeFiles/vectors_sig.dir/vectors_sig.c.su
32,static,/home/home/pqc/liboqs/tests/example_sig_stfl.c:123:5:main,build-c-rx-kem-s-resource-audit-v1/tests/CMakeFiles/example_sig_stfl.dir/example_sig_stfl.c.su
32,static,/home/home/pqc/liboqs/tests/test_helpers.c:128:6:OQS_KAT_PRNG_free,build-c-rx-kem-s-resource-audit-v1/tests/CMakeFiles/kat_sig.dir/test_helpers.c.su
32,static,/home/home/pqc/liboqs/tests/test_helpers.c:139:6:OQS_print_hex_string,build-c-rx-kem-s-resource-audit-v1/tests/CMakeFiles/kat_sig.dir/test_helpers.c.su
32,static,/home/home/pqc/liboqs/tests/kat_sig.c:834:5:main,build-c-rx-kem-s-resource-audit-v1/tests/CMakeFiles/kat_sig.dir/kat_sig.c.su
32,static,/home/home/pqc/liboqs/tests/test_helpers.c:128:6:OQS_KAT_PRNG_free,build-c-rx-kem-s-resource-audit-v1/tests/CMakeFiles/kat_sig_stfl.dir/test_helpers.c.su
32,static,/home/home/pqc/liboqs/tests/test_helpers.c:139:6:OQS_print_hex_string,build-c-rx-kem-s-resource-audit-v1/tests/CMakeFiles/kat_sig_stfl.dir/test_helpers.c.su
32,static,/home/home/pqc/liboqs/tests/vectors_kem.c:87:9:get_ml_kem_k,build-c-rx-kem-s-resource-audit-v1/tests/CMakeFiles/vectors_kem.dir/vectors_kem.c.su
32,static,/home/home/pqc/liboqs/tests/speed_sig_stfl.c:29:26:reset_secret_key,build-c-rx-kem-s-resource-audit-v1/tests/CMakeFiles/speed_sig_stfl.dir/speed_sig_stfl.c.su
32,static,/home/home/pqc/liboqs/tests/test_hash.c:38:13:print_hex,build-c-rx-kem-s-resource-audit-v1/tests/CMakeFiles/test_hash.dir/test_hash.c.su
24,static,/home/home/pqc/liboqs/src/common/common.c:47:13:set_available_cpu_extensions,build-c-rx-kem-s-resource-audit-v1/src/common/CMakeFiles/internal.dir/common.c.su
24,static,/home/home/pqc/liboqs/src/common/common.c:47:13:set_available_cpu_extensions,build-c-rx-kem-s-resource-audit-v1/src/common/CMakeFiles/common.dir/common.c.su
24,static,/home/home/pqc/liboqs/src/common/aes/aes_c.c:310:13:br_aes_ct64_interleave_in,build-c-rx-kem-s-resource-audit-v1/src/common/CMakeFiles/common.dir/aes/aes_c.c.su
24,static,/home/home/pqc/liboqs/src/common/aes/aes_c.c:310:13:br_aes_ct64_interleave_in,build-c-rx-kem-s-resource-audit-v1/src/common/CMakeFiles/internal.dir/aes/aes_c.c.su
24,static,/home/home/pqc/liboqs/src/common/sha3/xkcp_low/KeccakP-1600times4/avx2/KeccakP-1600-times4-SIMD256.c:326:6:KeccakP1600times4_ExtractLanesAll_avx2,build-c-rx-kem-s-resource-audit-v1/src/common/sha3/xkcp_low/CMakeFiles/xkcp_low_keccakp_1600times4_avx2.dir/KeccakP-1600times4/avx2/KeccakP-1600-times4-SIMD256.c.su
24,static,/home/home/pqc/liboqs/src/kem/ml_kem/mlkem-native_ml-kem-768_ref/mlkem/src/sampling.c:276:6:PQCP_MLKEM_NATIVE_MLKEM768_C_poly_cbd2,build-c-rx-kem-s-resource-audit-v1/src/kem/ml_kem/CMakeFiles/ml_kem_768_ref.dir/mlkem-native_ml-kem-768_ref/mlkem/src/sampling.c.su
24,static,/home/home/pqc/liboqs/src/kem/ml_kem/mlkem-native_ml-kem-768_ref/mlkem/src/compress.c:70:6:PQCP_MLKEM_NATIVE_MLKEM768_C_poly_compress_d4,build-c-rx-kem-s-resource-audit-v1/src/kem/ml_kem/CMakeFiles/ml_kem_768_ref.dir/mlkem-native_ml-kem-768_ref/mlkem/src/compress.c.su
16,static,/home/home/pqc/liboqs/src/sig_stfl/sig_stfl.c:1006:20:OQS_SIG_STFL_keypair,build-c-rx-kem-s-resource-audit-v1/src/CMakeFiles/oqs.dir/sig_stfl/sig_stfl.c.su
16,static,/home/home/pqc/liboqs/src/sig_stfl/sig_stfl.c:1023:20:OQS_SIG_STFL_sign,build-c-rx-kem-s-resource-audit-v1/src/CMakeFiles/oqs.dir/sig_stfl/sig_stfl.c.su
16,static,/home/home/pqc/liboqs/src/sig_stfl/sig_stfl.c:1043:20:OQS_SIG_STFL_verify,build-c-rx-kem-s-resource-audit-v1/src/CMakeFiles/oqs.dir/sig_stfl/sig_stfl.c.su
16,static,/home/home/pqc/liboqs/src/sig_stfl/sig_stfl.c:1051:20:OQS_SIG_STFL_sigs_remaining,build-c-rx-kem-s-resource-audit-v1/src/CMakeFiles/oqs.dir/sig_stfl/sig_stfl.c.su
16,static,/home/home/pqc/liboqs/src/sig_stfl/sig_stfl.c:1067:20:OQS_SIG_STFL_sigs_total,build-c-rx-kem-s-resource-audit-v1/src/CMakeFiles/oqs.dir/sig_stfl/sig_stfl.c.su
16,static,/home/home/pqc/liboqs/src/sig/sig.c:3062:20:OQS_SIG_keypair,build-c-rx-kem-s-resource-audit-v1/src/CMakeFiles/oqs.dir/sig/sig.c.su
16,static,/home/home/pqc/liboqs/src/common/rand/rand.c:42:20:OQS_randombytes_switch_algorithm,build-c-rx-kem-s-resource-audit-v1/src/common/CMakeFiles/common.dir/rand/rand.c.su
16,static,/home/home/pqc/liboqs/src/common/sha3/xkcp_sha3x4.c:36:13:Keccak_X4_Dispatch,build-c-rx-kem-s-resource-audit-v1/src/common/CMakeFiles/common.dir/sha3/xkcp_sha3x4.c.su
16,static,/home/home/pqc/liboqs/src/common/sha3/xkcp_sha3x4.c:220:13:SHA3_shake256_x4_inc_init.part.0,build-c-rx-kem-s-resource-audit-v1/src/common/CMakeFiles/common.dir/sha3/xkcp_sha3x4.c.su
16,static,/home/home/pqc/liboqs/src/common/sha3/avx512vl_sha3x4.c:98:1:SHA3_shake256_x4_inc_init_avx512vl.part.0,build-c-rx-kem-s-resource-audit-v1/src/common/CMakeFiles/common.dir/sha3/avx512vl_sha3x4.c.su
16,static,/home/home/pqc/liboqs/src/common/sha3/avx512vl_sha3.c:186:13:SHA3_shake256_inc_init_avx512vl.part.0,build-c-rx-kem-s-resource-audit-v1/src/common/CMakeFiles/common.dir/sha3/avx512vl_sha3.c.su
16,static,/home/home/pqc/liboqs/src/common/sha3/xkcp_sha3.c:42:13:Keccak_Dispatch,build-c-rx-kem-s-resource-audit-v1/src/common/CMakeFiles/common.dir/sha3/xkcp_sha3.c.su
16,static,/home/home/pqc/liboqs/src/common/sha3/xkcp_sha3.c:367:13:SHA3_shake256_inc_init.part.0,build-c-rx-kem-s-resource-audit-v1/src/common/CMakeFiles/common.dir/sha3/xkcp_sha3.c.su
16,static,/home/home/pqc/liboqs/src/common/aes/aes128_ni.c:59:6:oqs_aes128_load_iv_ni,build-c-rx-kem-s-resource-audit-v1/src/common/CMakeFiles/common.dir/aes/aes128_ni.c.su
16,static,/home/home/pqc/liboqs/src/common/aes/aes256_ni.c:86:6:oqs_aes256_load_iv_ni,build-c-rx-kem-s-resource-audit-v1/src/common/CMakeFiles/common.dir/aes/aes256_ni.c.su
16,static,/home/home/pqc/liboqs/src/common/aes/aes_c.c:728:6:oqs_aes256_load_iv_c,build-c-rx-kem-s-resource-audit-v1/src/common/CMakeFiles/common.dir/aes/aes_c.c.su
16,static,/home/home/pqc/liboqs/src/common/aes/aes_c.c:740:6:oqs_aes256_load_iv_u64_c,build-c-rx-kem-s-resource-audit-v1/src/common/CMakeFiles/common.dir/aes/aes_c.c.su
16,static,/home/home/pqc/liboqs/src/common/aes/aes_c.c:761:6:oqs_aes128_load_iv_c,build-c-rx-kem-s-resource-audit-v1/src/common/CMakeFiles/common.dir/aes/aes_c.c.su
16,static,/home/home/pqc/liboqs/src/common/aes/aes_c.c:773:6:oqs_aes128_load_iv_u64_c,build-c-rx-kem-s-resource-audit-v1/src/common/CMakeFiles/common.dir/aes/aes_c.c.su
16,static,/home/home/pqc/liboqs/src/common/sha3/xkcp_sha3x4.c:36:13:Keccak_X4_Dispatch,build-c-rx-kem-s-resource-audit-v1/src/common/CMakeFiles/internal.dir/sha3/xkcp_sha3x4.c.su
16,static,/home/home/pqc/liboqs/src/common/sha3/xkcp_sha3x4.c:220:13:SHA3_shake256_x4_inc_init.part.0,build-c-rx-kem-s-resource-audit-v1/src/common/CMakeFiles/internal.dir/sha3/xkcp_sha3x4.c.su
16,static,/home/home/pqc/liboqs/src/common/sha3/avx512vl_sha3x4.c:98:1:SHA3_shake256_x4_inc_init_avx512vl.part.0,build-c-rx-kem-s-resource-audit-v1/src/common/CMakeFiles/internal.dir/sha3/avx512vl_sha3x4.c.su
16,static,/home/home/pqc/liboqs/src/common/sha3/avx512vl_sha3.c:186:13:SHA3_shake256_inc_init_avx512vl.part.0,build-c-rx-kem-s-resource-audit-v1/src/common/CMakeFiles/internal.dir/sha3/avx512vl_sha3.c.su
16,static,/home/home/pqc/liboqs/src/common/sha3/xkcp_sha3.c:42:13:Keccak_Dispatch,build-c-rx-kem-s-resource-audit-v1/src/common/CMakeFiles/internal.dir/sha3/xkcp_sha3.c.su
16,static,/home/home/pqc/liboqs/src/common/sha3/xkcp_sha3.c:367:13:SHA3_shake256_inc_init.part.0,build-c-rx-kem-s-resource-audit-v1/src/common/CMakeFiles/internal.dir/sha3/xkcp_sha3.c.su
16,static,/home/home/pqc/liboqs/src/common/aes/aes128_ni.c:59:6:oqs_aes128_load_iv_ni,build-c-rx-kem-s-resource-audit-v1/src/common/CMakeFiles/internal.dir/aes/aes128_ni.c.su
16,static,/home/home/pqc/liboqs/src/common/aes/aes256_ni.c:86:6:oqs_aes256_load_iv_ni,build-c-rx-kem-s-resource-audit-v1/src/common/CMakeFiles/internal.dir/aes/aes256_ni.c.su
16,static,/home/home/pqc/liboqs/src/common/aes/aes_c.c:728:6:oqs_aes256_load_iv_c,build-c-rx-kem-s-resource-audit-v1/src/common/CMakeFiles/internal.dir/aes/aes_c.c.su
16,static,/home/home/pqc/liboqs/src/common/aes/aes_c.c:740:6:oqs_aes256_load_iv_u64_c,build-c-rx-kem-s-resource-audit-v1/src/common/CMakeFiles/internal.dir/aes/aes_c.c.su
16,static,/home/home/pqc/liboqs/src/common/aes/aes_c.c:761:6:oqs_aes128_load_iv_c,build-c-rx-kem-s-resource-audit-v1/src/common/CMakeFiles/internal.dir/aes/aes_c.c.su
16,static,/home/home/pqc/liboqs/src/common/aes/aes_c.c:773:6:oqs_aes128_load_iv_u64_c,build-c-rx-kem-s-resource-audit-v1/src/common/CMakeFiles/internal.dir/aes/aes_c.c.su
16,static,/home/home/pqc/liboqs/src/kem/ml_kem/kem_ml_kem_768.c:9:10:OQS_KEM_ml_kem_768_new,build-c-rx-kem-s-resource-audit-v1/src/kem/ml_kem/CMakeFiles/ml_kem_768_ref.dir/kem_ml_kem_768.c.su
16,static,/home/home/pqc/liboqs/tests/test_helpers.c:49:13:hqc_prng_free,build-c-rx-kem-s-resource-audit-v1/tests/CMakeFiles/test_kem.dir/test_helpers.c.su
16,static,/home/home/pqc/liboqs/tests/test_helpers.c:160:12:flip_bit,build-c-rx-kem-s-resource-audit-v1/tests/CMakeFiles/test_kem.dir/test_helpers.c.su
16,static,/home/home/pqc/liboqs/tests/example_sig.c:155:5:main,build-c-rx-kem-s-resource-audit-v1/tests/CMakeFiles/example_sig.dir/example_sig.c.su
16,static,/home/home/pqc/liboqs/tests/test_helpers.c:49:13:hqc_prng_free,build-c-rx-kem-s-resource-audit-v1/tests/CMakeFiles/test_kem_mem.dir/test_helpers.c.su
16,static,/home/home/pqc/liboqs/tests/test_helpers.c:160:12:flip_bit,build-c-rx-kem-s-resource-audit-v1/tests/CMakeFiles/test_kem_mem.dir/test_helpers.c.su
16,static,/home/home/pqc/liboqs/tests/test_sig_stfl.c:178:19:unlock_sk_key,build-c-rx-kem-s-resource-audit-v1/tests/CMakeFiles/test_sig_stfl.dir/test_sig_stfl.c.su
16,static,/home/home/pqc/liboqs/tests/test_sig_stfl.c:167:19:lock_sk_key,build-c-rx-kem-s-resource-audit-v1/tests/CMakeFiles/test_sig_stfl.dir/test_sig_stfl.c.su
16,static,/home/home/pqc/liboqs/tests/test_sig_stfl.c:198:12:sig_stfl_keypair_from_keygen,build-c-rx-kem-s-resource-audit-v1/tests/CMakeFiles/test_sig_stfl.dir/test_sig_stfl.c.su
16,static,/home/home/pqc/liboqs/tests/test_sig_stfl.c:254:12:sig_stfl_KATs_keygen,build-c-rx-kem-s-resource-audit-v1/tests/CMakeFiles/test_sig_stfl.dir/test_sig_stfl.c.su
16,static,/home/home/pqc/liboqs/tests/test_helpers.c:49:13:hqc_prng_free,build-c-rx-kem-s-resource-audit-v1/tests/CMakeFiles/test_sig_stfl.dir/test_helpers.c.su
16,static,/home/home/pqc/liboqs/tests/test_helpers.c:160:12:flip_bit,build-c-rx-kem-s-resource-audit-v1/tests/CMakeFiles/test_sig_stfl.dir/test_helpers.c.su
16,static,/home/home/pqc/liboqs/tests/test_helpers.c:49:13:hqc_prng_free,build-c-rx-kem-s-resource-audit-v1/tests/CMakeFiles/test_sig.dir/test_helpers.c.su
16,static,/home/home/pqc/liboqs/tests/test_helpers.c:160:12:flip_bit,build-c-rx-kem-s-resource-audit-v1/tests/CMakeFiles/test_sig.dir/test_helpers.c.su
16,static,/home/home/pqc/liboqs/tests/test_helpers.c:49:13:hqc_prng_free,build-c-rx-kem-s-resource-audit-v1/tests/CMakeFiles/kat_kem.dir/test_helpers.c.su
16,static,/home/home/pqc/liboqs/tests/test_helpers.c:160:12:flip_bit,build-c-rx-kem-s-resource-audit-v1/tests/CMakeFiles/kat_kem.dir/test_helpers.c.su
16,static,/home/home/pqc/liboqs/tests/test_helpers.c:49:13:hqc_prng_free,build-c-rx-kem-s-resource-audit-v1/tests/CMakeFiles/kat_sig.dir/test_helpers.c.su
16,static,/home/home/pqc/liboqs/tests/test_helpers.c:160:12:flip_bit,build-c-rx-kem-s-resource-audit-v1/tests/CMakeFiles/kat_sig.dir/test_helpers.c.su
16,static,/home/home/pqc/liboqs/tests/test_helpers.c:49:13:hqc_prng_free,build-c-rx-kem-s-resource-audit-v1/tests/CMakeFiles/kat_sig_stfl.dir/test_helpers.c.su
16,static,/home/home/pqc/liboqs/tests/test_helpers.c:160:12:flip_bit,build-c-rx-kem-s-resource-audit-v1/tests/CMakeFiles/kat_sig_stfl.dir/test_helpers.c.su
8,static,CMakeCCompilerId.c:907:5:main,build-c-rx-kem-s-resource-audit-v1/CMakeFiles/4.2.3/CompilerIdC/a-CMakeCCompilerId.su
8,static,/home/home/pqc/liboqs/src/kem/kem.c:68:13:OQS_KEM_alg_count,build-c-rx-kem-s-resource-audit-v1/src/CMakeFiles/oqs.dir/kem/kem.c.su
8,static,/home/home/pqc/liboqs/src/kem/kem.c:625:20:OQS_KEM_keypair_derand,build-c-rx-kem-s-resource-audit-v1/src/CMakeFiles/oqs.dir/kem/kem.c.su
8,static,/home/home/pqc/liboqs/src/kem/kem.c:633:20:OQS_KEM_keypair,build-c-rx-kem-s-resource-audit-v1/src/CMakeFiles/oqs.dir/kem/kem.c.su
8,static,/home/home/pqc/liboqs/src/kem/kem.c:641:20:OQS_KEM_encaps_derand,build-c-rx-kem-s-resource-audit-v1/src/CMakeFiles/oqs.dir/kem/kem.c.su
8,static,/home/home/pqc/liboqs/src/kem/kem.c:649:20:OQS_KEM_encaps,build-c-rx-kem-s-resource-audit-v1/src/CMakeFiles/oqs.dir/kem/kem.c.su
8,static,/home/home/pqc/liboqs/src/kem/kem.c:657:20:OQS_KEM_decaps,build-c-rx-kem-s-resource-audit-v1/src/CMakeFiles/oqs.dir/kem/kem.c.su
8,static,/home/home/pqc/liboqs/src/kem/kem.c:665:14:OQS_KEM_free,build-c-rx-kem-s-resource-audit-v1/src/CMakeFiles/oqs.dir/kem/kem.c.su
8,static,/home/home/pqc/liboqs/src/sig_stfl/sig_stfl.c:116:13:OQS_SIG_STFL_alg_count,build-c-rx-kem-s-resource-audit-v1/src/CMakeFiles/oqs.dir/sig_stfl/sig_stfl.c.su
8,static,/home/home/pqc/liboqs/src/sig_stfl/sig_stfl.c:120:13:OQS_SIG_STFL_keygen_and_sign_supported,build-c-rx-kem-s-resource-audit-v1/src/CMakeFiles/oqs.dir/sig_stfl/sig_stfl.c.su
8,static,/home/home/pqc/liboqs/src/sig_stfl/sig_stfl.c:128:13:OQS_SIG_STFL_alg_is_enabled,build-c-rx-kem-s-resource-audit-v1/src/CMakeFiles/oqs.dir/sig_stfl/sig_stfl.c.su
8,static,/home/home/pqc/liboqs/src/sig_stfl/sig_stfl.c:570:23:OQS_SIG_STFL_new,build-c-rx-kem-s-resource-audit-v1/src/CMakeFiles/oqs.dir/sig_stfl/sig_stfl.c.su
8,static,/home/home/pqc/liboqs/src/sig_stfl/sig_stfl.c:1083:14:OQS_SIG_STFL_free,build-c-rx-kem-s-resource-audit-v1/src/CMakeFiles/oqs.dir/sig_stfl/sig_stfl.c.su
8,static,/home/home/pqc/liboqs/src/sig_stfl/sig_stfl.c:1089:34:OQS_SIG_STFL_SECRET_KEY_new,build-c-rx-kem-s-resource-audit-v1/src/CMakeFiles/oqs.dir/sig_stfl/sig_stfl.c.su
8,static,/home/home/pqc/liboqs/src/sig_stfl/sig_stfl.c:1537:14:OQS_SIG_STFL_SECRET_KEY_SET_store_cb,build-c-rx-kem-s-resource-audit-v1/src/CMakeFiles/oqs.dir/sig_stfl/sig_stfl.c.su
8,static,/home/home/pqc/liboqs/src/sig_stfl/sig_stfl.c:1545:20:OQS_SIG_STFL_SECRET_KEY_serialize,build-c-rx-kem-s-resource-audit-v1/src/CMakeFiles/oqs.dir/sig_stfl/sig_stfl.c.su
8,static,/home/home/pqc/liboqs/src/sig_stfl/sig_stfl.c:1554:20:OQS_SIG_STFL_SECRET_KEY_deserialize,build-c-rx-kem-s-resource-audit-v1/src/CMakeFiles/oqs.dir/sig_stfl/sig_stfl.c.su
8,static,/home/home/pqc/liboqs/src/sig_stfl/sig_stfl.c:1563:14:OQS_SIG_STFL_SECRET_KEY_SET_lock,build-c-rx-kem-s-resource-audit-v1/src/CMakeFiles/oqs.dir/sig_stfl/sig_stfl.c.su
8,static,/home/home/pqc/liboqs/src/sig_stfl/sig_stfl.c:1571:14:OQS_SIG_STFL_SECRET_KEY_SET_unlock,build-c-rx-kem-s-resource-audit-v1/src/CMakeFiles/oqs.dir/sig_stfl/sig_stfl.c.su
8,static,/home/home/pqc/liboqs/src/sig_stfl/sig_stfl.c:1579:14:OQS_SIG_STFL_SECRET_KEY_SET_mutex,build-c-rx-kem-s-resource-audit-v1/src/CMakeFiles/oqs.dir/sig_stfl/sig_stfl.c.su
8,static,/home/home/pqc/liboqs/src/sig_stfl/sig_stfl.c:1587:12:OQS_SIG_STFL_SECRET_KEY_lock,build-c-rx-kem-s-resource-audit-v1/src/CMakeFiles/oqs.dir/sig_stfl/sig_stfl.c.su
8,static,/home/home/pqc/liboqs/src/sig_stfl/sig_stfl.c:1604:12:OQS_SIG_STFL_SECRET_KEY_unlock,build-c-rx-kem-s-resource-audit-v1/src/CMakeFiles/oqs.dir/sig_stfl/sig_stfl.c.su
8,static,/home/home/pqc/liboqs/src/sig/sig.c:249:13:OQS_SIG_alg_count,build-c-rx-kem-s-resource-audit-v1/src/CMakeFiles/oqs.dir/sig/sig.c.su
8,static,/home/home/pqc/liboqs/src/sig/sig.c:253:13:OQS_SIG_alg_is_enabled,build-c-rx-kem-s-resource-audit-v1/src/CMakeFiles/oqs.dir/sig/sig.c.su
8,static,/home/home/pqc/liboqs/src/sig/sig.c:1657:18:OQS_SIG_new,build-c-rx-kem-s-resource-audit-v1/src/CMakeFiles/oqs.dir/sig/sig.c.su
8,static,/home/home/pqc/liboqs/src/sig/sig.c:3112:14:OQS_SIG_free,build-c-rx-kem-s-resource-audit-v1/src/CMakeFiles/oqs.dir/sig/sig.c.su
8,static,/home/home/pqc/liboqs/src/common/common.c:237:14:OQS_init,build-c-rx-kem-s-resource-audit-v1/src/common/CMakeFiles/internal.dir/common.c.su
8,static,/home/home/pqc/liboqs/src/common/common.c:243:14:OQS_thread_stop,build-c-rx-kem-s-resource-audit-v1/src/common/CMakeFiles/internal.dir/common.c.su
8,static,/home/home/pqc/liboqs/src/common/common.c:249:21:OQS_version,build-c-rx-kem-s-resource-audit-v1/src/common/CMakeFiles/internal.dir/common.c.su
8,static,/home/home/pqc/liboqs/src/common/common.c:253:14:OQS_destroy,build-c-rx-kem-s-resource-audit-v1/src/common/CMakeFiles/internal.dir/common.c.su
8,static,/home/home/pqc/liboqs/src/common/common.c:259:13:OQS_MEM_secure_bcmp,build-c-rx-kem-s-resource-audit-v1/src/common/CMakeFiles/internal.dir/common.c.su
8,static,/home/home/pqc/liboqs/src/common/common.c:271:14:OQS_MEM_cleanse,build-c-rx-kem-s-resource-audit-v1/src/common/CMakeFiles/internal.dir/common.c.su
8,static,/home/home/pqc/liboqs/src/common/common.c:301:14:OQS_MEM_insecure_free,build-c-rx-kem-s-resource-audit-v1/src/common/CMakeFiles/internal.dir/common.c.su
8,static,/home/home/pqc/liboqs/src/common/common.c:309:7:OQS_MEM_aligned_alloc,build-c-rx-kem-s-resource-audit-v1/src/common/CMakeFiles/internal.dir/common.c.su
8,static,/home/home/pqc/liboqs/src/common/common.c:392:6:OQS_MEM_aligned_free,build-c-rx-kem-s-resource-audit-v1/src/common/CMakeFiles/internal.dir/common.c.su
8,static,/home/home/pqc/liboqs/src/common/common.c:419:15:OQS_MEM_malloc,build-c-rx-kem-s-resource-audit-v1/src/common/CMakeFiles/internal.dir/common.c.su
8,static,/home/home/pqc/liboqs/src/common/common.c:427:15:OQS_MEM_calloc,build-c-rx-kem-s-resource-audit-v1/src/common/CMakeFiles/internal.dir/common.c.su
8,static,/home/home/pqc/liboqs/src/common/common.c:439:15:OQS_MEM_strdup,build-c-rx-kem-s-resource-audit-v1/src/common/CMakeFiles/internal.dir/common.c.su
8,static,/home/home/pqc/liboqs/src/common/common.c:237:14:OQS_init,build-c-rx-kem-s-resource-audit-v1/src/common/CMakeFiles/common.dir/common.c.su
8,static,/home/home/pqc/liboqs/src/common/common.c:243:14:OQS_thread_stop,build-c-rx-kem-s-resource-audit-v1/src/common/CMakeFiles/common.dir/common.c.su
8,static,/home/home/pqc/liboqs/src/common/common.c:249:21:OQS_version,build-c-rx-kem-s-resource-audit-v1/src/common/CMakeFiles/common.dir/common.c.su
8,static,/home/home/pqc/liboqs/src/common/common.c:253:14:OQS_destroy,build-c-rx-kem-s-resource-audit-v1/src/common/CMakeFiles/common.dir/common.c.su
8,static,/home/home/pqc/liboqs/src/common/common.c:259:13:OQS_MEM_secure_bcmp,build-c-rx-kem-s-resource-audit-v1/src/common/CMakeFiles/common.dir/common.c.su
8,static,/home/home/pqc/liboqs/src/common/common.c:271:14:OQS_MEM_cleanse,build-c-rx-kem-s-resource-audit-v1/src/common/CMakeFiles/common.dir/common.c.su
8,static,/home/home/pqc/liboqs/src/common/common.c:301:14:OQS_MEM_insecure_free,build-c-rx-kem-s-resource-audit-v1/src/common/CMakeFiles/common.dir/common.c.su
8,static,/home/home/pqc/liboqs/src/common/common.c:309:7:OQS_MEM_aligned_alloc,build-c-rx-kem-s-resource-audit-v1/src/common/CMakeFiles/common.dir/common.c.su
8,static,/home/home/pqc/liboqs/src/common/common.c:392:6:OQS_MEM_aligned_free,build-c-rx-kem-s-resource-audit-v1/src/common/CMakeFiles/common.dir/common.c.su
8,static,/home/home/pqc/liboqs/src/common/common.c:419:15:OQS_MEM_malloc,build-c-rx-kem-s-resource-audit-v1/src/common/CMakeFiles/common.dir/common.c.su
8,static,/home/home/pqc/liboqs/src/common/common.c:427:15:OQS_MEM_calloc,build-c-rx-kem-s-resource-audit-v1/src/common/CMakeFiles/common.dir/common.c.su
8,static,/home/home/pqc/liboqs/src/common/common.c:439:15:OQS_MEM_strdup,build-c-rx-kem-s-resource-audit-v1/src/common/CMakeFiles/common.dir/common.c.su
8,static,/home/home/pqc/liboqs/src/common/rand/rand.c:58:14:OQS_randombytes_custom_algorithm,build-c-rx-kem-s-resource-audit-v1/src/common/CMakeFiles/common.dir/rand/rand.c.su
8,static,/home/home/pqc/liboqs/src/common/rand/rand.c:62:14:OQS_randombytes,build-c-rx-kem-s-resource-audit-v1/src/common/CMakeFiles/common.dir/rand/rand.c.su
8,static,/home/home/pqc/liboqs/src/common/sha3/sha3.c:11:14:OQS_SHA3_set_callbacks,build-c-rx-kem-s-resource-audit-v1/src/common/CMakeFiles/common.dir/sha3/sha3.c.su
8,static,/home/home/pqc/liboqs/src/common/sha3/sha3.c:15:6:OQS_SHA3_sha3_256,build-c-rx-kem-s-resource-audit-v1/src/common/CMakeFiles/common.dir/sha3/sha3.c.su
8,static,/home/home/pqc/liboqs/src/common/sha3/sha3.c:19:6:OQS_SHA3_sha3_256_inc_init,build-c-rx-kem-s-resource-audit-v1/src/common/CMakeFiles/common.dir/sha3/sha3.c.su
8,static,/home/home/pqc/liboqs/src/common/sha3/sha3.c:23:6:OQS_SHA3_sha3_256_inc_absorb,build-c-rx-kem-s-resource-audit-v1/src/common/CMakeFiles/common.dir/sha3/sha3.c.su
8,static,/home/home/pqc/liboqs/src/common/sha3/sha3.c:27:6:OQS_SHA3_sha3_256_inc_finalize,build-c-rx-kem-s-resource-audit-v1/src/common/CMakeFiles/common.dir/sha3/sha3.c.su
8,static,/home/home/pqc/liboqs/src/common/sha3/sha3.c:31:6:OQS_SHA3_sha3_256_inc_ctx_release,build-c-rx-kem-s-resource-audit-v1/src/common/CMakeFiles/common.dir/sha3/sha3.c.su
8,static,/home/home/pqc/liboqs/src/common/sha3/sha3.c:35:6:OQS_SHA3_sha3_256_inc_ctx_reset,build-c-rx-kem-s-resource-audit-v1/src/common/CMakeFiles/common.dir/sha3/sha3.c.su
8,static,/home/home/pqc/liboqs/src/common/sha3/sha3.c:39:6:OQS_SHA3_sha3_256_inc_ctx_clone,build-c-rx-kem-s-resource-audit-v1/src/common/CMakeFiles/common.dir/sha3/sha3.c.su
8,static,/home/home/pqc/liboqs/src/common/sha3/sha3.c:43:6:OQS_SHA3_sha3_384,build-c-rx-kem-s-resource-audit-v1/src/common/CMakeFiles/common.dir/sha3/sha3.c.su
8,static,/home/home/pqc/liboqs/src/common/sha3/sha3.c:47:6:OQS_SHA3_sha3_384_inc_init,build-c-rx-kem-s-resource-audit-v1/src/common/CMakeFiles/common.dir/sha3/sha3.c.su
8,static,/home/home/pqc/liboqs/src/common/sha3/sha3.c:51:6:OQS_SHA3_sha3_384_inc_absorb,build-c-rx-kem-s-resource-audit-v1/src/common/CMakeFiles/common.dir/sha3/sha3.c.su
8,static,/home/home/pqc/liboqs/src/common/sha3/sha3.c:55:6:OQS_SHA3_sha3_384_inc_finalize,build-c-rx-kem-s-resource-audit-v1/src/common/CMakeFiles/common.dir/sha3/sha3.c.su
8,static,/home/home/pqc/liboqs/src/common/sha3/sha3.c:59:6:OQS_SHA3_sha3_384_inc_ctx_release,build-c-rx-kem-s-resource-audit-v1/src/common/CMakeFiles/common.dir/sha3/sha3.c.su
8,static,/home/home/pqc/liboqs/src/common/sha3/sha3.c:63:6:OQS_SHA3_sha3_384_inc_ctx_reset,build-c-rx-kem-s-resource-audit-v1/src/common/CMakeFiles/common.dir/sha3/sha3.c.su
8,static,/home/home/pqc/liboqs/src/common/sha3/sha3.c:67:6:OQS_SHA3_sha3_384_inc_ctx_clone,build-c-rx-kem-s-resource-audit-v1/src/common/CMakeFiles/common.dir/sha3/sha3.c.su
8,static,/home/home/pqc/liboqs/src/common/sha3/sha3.c:71:6:OQS_SHA3_sha3_512,build-c-rx-kem-s-resource-audit-v1/src/common/CMakeFiles/common.dir/sha3/sha3.c.su
8,static,/home/home/pqc/liboqs/src/common/sha3/sha3.c:75:6:OQS_SHA3_sha3_512_inc_init,build-c-rx-kem-s-resource-audit-v1/src/common/CMakeFiles/common.dir/sha3/sha3.c.su
8,static,/home/home/pqc/liboqs/src/common/sha3/sha3.c:79:6:OQS_SHA3_sha3_512_inc_absorb,build-c-rx-kem-s-resource-audit-v1/src/common/CMakeFiles/common.dir/sha3/sha3.c.su
8,static,/home/home/pqc/liboqs/src/common/sha3/sha3.c:83:6:OQS_SHA3_sha3_512_inc_finalize,build-c-rx-kem-s-resource-audit-v1/src/common/CMakeFiles/common.dir/sha3/sha3.c.su
8,static,/home/home/pqc/liboqs/src/common/sha3/sha3.c:87:6:OQS_SHA3_sha3_512_inc_ctx_release,build-c-rx-kem-s-resource-audit-v1/src/common/CMakeFiles/common.dir/sha3/sha3.c.su
8,static,/home/home/pqc/liboqs/src/common/sha3/sha3.c:91:6:OQS_SHA3_sha3_512_inc_ctx_reset,build-c-rx-kem-s-resource-audit-v1/src/common/CMakeFiles/common.dir/sha3/sha3.c.su
8,static,/home/home/pqc/liboqs/src/common/sha3/sha3.c:95:6:OQS_SHA3_sha3_512_inc_ctx_clone,build-c-rx-kem-s-resource-audit-v1/src/common/CMakeFiles/common.dir/sha3/sha3.c.su
8,static,/home/home/pqc/liboqs/src/common/sha3/sha3.c:99:6:OQS_SHA3_shake128,build-c-rx-kem-s-resource-audit-v1/src/common/CMakeFiles/common.dir/sha3/sha3.c.su
8,static,/home/home/pqc/liboqs/src/common/sha3/sha3.c:103:6:OQS_SHA3_shake128_inc_init,build-c-rx-kem-s-resource-audit-v1/src/common/CMakeFiles/common.dir/sha3/sha3.c.su
8,static,/home/home/pqc/liboqs/src/common/sha3/sha3.c:107:6:OQS_SHA3_shake128_inc_absorb,build-c-rx-kem-s-resource-audit-v1/src/common/CMakeFiles/common.dir/sha3/sha3.c.su
8,static,/home/home/pqc/liboqs/src/common/sha3/sha3.c:111:6:OQS_SHA3_shake128_inc_finalize,build-c-rx-kem-s-resource-audit-v1/src/common/CMakeFiles/common.dir/sha3/sha3.c.su
8,static,/home/home/pqc/liboqs/src/common/sha3/sha3.c:115:6:OQS_SHA3_shake128_inc_squeeze,build-c-rx-kem-s-resource-audit-v1/src/common/CMakeFiles/common.dir/sha3/sha3.c.su
8,static,/home/home/pqc/liboqs/src/common/sha3/sha3.c:119:6:OQS_SHA3_shake128_inc_ctx_release,build-c-rx-kem-s-resource-audit-v1/src/common/CMakeFiles/common.dir/sha3/sha3.c.su
8,static,/home/home/pqc/liboqs/src/common/sha3/sha3.c:123:6:OQS_SHA3_shake128_inc_ctx_clone,build-c-rx-kem-s-resource-audit-v1/src/common/CMakeFiles/common.dir/sha3/sha3.c.su
8,static,/home/home/pqc/liboqs/src/common/sha3/sha3.c:127:6:OQS_SHA3_shake128_inc_ctx_reset,build-c-rx-kem-s-resource-audit-v1/src/common/CMakeFiles/common.dir/sha3/sha3.c.su
8,static,/home/home/pqc/liboqs/src/common/sha3/sha3.c:131:6:OQS_SHA3_shake256,build-c-rx-kem-s-resource-audit-v1/src/common/CMakeFiles/common.dir/sha3/sha3.c.su
8,static,/home/home/pqc/liboqs/src/common/sha3/sha3.c:135:6:OQS_SHA3_shake256_inc_init,build-c-rx-kem-s-resource-audit-v1/src/common/CMakeFiles/common.dir/sha3/sha3.c.su
8,static,/home/home/pqc/liboqs/src/common/sha3/sha3.c:139:6:OQS_SHA3_shake256_inc_absorb,build-c-rx-kem-s-resource-audit-v1/src/common/CMakeFiles/common.dir/sha3/sha3.c.su
8,static,/home/home/pqc/liboqs/src/common/sha3/sha3.c:143:6:OQS_SHA3_shake256_inc_finalize,build-c-rx-kem-s-resource-audit-v1/src/common/CMakeFiles/common.dir/sha3/sha3.c.su
8,static,/home/home/pqc/liboqs/src/common/sha3/sha3.c:147:6:OQS_SHA3_shake256_inc_squeeze,build-c-rx-kem-s-resource-audit-v1/src/common/CMakeFiles/common.dir/sha3/sha3.c.su
8,static,/home/home/pqc/liboqs/src/common/sha3/sha3.c:151:6:OQS_SHA3_shake256_inc_ctx_release,build-c-rx-kem-s-resource-audit-v1/src/common/CMakeFiles/common.dir/sha3/sha3.c.su
8,static,/home/home/pqc/liboqs/src/common/sha3/sha3.c:155:6:OQS_SHA3_shake256_inc_ctx_clone,build-c-rx-kem-s-resource-audit-v1/src/common/CMakeFiles/common.dir/sha3/sha3.c.su
8,static,/home/home/pqc/liboqs/src/common/sha3/sha3.c:159:6:OQS_SHA3_shake256_inc_ctx_reset,build-c-rx-kem-s-resource-audit-v1/src/common/CMakeFiles/common.dir/sha3/sha3.c.su
8,static,/home/home/pqc/liboqs/src/common/sha3/xkcp_sha3x4.c:238:13:SHA3_shake256_x4_inc_ctx_clone,build-c-rx-kem-s-resource-audit-v1/src/common/CMakeFiles/common.dir/sha3/xkcp_sha3x4.c.su
8,static,/home/home/pqc/liboqs/src/common/sha3/xkcp_sha3x4.c:195:13:SHA3_shake128_x4_inc_ctx_clone,build-c-rx-kem-s-resource-audit-v1/src/common/CMakeFiles/common.dir/sha3/xkcp_sha3x4.c.su
8,static,/home/home/pqc/liboqs/src/common/sha3/xkcp_sha3x4.c:242:13:SHA3_shake256_x4_inc_ctx_release,build-c-rx-kem-s-resource-audit-v1/src/common/CMakeFiles/common.dir/sha3/xkcp_sha3x4.c.su
8,static,/home/home/pqc/liboqs/src/common/sha3/xkcp_sha3x4.c:199:13:SHA3_shake128_x4_inc_ctx_release,build-c-rx-kem-s-resource-audit-v1/src/common/CMakeFiles/common.dir/sha3/xkcp_sha3x4.c.su
8,static,/home/home/pqc/liboqs/src/common/sha3/xkcp_sha3x4.c:230:13:SHA3_shake256_x4_inc_finalize,build-c-rx-kem-s-resource-audit-v1/src/common/CMakeFiles/common.dir/sha3/xkcp_sha3x4.c.su
8,static,/home/home/pqc/liboqs/src/common/sha3/xkcp_sha3x4.c:187:13:SHA3_shake128_x4_inc_finalize,build-c-rx-kem-s-resource-audit-v1/src/common/CMakeFiles/common.dir/sha3/xkcp_sha3x4.c.su
8,static,/home/home/pqc/liboqs/src/common/sha3/avx512vl_sha3x4.c:105:1:SHA3_shake256_x4_inc_ctx_clone_avx512vl,build-c-rx-kem-s-resource-audit-v1/src/common/CMakeFiles/common.dir/sha3/avx512vl_sha3x4.c.su
8,static,/home/home/pqc/liboqs/src/common/sha3/avx512vl_sha3x4.c:60:1:SHA3_shake128_x4_inc_ctx_clone_avx512vl,build-c-rx-kem-s-resource-audit-v1/src/common/CMakeFiles/common.dir/sha3/avx512vl_sha3x4.c.su
8,static,/home/home/pqc/liboqs/src/common/sha3/avx512vl_sha3.c:199:1:SHA3_shake256_inc_ctx_clone_avx512vl,build-c-rx-kem-s-resource-audit-v1/src/common/CMakeFiles/common.dir/sha3/avx512vl_sha3.c.su
8,static,/home/home/pqc/liboqs/src/common/sha3/avx512vl_sha3.c:172:1:SHA3_shake128_inc_ctx_clone_avx512vl,build-c-rx-kem-s-resource-audit-v1/src/common/CMakeFiles/common.dir/sha3/avx512vl_sha3.c.su
8,static,/home/home/pqc/liboqs/src/common/sha3/avx512vl_sha3.c:157:1:SHA3_sha3_512_inc_ctx_clone_avx512vl,build-c-rx-kem-s-resource-audit-v1/src/common/CMakeFiles/common.dir/sha3/avx512vl_sha3.c.su
8,static,/home/home/pqc/liboqs/src/common/sha3/avx512vl_sha3.c:136:1:SHA3_sha3_384_inc_ctx_clone_avx512vl,build-c-rx-kem-s-resource-audit-v1/src/common/CMakeFiles/common.dir/sha3/avx512vl_sha3.c.su
8,static,/home/home/pqc/liboqs/src/common/sha3/avx512vl_sha3.c:115:1:SHA3_sha3_256_inc_ctx_clone_avx512vl,build-c-rx-kem-s-resource-audit-v1/src/common/CMakeFiles/common.dir/sha3/avx512vl_sha3.c.su
8,static,/home/home/pqc/liboqs/src/common/sha3/sha3x4.c:11:14:OQS_SHA3_x4_set_callbacks,build-c-rx-kem-s-resource-audit-v1/src/common/CMakeFiles/common.dir/sha3/sha3x4.c.su
8,static,/home/home/pqc/liboqs/src/common/sha3/sha3x4.c:15:6:OQS_SHA3_shake128_x4,build-c-rx-kem-s-resource-audit-v1/src/common/CMakeFiles/common.dir/sha3/sha3x4.c.su
8,static,/home/home/pqc/liboqs/src/common/sha3/sha3x4.c:19:6:OQS_SHA3_shake128_x4_inc_init,build-c-rx-kem-s-resource-audit-v1/src/common/CMakeFiles/common.dir/sha3/sha3x4.c.su
8,static,/home/home/pqc/liboqs/src/common/sha3/sha3x4.c:23:6:OQS_SHA3_shake128_x4_inc_absorb,build-c-rx-kem-s-resource-audit-v1/src/common/CMakeFiles/common.dir/sha3/sha3x4.c.su
8,static,/home/home/pqc/liboqs/src/common/sha3/sha3x4.c:27:6:OQS_SHA3_shake128_x4_inc_finalize,build-c-rx-kem-s-resource-audit-v1/src/common/CMakeFiles/common.dir/sha3/sha3x4.c.su
8,static,/home/home/pqc/liboqs/src/common/sha3/sha3x4.c:31:6:OQS_SHA3_shake128_x4_inc_squeeze,build-c-rx-kem-s-resource-audit-v1/src/common/CMakeFiles/common.dir/sha3/sha3x4.c.su
8,static,/home/home/pqc/liboqs/src/common/sha3/sha3x4.c:35:6:OQS_SHA3_shake128_x4_inc_ctx_release,build-c-rx-kem-s-resource-audit-v1/src/common/CMakeFiles/common.dir/sha3/sha3x4.c.su
8,static,/home/home/pqc/liboqs/src/common/sha3/sha3x4.c:39:6:OQS_SHA3_shake128_x4_inc_ctx_clone,build-c-rx-kem-s-resource-audit-v1/src/common/CMakeFiles/common.dir/sha3/sha3x4.c.su
8,static,/home/home/pqc/liboqs/src/common/sha3/sha3x4.c:43:6:OQS_SHA3_shake128_x4_inc_ctx_reset,build-c-rx-kem-s-resource-audit-v1/src/common/CMakeFiles/common.dir/sha3/sha3x4.c.su
8,static,/home/home/pqc/liboqs/src/common/sha3/sha3x4.c:47:6:OQS_SHA3_shake256_x4,build-c-rx-kem-s-resource-audit-v1/src/common/CMakeFiles/common.dir/sha3/sha3x4.c.su
8,static,/home/home/pqc/liboqs/src/common/sha3/sha3x4.c:51:6:OQS_SHA3_shake256_x4_inc_init,build-c-rx-kem-s-resource-audit-v1/src/common/CMakeFiles/common.dir/sha3/sha3x4.c.su
8,static,/home/home/pqc/liboqs/src/common/sha3/sha3x4.c:55:6:OQS_SHA3_shake256_x4_inc_absorb,build-c-rx-kem-s-resource-audit-v1/src/common/CMakeFiles/common.dir/sha3/sha3x4.c.su
8,static,/home/home/pqc/liboqs/src/common/sha3/sha3x4.c:59:6:OQS_SHA3_shake256_x4_inc_finalize,build-c-rx-kem-s-resource-audit-v1/src/common/CMakeFiles/common.dir/sha3/sha3x4.c.su
8,static,/home/home/pqc/liboqs/src/common/sha3/sha3x4.c:63:6:OQS_SHA3_shake256_x4_inc_squeeze,build-c-rx-kem-s-resource-audit-v1/src/common/CMakeFiles/common.dir/sha3/sha3x4.c.su
8,static,/home/home/pqc/liboqs/src/common/sha3/sha3x4.c:67:6:OQS_SHA3_shake256_x4_inc_ctx_release,build-c-rx-kem-s-resource-audit-v1/src/common/CMakeFiles/common.dir/sha3/sha3x4.c.su
8,static,/home/home/pqc/liboqs/src/common/sha3/sha3x4.c:71:6:OQS_SHA3_shake256_x4_inc_ctx_clone,build-c-rx-kem-s-resource-audit-v1/src/common/CMakeFiles/common.dir/sha3/sha3x4.c.su
8,static,/home/home/pqc/liboqs/src/common/sha3/sha3x4.c:75:6:OQS_SHA3_shake256_x4_inc_ctx_reset,build-c-rx-kem-s-resource-audit-v1/src/common/CMakeFiles/common.dir/sha3/sha3x4.c.su
8,static,/home/home/pqc/liboqs/src/common/sha3/xkcp_sha3.c:217:13:SHA3_sha3_256_inc_absorb,build-c-rx-kem-s-resource-audit-v1/src/common/CMakeFiles/common.dir/sha3/xkcp_sha3.c.su
8,static,/home/home/pqc/liboqs/src/common/sha3/xkcp_sha3.c:253:13:SHA3_sha3_384_inc_absorb,build-c-rx-kem-s-resource-audit-v1/src/common/CMakeFiles/common.dir/sha3/xkcp_sha3.c.su
8,static,/home/home/pqc/liboqs/src/common/sha3/xkcp_sha3.c:290:13:SHA3_sha3_512_inc_absorb,build-c-rx-kem-s-resource-audit-v1/src/common/CMakeFiles/common.dir/sha3/xkcp_sha3.c.su
8,static,/home/home/pqc/liboqs/src/common/sha3/xkcp_sha3.c:330:13:SHA3_shake128_inc_absorb,build-c-rx-kem-s-resource-audit-v1/src/common/CMakeFiles/common.dir/sha3/xkcp_sha3.c.su
8,static,/home/home/pqc/liboqs/src/common/sha3/xkcp_sha3.c:338:13:SHA3_shake128_inc_squeeze,build-c-rx-kem-s-resource-audit-v1/src/common/CMakeFiles/common.dir/sha3/xkcp_sha3.c.su
8,static,/home/home/pqc/liboqs/src/common/sha3/xkcp_sha3.c:373:13:SHA3_shake256_inc_absorb,build-c-rx-kem-s-resource-audit-v1/src/common/CMakeFiles/common.dir/sha3/xkcp_sha3.c.su
8,static,/home/home/pqc/liboqs/src/common/sha3/xkcp_sha3.c:381:13:SHA3_shake256_inc_squeeze,build-c-rx-kem-s-resource-audit-v1/src/common/CMakeFiles/common.dir/sha3/xkcp_sha3.c.su
8,static,/home/home/pqc/liboqs/src/common/sha3/xkcp_sha3.c:389:13:SHA3_shake256_inc_ctx_clone,build-c-rx-kem-s-resource-audit-v1/src/common/CMakeFiles/common.dir/sha3/xkcp_sha3.c.su
8,static,/home/home/pqc/liboqs/src/common/sha3/xkcp_sha3.c:342:13:SHA3_shake128_inc_ctx_clone,build-c-rx-kem-s-resource-audit-v1/src/common/CMakeFiles/common.dir/sha3/xkcp_sha3.c.su
8,static,/home/home/pqc/liboqs/src/common/sha3/xkcp_sha3.c:303:13:SHA3_sha3_512_inc_ctx_clone,build-c-rx-kem-s-resource-audit-v1/src/common/CMakeFiles/common.dir/sha3/xkcp_sha3.c.su
8,static,/home/home/pqc/liboqs/src/common/sha3/xkcp_sha3.c:266:13:SHA3_sha3_384_inc_ctx_clone,build-c-rx-kem-s-resource-audit-v1/src/common/CMakeFiles/common.dir/sha3/xkcp_sha3.c.su
8,static,/home/home/pqc/liboqs/src/common/sha3/xkcp_sha3.c:230:13:SHA3_sha3_256_inc_ctx_clone,build-c-rx-kem-s-resource-audit-v1/src/common/CMakeFiles/common.dir/sha3/xkcp_sha3.c.su
8,static,/home/home/pqc/liboqs/src/common/sha3/xkcp_sha3.c:385:13:SHA3_shake256_inc_ctx_release,build-c-rx-kem-s-resource-audit-v1/src/common/CMakeFiles/common.dir/sha3/xkcp_sha3.c.su
8,static,/home/home/pqc/liboqs/src/common/sha3/xkcp_sha3.c:346:13:SHA3_shake128_inc_ctx_release,build-c-rx-kem-s-resource-audit-v1/src/common/CMakeFiles/common.dir/sha3/xkcp_sha3.c.su
8,static,/home/home/pqc/liboqs/src/common/sha3/xkcp_sha3.c:299:13:SHA3_sha3_512_inc_ctx_release,build-c-rx-kem-s-resource-audit-v1/src/common/CMakeFiles/common.dir/sha3/xkcp_sha3.c.su
8,static,/home/home/pqc/liboqs/src/common/sha3/xkcp_sha3.c:262:13:SHA3_sha3_384_inc_ctx_release,build-c-rx-kem-s-resource-audit-v1/src/common/CMakeFiles/common.dir/sha3/xkcp_sha3.c.su
8,static,/home/home/pqc/liboqs/src/common/sha3/xkcp_sha3.c:226:13:SHA3_sha3_256_inc_ctx_release,build-c-rx-kem-s-resource-audit-v1/src/common/CMakeFiles/common.dir/sha3/xkcp_sha3.c.su
8,static,/home/home/pqc/liboqs/src/common/sha2/sha2.c:9:14:OQS_SHA2_set_callbacks,build-c-rx-kem-s-resource-audit-v1/src/common/CMakeFiles/common.dir/sha2/sha2.c.su
8,static,/home/home/pqc/liboqs/src/common/sha2/sha2.c:13:6:OQS_SHA2_sha256_inc_init,build-c-rx-kem-s-resource-audit-v1/src/common/CMakeFiles/common.dir/sha2/sha2.c.su
8,static,/home/home/pqc/liboqs/src/common/sha2/sha2.c:17:6:OQS_SHA2_sha256_inc_ctx_clone,build-c-rx-kem-s-resource-audit-v1/src/common/CMakeFiles/common.dir/sha2/sha2.c.su
8,static,/home/home/pqc/liboqs/src/common/sha2/sha2.c:21:6:OQS_SHA2_sha256_inc_blocks,build-c-rx-kem-s-resource-audit-v1/src/common/CMakeFiles/common.dir/sha2/sha2.c.su
8,static,/home/home/pqc/liboqs/src/common/sha2/sha2.c:25:6:OQS_SHA2_sha256_inc,build-c-rx-kem-s-resource-audit-v1/src/common/CMakeFiles/common.dir/sha2/sha2.c.su
8,static,/home/home/pqc/liboqs/src/common/sha2/sha2.c:29:6:OQS_SHA2_sha256_inc_finalize,build-c-rx-kem-s-resource-audit-v1/src/common/CMakeFiles/common.dir/sha2/sha2.c.su
8,static,/home/home/pqc/liboqs/src/common/sha2/sha2.c:33:6:OQS_SHA2_sha256_inc_ctx_release,build-c-rx-kem-s-resource-audit-v1/src/common/CMakeFiles/common.dir/sha2/sha2.c.su
8,static,/home/home/pqc/liboqs/src/common/sha2/sha2.c:37:6:OQS_SHA2_sha384_inc_init,build-c-rx-kem-s-resource-audit-v1/src/common/CMakeFiles/common.dir/sha2/sha2.c.su
8,static,/home/home/pqc/liboqs/src/common/sha2/sha2.c:41:6:OQS_SHA2_sha384_inc_ctx_clone,build-c-rx-kem-s-resource-audit-v1/src/common/CMakeFiles/common.dir/sha2/sha2.c.su
8,static,/home/home/pqc/liboqs/src/common/sha2/sha2.c:45:6:OQS_SHA2_sha384_inc_blocks,build-c-rx-kem-s-resource-audit-v1/src/common/CMakeFiles/common.dir/sha2/sha2.c.su
8,static,/home/home/pqc/liboqs/src/common/sha2/sha2.c:49:6:OQS_SHA2_sha384_inc_finalize,build-c-rx-kem-s-resource-audit-v1/src/common/CMakeFiles/common.dir/sha2/sha2.c.su
8,static,/home/home/pqc/liboqs/src/common/sha2/sha2.c:53:6:OQS_SHA2_sha384_inc_ctx_release,build-c-rx-kem-s-resource-audit-v1/src/common/CMakeFiles/common.dir/sha2/sha2.c.su
8,static,/home/home/pqc/liboqs/src/common/sha2/sha2.c:57:6:OQS_SHA2_sha512_inc_init,build-c-rx-kem-s-resource-audit-v1/src/common/CMakeFiles/common.dir/sha2/sha2.c.su
8,static,/home/home/pqc/liboqs/src/common/sha2/sha2.c:61:6:OQS_SHA2_sha512_inc_ctx_clone,build-c-rx-kem-s-resource-audit-v1/src/common/CMakeFiles/common.dir/sha2/sha2.c.su
8,static,/home/home/pqc/liboqs/src/common/sha2/sha2.c:65:6:OQS_SHA2_sha512_inc_blocks,build-c-rx-kem-s-resource-audit-v1/src/common/CMakeFiles/common.dir/sha2/sha2.c.su
8,static,/home/home/pqc/liboqs/src/common/sha2/sha2.c:69:6:OQS_SHA2_sha512_inc_finalize,build-c-rx-kem-s-resource-audit-v1/src/common/CMakeFiles/common.dir/sha2/sha2.c.su
8,static,/home/home/pqc/liboqs/src/common/sha2/sha2.c:73:6:OQS_SHA2_sha512_inc_ctx_release,build-c-rx-kem-s-resource-audit-v1/src/common/CMakeFiles/common.dir/sha2/sha2.c.su
8,static,/home/home/pqc/liboqs/src/common/sha2/sha2.c:77:6:OQS_SHA2_sha256,build-c-rx-kem-s-resource-audit-v1/src/common/CMakeFiles/common.dir/sha2/sha2.c.su
8,static,/home/home/pqc/liboqs/src/common/sha2/sha2.c:81:6:OQS_SHA2_sha384,build-c-rx-kem-s-resource-audit-v1/src/common/CMakeFiles/common.dir/sha2/sha2.c.su
8,static,/home/home/pqc/liboqs/src/common/sha2/sha2.c:85:6:OQS_SHA2_sha512,build-c-rx-kem-s-resource-audit-v1/src/common/CMakeFiles/common.dir/sha2/sha2.c.su
8,static,/home/home/pqc/liboqs/src/common/sha2/sha2_c.c:24:17:load_bigendian_64,build-c-rx-kem-s-resource-audit-v1/src/common/CMakeFiles/common.dir/sha2/sha2_c.c.su
8,static,/home/home/pqc/liboqs/src/common/sha2/sha2_c.c:590:6:oqs_sha2_sha224_inc_ctx_release_c,build-c-rx-kem-s-resource-audit-v1/src/common/CMakeFiles/common.dir/sha2/sha2_c.c.su
8,static,/home/home/pqc/liboqs/src/common/sha2/sha2_c.c:595:6:oqs_sha2_sha256_inc_ctx_release_c,build-c-rx-kem-s-resource-audit-v1/src/common/CMakeFiles/common.dir/sha2/sha2_c.c.su
8,static,/home/home/pqc/liboqs/src/common/sha2/sha2_c.c:600:6:oqs_sha2_sha384_inc_ctx_release_c,build-c-rx-kem-s-resource-audit-v1/src/common/CMakeFiles/common.dir/sha2/sha2_c.c.su
8,static,/home/home/pqc/liboqs/src/common/sha2/sha2_c.c:605:6:oqs_sha2_sha512_inc_ctx_release_c,build-c-rx-kem-s-resource-audit-v1/src/common/CMakeFiles/common.dir/sha2/sha2_c.c.su
8,static,/home/home/pqc/liboqs/src/common/sha2/sha2_c.c:666:6:oqs_sha2_sha224_inc_blocks_c,build-c-rx-kem-s-resource-audit-v1/src/common/CMakeFiles/common.dir/sha2/sha2_c.c.su
8,static,/home/home/pqc/liboqs/src/common/sha2/sha2_impl.c:92:13:SHA2_sha512_inc_ctx_release,build-c-rx-kem-s-resource-audit-v1/src/common/CMakeFiles/common.dir/sha2/sha2_impl.c.su
8,static,/home/home/pqc/liboqs/src/common/sha2/sha2_impl.c:88:13:SHA2_sha512_inc_finalize,build-c-rx-kem-s-resource-audit-v1/src/common/CMakeFiles/common.dir/sha2/sha2_impl.c.su
8,static,/home/home/pqc/liboqs/src/common/sha2/sha2_impl.c:84:13:SHA2_sha512_inc_blocks,build-c-rx-kem-s-resource-audit-v1/src/common/CMakeFiles/common.dir/sha2/sha2_impl.c.su
8,static,/home/home/pqc/liboqs/src/common/sha2/sha2_impl.c:80:13:SHA2_sha512_inc_ctx_clone,build-c-rx-kem-s-resource-audit-v1/src/common/CMakeFiles/common.dir/sha2/sha2_impl.c.su
8,static,/home/home/pqc/liboqs/src/common/sha2/sha2_impl.c:76:13:SHA2_sha512_inc_init,build-c-rx-kem-s-resource-audit-v1/src/common/CMakeFiles/common.dir/sha2/sha2_impl.c.su
8,static,/home/home/pqc/liboqs/src/common/sha2/sha2_impl.c:107:13:SHA2_sha512,build-c-rx-kem-s-resource-audit-v1/src/common/CMakeFiles/common.dir/sha2/sha2_impl.c.su
8,static,/home/home/pqc/liboqs/src/common/sha2/sha2_impl.c:72:13:SHA2_sha384_inc_ctx_release,build-c-rx-kem-s-resource-audit-v1/src/common/CMakeFiles/common.dir/sha2/sha2_impl.c.su
8,static,/home/home/pqc/liboqs/src/common/sha2/sha2_impl.c:68:13:SHA2_sha384_inc_finalize,build-c-rx-kem-s-resource-audit-v1/src/common/CMakeFiles/common.dir/sha2/sha2_impl.c.su
8,static,/home/home/pqc/liboqs/src/common/sha2/sha2_impl.c:64:13:SHA2_sha384_inc_blocks,build-c-rx-kem-s-resource-audit-v1/src/common/CMakeFiles/common.dir/sha2/sha2_impl.c.su
8,static,/home/home/pqc/liboqs/src/common/sha2/sha2_impl.c:60:13:SHA2_sha384_inc_ctx_clone,build-c-rx-kem-s-resource-audit-v1/src/common/CMakeFiles/common.dir/sha2/sha2_impl.c.su
8,static,/home/home/pqc/liboqs/src/common/sha2/sha2_impl.c:56:13:SHA2_sha384_inc_init,build-c-rx-kem-s-resource-audit-v1/src/common/CMakeFiles/common.dir/sha2/sha2_impl.c.su
8,static,/home/home/pqc/liboqs/src/common/sha2/sha2_impl.c:103:13:SHA2_sha384,build-c-rx-kem-s-resource-audit-v1/src/common/CMakeFiles/common.dir/sha2/sha2_impl.c.su
8,static,/home/home/pqc/liboqs/src/common/sha2/sha2_impl.c:52:13:SHA2_sha256_inc_ctx_release,build-c-rx-kem-s-resource-audit-v1/src/common/CMakeFiles/common.dir/sha2/sha2_impl.c.su
8,static,/home/home/pqc/liboqs/src/common/sha2/sha2_impl.c:48:13:SHA2_sha256_inc_finalize,build-c-rx-kem-s-resource-audit-v1/src/common/CMakeFiles/common.dir/sha2/sha2_impl.c.su
8,static,/home/home/pqc/liboqs/src/common/sha2/sha2_impl.c:41:13:SHA2_sha256_inc_blocks,build-c-rx-kem-s-resource-audit-v1/src/common/CMakeFiles/common.dir/sha2/sha2_impl.c.su
8,static,/home/home/pqc/liboqs/src/common/sha2/sha2_impl.c:34:13:SHA2_sha256_inc,build-c-rx-kem-s-resource-audit-v1/src/common/CMakeFiles/common.dir/sha2/sha2_impl.c.su
8,static,/home/home/pqc/liboqs/src/common/sha2/sha2_impl.c:30:13:SHA2_sha256_inc_ctx_clone,build-c-rx-kem-s-resource-audit-v1/src/common/CMakeFiles/common.dir/sha2/sha2_impl.c.su
8,static,/home/home/pqc/liboqs/src/common/sha2/sha2_impl.c:26:13:SHA2_sha256_inc_init,build-c-rx-kem-s-resource-audit-v1/src/common/CMakeFiles/common.dir/sha2/sha2_impl.c.su
8,static,/home/home/pqc/liboqs/src/common/sha2/sha2_impl.c:96:13:SHA2_sha256,build-c-rx-kem-s-resource-audit-v1/src/common/CMakeFiles/common.dir/sha2/sha2_impl.c.su
8,static,/home/home/pqc/liboqs/src/common/aes/aes128_ni.c:72:6:oqs_aes128_load_iv_u64_ni,build-c-rx-kem-s-resource-audit-v1/src/common/CMakeFiles/common.dir/aes/aes128_ni.c.su
8,static,/home/home/pqc/liboqs/src/common/aes/aes128_ni.c:77:6:oqs_aes128_free_schedule_ni,build-c-rx-kem-s-resource-audit-v1/src/common/CMakeFiles/common.dir/aes/aes128_ni.c.su
8,static,/home/home/pqc/liboqs/src/common/aes/aes128_ni.c:135:6:oqs_aes128_enc_sch_block_ni,build-c-rx-kem-s-resource-audit-v1/src/common/CMakeFiles/common.dir/aes/aes128_ni.c.su
8,static,/home/home/pqc/liboqs/src/common/aes/aes128_ni.c:140:6:oqs_aes128_ecb_enc_sch_ni,build-c-rx-kem-s-resource-audit-v1/src/common/CMakeFiles/common.dir/aes/aes128_ni.c.su
8,static,/home/home/pqc/liboqs/src/common/aes/aes128_ni.c:147:6:oqs_aes128_ctr_enc_sch_upd_blks_ni,build-c-rx-kem-s-resource-audit-v1/src/common/CMakeFiles/common.dir/aes/aes128_ni.c.su
8,static,/home/home/pqc/liboqs/src/common/aes/aes.c:14:14:OQS_AES_set_callbacks,build-c-rx-kem-s-resource-audit-v1/src/common/CMakeFiles/common.dir/aes/aes.c.su
8,static,/home/home/pqc/liboqs/src/common/aes/aes.c:18:6:OQS_AES128_ECB_load_schedule,build-c-rx-kem-s-resource-audit-v1/src/common/CMakeFiles/common.dir/aes/aes.c.su
8,static,/home/home/pqc/liboqs/src/common/aes/aes.c:22:6:OQS_AES128_CTR_inc_init,build-c-rx-kem-s-resource-audit-v1/src/common/CMakeFiles/common.dir/aes/aes.c.su
8,static,/home/home/pqc/liboqs/src/common/aes/aes.c:26:6:OQS_AES128_CTR_inc_iv,build-c-rx-kem-s-resource-audit-v1/src/common/CMakeFiles/common.dir/aes/aes.c.su
8,static,/home/home/pqc/liboqs/src/common/aes/aes.c:30:6:OQS_AES128_CTR_inc_ivu64,build-c-rx-kem-s-resource-audit-v1/src/common/CMakeFiles/common.dir/aes/aes.c.su
8,static,/home/home/pqc/liboqs/src/common/aes/aes.c:34:6:OQS_AES128_free_schedule,build-c-rx-kem-s-resource-audit-v1/src/common/CMakeFiles/common.dir/aes/aes.c.su
8,static,/home/home/pqc/liboqs/src/common/aes/aes.c:38:6:OQS_AES256_ECB_load_schedule,build-c-rx-kem-s-resource-audit-v1/src/common/CMakeFiles/common.dir/aes/aes.c.su
8,static,/home/home/pqc/liboqs/src/common/aes/aes.c:42:6:OQS_AES256_CTR_inc_init,build-c-rx-kem-s-resource-audit-v1/src/common/CMakeFiles/common.dir/aes/aes.c.su
8,static,/home/home/pqc/liboqs/src/common/aes/aes.c:46:6:OQS_AES256_CTR_inc_iv,build-c-rx-kem-s-resource-audit-v1/src/common/CMakeFiles/common.dir/aes/aes.c.su
8,static,/home/home/pqc/liboqs/src/common/aes/aes.c:50:6:OQS_AES256_CTR_inc_ivu64,build-c-rx-kem-s-resource-audit-v1/src/common/CMakeFiles/common.dir/aes/aes.c.su
8,static,/home/home/pqc/liboqs/src/common/aes/aes.c:54:6:OQS_AES256_free_schedule,build-c-rx-kem-s-resource-audit-v1/src/common/CMakeFiles/common.dir/aes/aes.c.su
8,static,/home/home/pqc/liboqs/src/common/aes/aes.c:58:6:OQS_AES128_ECB_enc,build-c-rx-kem-s-resource-audit-v1/src/common/CMakeFiles/common.dir/aes/aes.c.su
8,static,/home/home/pqc/liboqs/src/common/aes/aes.c:62:6:OQS_AES128_ECB_enc_sch,build-c-rx-kem-s-resource-audit-v1/src/common/CMakeFiles/common.dir/aes/aes.c.su
8,static,/home/home/pqc/liboqs/src/common/aes/aes.c:66:6:OQS_AES128_CTR_inc_stream_iv,build-c-rx-kem-s-resource-audit-v1/src/common/CMakeFiles/common.dir/aes/aes.c.su
8,static,/home/home/pqc/liboqs/src/common/aes/aes.c:70:6:OQS_AES256_ECB_enc,build-c-rx-kem-s-resource-audit-v1/src/common/CMakeFiles/common.dir/aes/aes.c.su
8,static,/home/home/pqc/liboqs/src/common/aes/aes.c:74:6:OQS_AES256_ECB_enc_sch,build-c-rx-kem-s-resource-audit-v1/src/common/CMakeFiles/common.dir/aes/aes.c.su
8,static,/home/home/pqc/liboqs/src/common/aes/aes.c:78:6:OQS_AES256_CTR_inc_stream_iv,build-c-rx-kem-s-resource-audit-v1/src/common/CMakeFiles/common.dir/aes/aes.c.su
8,static,/home/home/pqc/liboqs/src/common/aes/aes.c:82:6:OQS_AES256_CTR_inc_stream_blks,build-c-rx-kem-s-resource-audit-v1/src/common/CMakeFiles/common.dir/aes/aes.c.su
8,static,/home/home/pqc/liboqs/src/common/aes/aes256_ni.c:99:6:oqs_aes256_load_iv_u64_ni,build-c-rx-kem-s-resource-audit-v1/src/common/CMakeFiles/common.dir/aes/aes256_ni.c.su
8,static,/home/home/pqc/liboqs/src/common/aes/aes256_ni.c:104:6:oqs_aes256_free_schedule_ni,build-c-rx-kem-s-resource-audit-v1/src/common/CMakeFiles/common.dir/aes/aes256_ni.c.su
8,static,/home/home/pqc/liboqs/src/common/aes/aes256_ni.c:169:6:oqs_aes256_enc_sch_block_ni,build-c-rx-kem-s-resource-audit-v1/src/common/CMakeFiles/common.dir/aes/aes256_ni.c.su
8,static,/home/home/pqc/liboqs/src/common/aes/aes256_ni.c:174:6:oqs_aes256_ecb_enc_sch_ni,build-c-rx-kem-s-resource-audit-v1/src/common/CMakeFiles/common.dir/aes/aes256_ni.c.su
8,static,/home/home/pqc/liboqs/src/common/aes/aes256_ni.c:181:6:oqs_aes256_ctr_enc_sch_upd_blks_ni,build-c-rx-kem-s-resource-audit-v1/src/common/CMakeFiles/common.dir/aes/aes256_ni.c.su
8,static,/home/home/pqc/liboqs/src/common/aes/aes_impl.c:191:6:OQS_AES_init,build-c-rx-kem-s-resource-audit-v1/src/common/CMakeFiles/common.dir/aes/aes_impl.c.su
8,static,/home/home/pqc/liboqs/src/common/aes/aes_c.c:423:13:br_aes_ct64_skey_expand,build-c-rx-kem-s-resource-audit-v1/src/common/CMakeFiles/common.dir/aes/aes_c.c.su
8,static,/home/home/pqc/liboqs/src/common/aes/aes_c.c:787:6:oqs_aes128_ecb_enc_sch_c,build-c-rx-kem-s-resource-audit-v1/src/common/CMakeFiles/common.dir/aes/aes_c.c.su
8,static,/home/home/pqc/liboqs/src/common/aes/aes_c.c:793:6:oqs_aes128_ctr_enc_sch_c,build-c-rx-kem-s-resource-audit-v1/src/common/CMakeFiles/common.dir/aes/aes_c.c.su
8,static,/home/home/pqc/liboqs/src/common/aes/aes_c.c:803:6:oqs_aes256_ecb_enc_sch_c,build-c-rx-kem-s-resource-audit-v1/src/common/CMakeFiles/common.dir/aes/aes_c.c.su
8,static,/home/home/pqc/liboqs/src/common/aes/aes_c.c:809:6:oqs_aes256_ctr_enc_sch_c,build-c-rx-kem-s-resource-audit-v1/src/common/CMakeFiles/common.dir/aes/aes_c.c.su
8,static,/home/home/pqc/liboqs/src/common/aes/aes_c.c:819:6:oqs_aes128_free_schedule_c,build-c-rx-kem-s-resource-audit-v1/src/common/CMakeFiles/common.dir/aes/aes_c.c.su
8,static,/home/home/pqc/liboqs/src/common/aes/aes_c.c:826:6:oqs_aes256_free_schedule_c,build-c-rx-kem-s-resource-audit-v1/src/common/CMakeFiles/common.dir/aes/aes_c.c.su
8,static,/home/home/pqc/liboqs/src/common/aes/aes_c.c:833:6:oqs_aes256_free_schedule_no_bitslice,build-c-rx-kem-s-resource-audit-v1/src/common/CMakeFiles/common.dir/aes/aes_c.c.su
8,static,/home/home/pqc/liboqs/src/common/aes/aes_c.c:839:6:oqs_aes128_free_schedule_no_bitslice,build-c-rx-kem-s-resource-audit-v1/src/common/CMakeFiles/common.dir/aes/aes_c.c.su
8,static,/home/home/pqc/liboqs/src/common/rand/rand_nist.c:104:6:OQS_randombytes_nist_kat_get_state,build-c-rx-kem-s-resource-audit-v1/src/common/CMakeFiles/internal.dir/rand/rand_nist.c.su
8,static,/home/home/pqc/liboqs/src/common/rand/rand_nist.c:113:6:OQS_randombytes_nist_kat_set_state,build-c-rx-kem-s-resource-audit-v1/src/common/CMakeFiles/internal.dir/rand/rand_nist.c.su
8,static,/home/home/pqc/liboqs/src/common/sha3/sha3.c:11:14:OQS_SHA3_set_callbacks,build-c-rx-kem-s-resource-audit-v1/src/common/CMakeFiles/internal.dir/sha3/sha3.c.su
8,static,/home/home/pqc/liboqs/src/common/sha3/sha3.c:15:6:OQS_SHA3_sha3_256,build-c-rx-kem-s-resource-audit-v1/src/common/CMakeFiles/internal.dir/sha3/sha3.c.su
8,static,/home/home/pqc/liboqs/src/common/sha3/sha3.c:19:6:OQS_SHA3_sha3_256_inc_init,build-c-rx-kem-s-resource-audit-v1/src/common/CMakeFiles/internal.dir/sha3/sha3.c.su
8,static,/home/home/pqc/liboqs/src/common/sha3/sha3.c:23:6:OQS_SHA3_sha3_256_inc_absorb,build-c-rx-kem-s-resource-audit-v1/src/common/CMakeFiles/internal.dir/sha3/sha3.c.su
8,static,/home/home/pqc/liboqs/src/common/sha3/sha3.c:27:6:OQS_SHA3_sha3_256_inc_finalize,build-c-rx-kem-s-resource-audit-v1/src/common/CMakeFiles/internal.dir/sha3/sha3.c.su
8,static,/home/home/pqc/liboqs/src/common/sha3/sha3.c:31:6:OQS_SHA3_sha3_256_inc_ctx_release,build-c-rx-kem-s-resource-audit-v1/src/common/CMakeFiles/internal.dir/sha3/sha3.c.su
8,static,/home/home/pqc/liboqs/src/common/sha3/sha3.c:35:6:OQS_SHA3_sha3_256_inc_ctx_reset,build-c-rx-kem-s-resource-audit-v1/src/common/CMakeFiles/internal.dir/sha3/sha3.c.su
8,static,/home/home/pqc/liboqs/src/common/sha3/sha3.c:39:6:OQS_SHA3_sha3_256_inc_ctx_clone,build-c-rx-kem-s-resource-audit-v1/src/common/CMakeFiles/internal.dir/sha3/sha3.c.su
8,static,/home/home/pqc/liboqs/src/common/sha3/sha3.c:43:6:OQS_SHA3_sha3_384,build-c-rx-kem-s-resource-audit-v1/src/common/CMakeFiles/internal.dir/sha3/sha3.c.su
8,static,/home/home/pqc/liboqs/src/common/sha3/sha3.c:47:6:OQS_SHA3_sha3_384_inc_init,build-c-rx-kem-s-resource-audit-v1/src/common/CMakeFiles/internal.dir/sha3/sha3.c.su
8,static,/home/home/pqc/liboqs/src/common/sha3/sha3.c:51:6:OQS_SHA3_sha3_384_inc_absorb,build-c-rx-kem-s-resource-audit-v1/src/common/CMakeFiles/internal.dir/sha3/sha3.c.su
8,static,/home/home/pqc/liboqs/src/common/sha3/sha3.c:55:6:OQS_SHA3_sha3_384_inc_finalize,build-c-rx-kem-s-resource-audit-v1/src/common/CMakeFiles/internal.dir/sha3/sha3.c.su
8,static,/home/home/pqc/liboqs/src/common/sha3/sha3.c:59:6:OQS_SHA3_sha3_384_inc_ctx_release,build-c-rx-kem-s-resource-audit-v1/src/common/CMakeFiles/internal.dir/sha3/sha3.c.su
8,static,/home/home/pqc/liboqs/src/common/sha3/sha3.c:63:6:OQS_SHA3_sha3_384_inc_ctx_reset,build-c-rx-kem-s-resource-audit-v1/src/common/CMakeFiles/internal.dir/sha3/sha3.c.su
8,static,/home/home/pqc/liboqs/src/common/sha3/sha3.c:67:6:OQS_SHA3_sha3_384_inc_ctx_clone,build-c-rx-kem-s-resource-audit-v1/src/common/CMakeFiles/internal.dir/sha3/sha3.c.su
8,static,/home/home/pqc/liboqs/src/common/sha3/sha3.c:71:6:OQS_SHA3_sha3_512,build-c-rx-kem-s-resource-audit-v1/src/common/CMakeFiles/internal.dir/sha3/sha3.c.su
8,static,/home/home/pqc/liboqs/src/common/sha3/sha3.c:75:6:OQS_SHA3_sha3_512_inc_init,build-c-rx-kem-s-resource-audit-v1/src/common/CMakeFiles/internal.dir/sha3/sha3.c.su
8,static,/home/home/pqc/liboqs/src/common/sha3/sha3.c:79:6:OQS_SHA3_sha3_512_inc_absorb,build-c-rx-kem-s-resource-audit-v1/src/common/CMakeFiles/internal.dir/sha3/sha3.c.su
8,static,/home/home/pqc/liboqs/src/common/sha3/sha3.c:83:6:OQS_SHA3_sha3_512_inc_finalize,build-c-rx-kem-s-resource-audit-v1/src/common/CMakeFiles/internal.dir/sha3/sha3.c.su
8,static,/home/home/pqc/liboqs/src/common/sha3/sha3.c:87:6:OQS_SHA3_sha3_512_inc_ctx_release,build-c-rx-kem-s-resource-audit-v1/src/common/CMakeFiles/internal.dir/sha3/sha3.c.su
8,static,/home/home/pqc/liboqs/src/common/sha3/sha3.c:91:6:OQS_SHA3_sha3_512_inc_ctx_reset,build-c-rx-kem-s-resource-audit-v1/src/common/CMakeFiles/internal.dir/sha3/sha3.c.su
8,static,/home/home/pqc/liboqs/src/common/sha3/sha3.c:95:6:OQS_SHA3_sha3_512_inc_ctx_clone,build-c-rx-kem-s-resource-audit-v1/src/common/CMakeFiles/internal.dir/sha3/sha3.c.su
8,static,/home/home/pqc/liboqs/src/common/sha3/sha3.c:99:6:OQS_SHA3_shake128,build-c-rx-kem-s-resource-audit-v1/src/common/CMakeFiles/internal.dir/sha3/sha3.c.su
8,static,/home/home/pqc/liboqs/src/common/sha3/sha3.c:103:6:OQS_SHA3_shake128_inc_init,build-c-rx-kem-s-resource-audit-v1/src/common/CMakeFiles/internal.dir/sha3/sha3.c.su
8,static,/home/home/pqc/liboqs/src/common/sha3/sha3.c:107:6:OQS_SHA3_shake128_inc_absorb,build-c-rx-kem-s-resource-audit-v1/src/common/CMakeFiles/internal.dir/sha3/sha3.c.su
8,static,/home/home/pqc/liboqs/src/common/sha3/sha3.c:111:6:OQS_SHA3_shake128_inc_finalize,build-c-rx-kem-s-resource-audit-v1/src/common/CMakeFiles/internal.dir/sha3/sha3.c.su
8,static,/home/home/pqc/liboqs/src/common/sha3/sha3.c:115:6:OQS_SHA3_shake128_inc_squeeze,build-c-rx-kem-s-resource-audit-v1/src/common/CMakeFiles/internal.dir/sha3/sha3.c.su
8,static,/home/home/pqc/liboqs/src/common/sha3/sha3.c:119:6:OQS_SHA3_shake128_inc_ctx_release,build-c-rx-kem-s-resource-audit-v1/src/common/CMakeFiles/internal.dir/sha3/sha3.c.su
8,static,/home/home/pqc/liboqs/src/common/sha3/sha3.c:123:6:OQS_SHA3_shake128_inc_ctx_clone,build-c-rx-kem-s-resource-audit-v1/src/common/CMakeFiles/internal.dir/sha3/sha3.c.su
8,static,/home/home/pqc/liboqs/src/common/sha3/sha3.c:127:6:OQS_SHA3_shake128_inc_ctx_reset,build-c-rx-kem-s-resource-audit-v1/src/common/CMakeFiles/internal.dir/sha3/sha3.c.su
8,static,/home/home/pqc/liboqs/src/common/sha3/sha3.c:131:6:OQS_SHA3_shake256,build-c-rx-kem-s-resource-audit-v1/src/common/CMakeFiles/internal.dir/sha3/sha3.c.su
8,static,/home/home/pqc/liboqs/src/common/sha3/sha3.c:135:6:OQS_SHA3_shake256_inc_init,build-c-rx-kem-s-resource-audit-v1/src/common/CMakeFiles/internal.dir/sha3/sha3.c.su
8,static,/home/home/pqc/liboqs/src/common/sha3/sha3.c:139:6:OQS_SHA3_shake256_inc_absorb,build-c-rx-kem-s-resource-audit-v1/src/common/CMakeFiles/internal.dir/sha3/sha3.c.su
8,static,/home/home/pqc/liboqs/src/common/sha3/sha3.c:143:6:OQS_SHA3_shake256_inc_finalize,build-c-rx-kem-s-resource-audit-v1/src/common/CMakeFiles/internal.dir/sha3/sha3.c.su
8,static,/home/home/pqc/liboqs/src/common/sha3/sha3.c:147:6:OQS_SHA3_shake256_inc_squeeze,build-c-rx-kem-s-resource-audit-v1/src/common/CMakeFiles/internal.dir/sha3/sha3.c.su
8,static,/home/home/pqc/liboqs/src/common/sha3/sha3.c:151:6:OQS_SHA3_shake256_inc_ctx_release,build-c-rx-kem-s-resource-audit-v1/src/common/CMakeFiles/internal.dir/sha3/sha3.c.su
8,static,/home/home/pqc/liboqs/src/common/sha3/sha3.c:155:6:OQS_SHA3_shake256_inc_ctx_clone,build-c-rx-kem-s-resource-audit-v1/src/common/CMakeFiles/internal.dir/sha3/sha3.c.su
8,static,/home/home/pqc/liboqs/src/common/sha3/sha3.c:159:6:OQS_SHA3_shake256_inc_ctx_reset,build-c-rx-kem-s-resource-audit-v1/src/common/CMakeFiles/internal.dir/sha3/sha3.c.su
8,static,/home/home/pqc/liboqs/src/common/sha3/xkcp_sha3x4.c:238:13:SHA3_shake256_x4_inc_ctx_clone,build-c-rx-kem-s-resource-audit-v1/src/common/CMakeFiles/internal.dir/sha3/xkcp_sha3x4.c.su
8,static,/home/home/pqc/liboqs/src/common/sha3/xkcp_sha3x4.c:195:13:SHA3_shake128_x4_inc_ctx_clone,build-c-rx-kem-s-resource-audit-v1/src/common/CMakeFiles/internal.dir/sha3/xkcp_sha3x4.c.su
8,static,/home/home/pqc/liboqs/src/common/sha3/xkcp_sha3x4.c:242:13:SHA3_shake256_x4_inc_ctx_release,build-c-rx-kem-s-resource-audit-v1/src/common/CMakeFiles/internal.dir/sha3/xkcp_sha3x4.c.su
8,static,/home/home/pqc/liboqs/src/common/sha3/xkcp_sha3x4.c:199:13:SHA3_shake128_x4_inc_ctx_release,build-c-rx-kem-s-resource-audit-v1/src/common/CMakeFiles/internal.dir/sha3/xkcp_sha3x4.c.su
8,static,/home/home/pqc/liboqs/src/common/sha3/xkcp_sha3x4.c:230:13:SHA3_shake256_x4_inc_finalize,build-c-rx-kem-s-resource-audit-v1/src/common/CMakeFiles/internal.dir/sha3/xkcp_sha3x4.c.su
8,static,/home/home/pqc/liboqs/src/common/sha3/xkcp_sha3x4.c:187:13:SHA3_shake128_x4_inc_finalize,build-c-rx-kem-s-resource-audit-v1/src/common/CMakeFiles/internal.dir/sha3/xkcp_sha3x4.c.su
8,static,/home/home/pqc/liboqs/src/common/sha3/avx512vl_sha3x4.c:105:1:SHA3_shake256_x4_inc_ctx_clone_avx512vl,build-c-rx-kem-s-resource-audit-v1/src/common/CMakeFiles/internal.dir/sha3/avx512vl_sha3x4.c.su
8,static,/home/home/pqc/liboqs/src/common/sha3/avx512vl_sha3x4.c:60:1:SHA3_shake128_x4_inc_ctx_clone_avx512vl,build-c-rx-kem-s-resource-audit-v1/src/common/CMakeFiles/internal.dir/sha3/avx512vl_sha3x4.c.su
8,static,/home/home/pqc/liboqs/src/common/sha3/avx512vl_sha3.c:199:1:SHA3_shake256_inc_ctx_clone_avx512vl,build-c-rx-kem-s-resource-audit-v1/src/common/CMakeFiles/internal.dir/sha3/avx512vl_sha3.c.su
8,static,/home/home/pqc/liboqs/src/common/sha3/avx512vl_sha3.c:172:1:SHA3_shake128_inc_ctx_clone_avx512vl,build-c-rx-kem-s-resource-audit-v1/src/common/CMakeFiles/internal.dir/sha3/avx512vl_sha3.c.su
8,static,/home/home/pqc/liboqs/src/common/sha3/avx512vl_sha3.c:157:1:SHA3_sha3_512_inc_ctx_clone_avx512vl,build-c-rx-kem-s-resource-audit-v1/src/common/CMakeFiles/internal.dir/sha3/avx512vl_sha3.c.su
8,static,/home/home/pqc/liboqs/src/common/sha3/avx512vl_sha3.c:136:1:SHA3_sha3_384_inc_ctx_clone_avx512vl,build-c-rx-kem-s-resource-audit-v1/src/common/CMakeFiles/internal.dir/sha3/avx512vl_sha3.c.su
8,static,/home/home/pqc/liboqs/src/common/sha3/avx512vl_sha3.c:115:1:SHA3_sha3_256_inc_ctx_clone_avx512vl,build-c-rx-kem-s-resource-audit-v1/src/common/CMakeFiles/internal.dir/sha3/avx512vl_sha3.c.su
8,static,/home/home/pqc/liboqs/src/common/sha3/sha3x4.c:11:14:OQS_SHA3_x4_set_callbacks,build-c-rx-kem-s-resource-audit-v1/src/common/CMakeFiles/internal.dir/sha3/sha3x4.c.su
8,static,/home/home/pqc/liboqs/src/common/sha3/sha3x4.c:15:6:OQS_SHA3_shake128_x4,build-c-rx-kem-s-resource-audit-v1/src/common/CMakeFiles/internal.dir/sha3/sha3x4.c.su
8,static,/home/home/pqc/liboqs/src/common/sha3/sha3x4.c:19:6:OQS_SHA3_shake128_x4_inc_init,build-c-rx-kem-s-resource-audit-v1/src/common/CMakeFiles/internal.dir/sha3/sha3x4.c.su
8,static,/home/home/pqc/liboqs/src/common/sha3/sha3x4.c:23:6:OQS_SHA3_shake128_x4_inc_absorb,build-c-rx-kem-s-resource-audit-v1/src/common/CMakeFiles/internal.dir/sha3/sha3x4.c.su
8,static,/home/home/pqc/liboqs/src/common/sha3/sha3x4.c:27:6:OQS_SHA3_shake128_x4_inc_finalize,build-c-rx-kem-s-resource-audit-v1/src/common/CMakeFiles/internal.dir/sha3/sha3x4.c.su
8,static,/home/home/pqc/liboqs/src/common/sha3/sha3x4.c:31:6:OQS_SHA3_shake128_x4_inc_squeeze,build-c-rx-kem-s-resource-audit-v1/src/common/CMakeFiles/internal.dir/sha3/sha3x4.c.su
8,static,/home/home/pqc/liboqs/src/common/sha3/sha3x4.c:35:6:OQS_SHA3_shake128_x4_inc_ctx_release,build-c-rx-kem-s-resource-audit-v1/src/common/CMakeFiles/internal.dir/sha3/sha3x4.c.su
8,static,/home/home/pqc/liboqs/src/common/sha3/sha3x4.c:39:6:OQS_SHA3_shake128_x4_inc_ctx_clone,build-c-rx-kem-s-resource-audit-v1/src/common/CMakeFiles/internal.dir/sha3/sha3x4.c.su
8,static,/home/home/pqc/liboqs/src/common/sha3/sha3x4.c:43:6:OQS_SHA3_shake128_x4_inc_ctx_reset,build-c-rx-kem-s-resource-audit-v1/src/common/CMakeFiles/internal.dir/sha3/sha3x4.c.su
8,static,/home/home/pqc/liboqs/src/common/sha3/sha3x4.c:47:6:OQS_SHA3_shake256_x4,build-c-rx-kem-s-resource-audit-v1/src/common/CMakeFiles/internal.dir/sha3/sha3x4.c.su
8,static,/home/home/pqc/liboqs/src/common/sha3/sha3x4.c:51:6:OQS_SHA3_shake256_x4_inc_init,build-c-rx-kem-s-resource-audit-v1/src/common/CMakeFiles/internal.dir/sha3/sha3x4.c.su
8,static,/home/home/pqc/liboqs/src/common/sha3/sha3x4.c:55:6:OQS_SHA3_shake256_x4_inc_absorb,build-c-rx-kem-s-resource-audit-v1/src/common/CMakeFiles/internal.dir/sha3/sha3x4.c.su
8,static,/home/home/pqc/liboqs/src/common/sha3/sha3x4.c:59:6:OQS_SHA3_shake256_x4_inc_finalize,build-c-rx-kem-s-resource-audit-v1/src/common/CMakeFiles/internal.dir/sha3/sha3x4.c.su
8,static,/home/home/pqc/liboqs/src/common/sha3/sha3x4.c:63:6:OQS_SHA3_shake256_x4_inc_squeeze,build-c-rx-kem-s-resource-audit-v1/src/common/CMakeFiles/internal.dir/sha3/sha3x4.c.su
8,static,/home/home/pqc/liboqs/src/common/sha3/sha3x4.c:67:6:OQS_SHA3_shake256_x4_inc_ctx_release,build-c-rx-kem-s-resource-audit-v1/src/common/CMakeFiles/internal.dir/sha3/sha3x4.c.su
8,static,/home/home/pqc/liboqs/src/common/sha3/sha3x4.c:71:6:OQS_SHA3_shake256_x4_inc_ctx_clone,build-c-rx-kem-s-resource-audit-v1/src/common/CMakeFiles/internal.dir/sha3/sha3x4.c.su
8,static,/home/home/pqc/liboqs/src/common/sha3/sha3x4.c:75:6:OQS_SHA3_shake256_x4_inc_ctx_reset,build-c-rx-kem-s-resource-audit-v1/src/common/CMakeFiles/internal.dir/sha3/sha3x4.c.su
8,static,/home/home/pqc/liboqs/src/common/sha3/xkcp_sha3.c:217:13:SHA3_sha3_256_inc_absorb,build-c-rx-kem-s-resource-audit-v1/src/common/CMakeFiles/internal.dir/sha3/xkcp_sha3.c.su
8,static,/home/home/pqc/liboqs/src/common/sha3/xkcp_sha3.c:253:13:SHA3_sha3_384_inc_absorb,build-c-rx-kem-s-resource-audit-v1/src/common/CMakeFiles/internal.dir/sha3/xkcp_sha3.c.su
8,static,/home/home/pqc/liboqs/src/common/sha3/xkcp_sha3.c:290:13:SHA3_sha3_512_inc_absorb,build-c-rx-kem-s-resource-audit-v1/src/common/CMakeFiles/internal.dir/sha3/xkcp_sha3.c.su
8,static,/home/home/pqc/liboqs/src/common/sha3/xkcp_sha3.c:330:13:SHA3_shake128_inc_absorb,build-c-rx-kem-s-resource-audit-v1/src/common/CMakeFiles/internal.dir/sha3/xkcp_sha3.c.su
8,static,/home/home/pqc/liboqs/src/common/sha3/xkcp_sha3.c:338:13:SHA3_shake128_inc_squeeze,build-c-rx-kem-s-resource-audit-v1/src/common/CMakeFiles/internal.dir/sha3/xkcp_sha3.c.su
8,static,/home/home/pqc/liboqs/src/common/sha3/xkcp_sha3.c:373:13:SHA3_shake256_inc_absorb,build-c-rx-kem-s-resource-audit-v1/src/common/CMakeFiles/internal.dir/sha3/xkcp_sha3.c.su
8,static,/home/home/pqc/liboqs/src/common/sha3/xkcp_sha3.c:381:13:SHA3_shake256_inc_squeeze,build-c-rx-kem-s-resource-audit-v1/src/common/CMakeFiles/internal.dir/sha3/xkcp_sha3.c.su
8,static,/home/home/pqc/liboqs/src/common/sha3/xkcp_sha3.c:389:13:SHA3_shake256_inc_ctx_clone,build-c-rx-kem-s-resource-audit-v1/src/common/CMakeFiles/internal.dir/sha3/xkcp_sha3.c.su
8,static,/home/home/pqc/liboqs/src/common/sha3/xkcp_sha3.c:342:13:SHA3_shake128_inc_ctx_clone,build-c-rx-kem-s-resource-audit-v1/src/common/CMakeFiles/internal.dir/sha3/xkcp_sha3.c.su
8,static,/home/home/pqc/liboqs/src/common/sha3/xkcp_sha3.c:303:13:SHA3_sha3_512_inc_ctx_clone,build-c-rx-kem-s-resource-audit-v1/src/common/CMakeFiles/internal.dir/sha3/xkcp_sha3.c.su
8,static,/home/home/pqc/liboqs/src/common/sha3/xkcp_sha3.c:266:13:SHA3_sha3_384_inc_ctx_clone,build-c-rx-kem-s-resource-audit-v1/src/common/CMakeFiles/internal.dir/sha3/xkcp_sha3.c.su
8,static,/home/home/pqc/liboqs/src/common/sha3/xkcp_sha3.c:230:13:SHA3_sha3_256_inc_ctx_clone,build-c-rx-kem-s-resource-audit-v1/src/common/CMakeFiles/internal.dir/sha3/xkcp_sha3.c.su
8,static,/home/home/pqc/liboqs/src/common/sha3/xkcp_sha3.c:385:13:SHA3_shake256_inc_ctx_release,build-c-rx-kem-s-resource-audit-v1/src/common/CMakeFiles/internal.dir/sha3/xkcp_sha3.c.su
8,static,/home/home/pqc/liboqs/src/common/sha3/xkcp_sha3.c:346:13:SHA3_shake128_inc_ctx_release,build-c-rx-kem-s-resource-audit-v1/src/common/CMakeFiles/internal.dir/sha3/xkcp_sha3.c.su
8,static,/home/home/pqc/liboqs/src/common/sha3/xkcp_sha3.c:299:13:SHA3_sha3_512_inc_ctx_release,build-c-rx-kem-s-resource-audit-v1/src/common/CMakeFiles/internal.dir/sha3/xkcp_sha3.c.su
8,static,/home/home/pqc/liboqs/src/common/sha3/xkcp_sha3.c:262:13:SHA3_sha3_384_inc_ctx_release,build-c-rx-kem-s-resource-audit-v1/src/common/CMakeFiles/internal.dir/sha3/xkcp_sha3.c.su
8,static,/home/home/pqc/liboqs/src/common/sha3/xkcp_sha3.c:226:13:SHA3_sha3_256_inc_ctx_release,build-c-rx-kem-s-resource-audit-v1/src/common/CMakeFiles/internal.dir/sha3/xkcp_sha3.c.su
8,static,/home/home/pqc/liboqs/src/common/sha2/sha2.c:9:14:OQS_SHA2_set_callbacks,build-c-rx-kem-s-resource-audit-v1/src/common/CMakeFiles/internal.dir/sha2/sha2.c.su
8,static,/home/home/pqc/liboqs/src/common/sha2/sha2.c:13:6:OQS_SHA2_sha256_inc_init,build-c-rx-kem-s-resource-audit-v1/src/common/CMakeFiles/internal.dir/sha2/sha2.c.su
8,static,/home/home/pqc/liboqs/src/common/sha2/sha2.c:17:6:OQS_SHA2_sha256_inc_ctx_clone,build-c-rx-kem-s-resource-audit-v1/src/common/CMakeFiles/internal.dir/sha2/sha2.c.su
8,static,/home/home/pqc/liboqs/src/common/sha2/sha2.c:21:6:OQS_SHA2_sha256_inc_blocks,build-c-rx-kem-s-resource-audit-v1/src/common/CMakeFiles/internal.dir/sha2/sha2.c.su
8,static,/home/home/pqc/liboqs/src/common/sha2/sha2.c:25:6:OQS_SHA2_sha256_inc,build-c-rx-kem-s-resource-audit-v1/src/common/CMakeFiles/internal.dir/sha2/sha2.c.su
8,static,/home/home/pqc/liboqs/src/common/sha2/sha2.c:29:6:OQS_SHA2_sha256_inc_finalize,build-c-rx-kem-s-resource-audit-v1/src/common/CMakeFiles/internal.dir/sha2/sha2.c.su
8,static,/home/home/pqc/liboqs/src/common/sha2/sha2.c:33:6:OQS_SHA2_sha256_inc_ctx_release,build-c-rx-kem-s-resource-audit-v1/src/common/CMakeFiles/internal.dir/sha2/sha2.c.su
8,static,/home/home/pqc/liboqs/src/common/sha2/sha2.c:37:6:OQS_SHA2_sha384_inc_init,build-c-rx-kem-s-resource-audit-v1/src/common/CMakeFiles/internal.dir/sha2/sha2.c.su
8,static,/home/home/pqc/liboqs/src/common/sha2/sha2.c:41:6:OQS_SHA2_sha384_inc_ctx_clone,build-c-rx-kem-s-resource-audit-v1/src/common/CMakeFiles/internal.dir/sha2/sha2.c.su
8,static,/home/home/pqc/liboqs/src/common/sha2/sha2.c:45:6:OQS_SHA2_sha384_inc_blocks,build-c-rx-kem-s-resource-audit-v1/src/common/CMakeFiles/internal.dir/sha2/sha2.c.su
8,static,/home/home/pqc/liboqs/src/common/sha2/sha2.c:49:6:OQS_SHA2_sha384_inc_finalize,build-c-rx-kem-s-resource-audit-v1/src/common/CMakeFiles/internal.dir/sha2/sha2.c.su
8,static,/home/home/pqc/liboqs/src/common/sha2/sha2.c:53:6:OQS_SHA2_sha384_inc_ctx_release,build-c-rx-kem-s-resource-audit-v1/src/common/CMakeFiles/internal.dir/sha2/sha2.c.su
8,static,/home/home/pqc/liboqs/src/common/sha2/sha2.c:57:6:OQS_SHA2_sha512_inc_init,build-c-rx-kem-s-resource-audit-v1/src/common/CMakeFiles/internal.dir/sha2/sha2.c.su
8,static,/home/home/pqc/liboqs/src/common/sha2/sha2.c:61:6:OQS_SHA2_sha512_inc_ctx_clone,build-c-rx-kem-s-resource-audit-v1/src/common/CMakeFiles/internal.dir/sha2/sha2.c.su
8,static,/home/home/pqc/liboqs/src/common/sha2/sha2.c:65:6:OQS_SHA2_sha512_inc_blocks,build-c-rx-kem-s-resource-audit-v1/src/common/CMakeFiles/internal.dir/sha2/sha2.c.su
8,static,/home/home/pqc/liboqs/src/common/sha2/sha2.c:69:6:OQS_SHA2_sha512_inc_finalize,build-c-rx-kem-s-resource-audit-v1/src/common/CMakeFiles/internal.dir/sha2/sha2.c.su
8,static,/home/home/pqc/liboqs/src/common/sha2/sha2.c:73:6:OQS_SHA2_sha512_inc_ctx_release,build-c-rx-kem-s-resource-audit-v1/src/common/CMakeFiles/internal.dir/sha2/sha2.c.su
8,static,/home/home/pqc/liboqs/src/common/sha2/sha2.c:77:6:OQS_SHA2_sha256,build-c-rx-kem-s-resource-audit-v1/src/common/CMakeFiles/internal.dir/sha2/sha2.c.su
8,static,/home/home/pqc/liboqs/src/common/sha2/sha2.c:81:6:OQS_SHA2_sha384,build-c-rx-kem-s-resource-audit-v1/src/common/CMakeFiles/internal.dir/sha2/sha2.c.su
8,static,/home/home/pqc/liboqs/src/common/sha2/sha2.c:85:6:OQS_SHA2_sha512,build-c-rx-kem-s-resource-audit-v1/src/common/CMakeFiles/internal.dir/sha2/sha2.c.su
8,static,/home/home/pqc/liboqs/src/common/sha2/sha2_c.c:24:17:load_bigendian_64,build-c-rx-kem-s-resource-audit-v1/src/common/CMakeFiles/internal.dir/sha2/sha2_c.c.su
8,static,/home/home/pqc/liboqs/src/common/sha2/sha2_c.c:590:6:oqs_sha2_sha224_inc_ctx_release_c,build-c-rx-kem-s-resource-audit-v1/src/common/CMakeFiles/internal.dir/sha2/sha2_c.c.su
8,static,/home/home/pqc/liboqs/src/common/sha2/sha2_c.c:595:6:oqs_sha2_sha256_inc_ctx_release_c,build-c-rx-kem-s-resource-audit-v1/src/common/CMakeFiles/internal.dir/sha2/sha2_c.c.su
8,static,/home/home/pqc/liboqs/src/common/sha2/sha2_c.c:600:6:oqs_sha2_sha384_inc_ctx_release_c,build-c-rx-kem-s-resource-audit-v1/src/common/CMakeFiles/internal.dir/sha2/sha2_c.c.su
8,static,/home/home/pqc/liboqs/src/common/sha2/sha2_c.c:605:6:oqs_sha2_sha512_inc_ctx_release_c,build-c-rx-kem-s-resource-audit-v1/src/common/CMakeFiles/internal.dir/sha2/sha2_c.c.su
8,static,/home/home/pqc/liboqs/src/common/sha2/sha2_c.c:666:6:oqs_sha2_sha224_inc_blocks_c,build-c-rx-kem-s-resource-audit-v1/src/common/CMakeFiles/internal.dir/sha2/sha2_c.c.su
8,static,/home/home/pqc/liboqs/src/common/sha2/sha2_c.c:679:6:oqs_sha2_sha384_inc_blocks_c,build-c-rx-kem-s-resource-audit-v1/src/common/CMakeFiles/internal.dir/sha2/sha2_c.c.su
8,static,/home/home/pqc/liboqs/src/common/sha2/sha2_impl.c:92:13:SHA2_sha512_inc_ctx_release,build-c-rx-kem-s-resource-audit-v1/src/common/CMakeFiles/internal.dir/sha2/sha2_impl.c.su
8,static,/home/home/pqc/liboqs/src/common/sha2/sha2_impl.c:88:13:SHA2_sha512_inc_finalize,build-c-rx-kem-s-resource-audit-v1/src/common/CMakeFiles/internal.dir/sha2/sha2_impl.c.su
8,static,/home/home/pqc/liboqs/src/common/sha2/sha2_impl.c:84:13:SHA2_sha512_inc_blocks,build-c-rx-kem-s-resource-audit-v1/src/common/CMakeFiles/internal.dir/sha2/sha2_impl.c.su
8,static,/home/home/pqc/liboqs/src/common/sha2/sha2_impl.c:80:13:SHA2_sha512_inc_ctx_clone,build-c-rx-kem-s-resource-audit-v1/src/common/CMakeFiles/internal.dir/sha2/sha2_impl.c.su
8,static,/home/home/pqc/liboqs/src/common/sha2/sha2_impl.c:76:13:SHA2_sha512_inc_init,build-c-rx-kem-s-resource-audit-v1/src/common/CMakeFiles/internal.dir/sha2/sha2_impl.c.su
8,static,/home/home/pqc/liboqs/src/common/sha2/sha2_impl.c:107:13:SHA2_sha512,build-c-rx-kem-s-resource-audit-v1/src/common/CMakeFiles/internal.dir/sha2/sha2_impl.c.su
8,static,/home/home/pqc/liboqs/src/common/sha2/sha2_impl.c:72:13:SHA2_sha384_inc_ctx_release,build-c-rx-kem-s-resource-audit-v1/src/common/CMakeFiles/internal.dir/sha2/sha2_impl.c.su
8,static,/home/home/pqc/liboqs/src/common/sha2/sha2_impl.c:68:13:SHA2_sha384_inc_finalize,build-c-rx-kem-s-resource-audit-v1/src/common/CMakeFiles/internal.dir/sha2/sha2_impl.c.su
8,static,/home/home/pqc/liboqs/src/common/sha2/sha2_impl.c:64:13:SHA2_sha384_inc_blocks,build-c-rx-kem-s-resource-audit-v1/src/common/CMakeFiles/internal.dir/sha2/sha2_impl.c.su
8,static,/home/home/pqc/liboqs/src/common/sha2/sha2_impl.c:60:13:SHA2_sha384_inc_ctx_clone,build-c-rx-kem-s-resource-audit-v1/src/common/CMakeFiles/internal.dir/sha2/sha2_impl.c.su
8,static,/home/home/pqc/liboqs/src/common/sha2/sha2_impl.c:56:13:SHA2_sha384_inc_init,build-c-rx-kem-s-resource-audit-v1/src/common/CMakeFiles/internal.dir/sha2/sha2_impl.c.su
8,static,/home/home/pqc/liboqs/src/common/sha2/sha2_impl.c:103:13:SHA2_sha384,build-c-rx-kem-s-resource-audit-v1/src/common/CMakeFiles/internal.dir/sha2/sha2_impl.c.su
8,static,/home/home/pqc/liboqs/src/common/sha2/sha2_impl.c:52:13:SHA2_sha256_inc_ctx_release,build-c-rx-kem-s-resource-audit-v1/src/common/CMakeFiles/internal.dir/sha2/sha2_impl.c.su
8,static,/home/home/pqc/liboqs/src/common/sha2/sha2_impl.c:48:13:SHA2_sha256_inc_finalize,build-c-rx-kem-s-resource-audit-v1/src/common/CMakeFiles/internal.dir/sha2/sha2_impl.c.su
8,static,/home/home/pqc/liboqs/src/common/sha2/sha2_impl.c:41:13:SHA2_sha256_inc_blocks,build-c-rx-kem-s-resource-audit-v1/src/common/CMakeFiles/internal.dir/sha2/sha2_impl.c.su
8,static,/home/home/pqc/liboqs/src/common/sha2/sha2_impl.c:34:13:SHA2_sha256_inc,build-c-rx-kem-s-resource-audit-v1/src/common/CMakeFiles/internal.dir/sha2/sha2_impl.c.su
8,static,/home/home/pqc/liboqs/src/common/sha2/sha2_impl.c:30:13:SHA2_sha256_inc_ctx_clone,build-c-rx-kem-s-resource-audit-v1/src/common/CMakeFiles/internal.dir/sha2/sha2_impl.c.su
8,static,/home/home/pqc/liboqs/src/common/sha2/sha2_impl.c:26:13:SHA2_sha256_inc_init,build-c-rx-kem-s-resource-audit-v1/src/common/CMakeFiles/internal.dir/sha2/sha2_impl.c.su
8,static,/home/home/pqc/liboqs/src/common/sha2/sha2_impl.c:96:13:SHA2_sha256,build-c-rx-kem-s-resource-audit-v1/src/common/CMakeFiles/internal.dir/sha2/sha2_impl.c.su
8,static,/home/home/pqc/liboqs/src/common/aes/aes128_ni.c:72:6:oqs_aes128_load_iv_u64_ni,build-c-rx-kem-s-resource-audit-v1/src/common/CMakeFiles/internal.dir/aes/aes128_ni.c.su
8,static,/home/home/pqc/liboqs/src/common/aes/aes128_ni.c:77:6:oqs_aes128_free_schedule_ni,build-c-rx-kem-s-resource-audit-v1/src/common/CMakeFiles/internal.dir/aes/aes128_ni.c.su
8,static,/home/home/pqc/liboqs/src/common/aes/aes128_ni.c:135:6:oqs_aes128_enc_sch_block_ni,build-c-rx-kem-s-resource-audit-v1/src/common/CMakeFiles/internal.dir/aes/aes128_ni.c.su
8,static,/home/home/pqc/liboqs/src/common/aes/aes128_ni.c:147:6:oqs_aes128_ctr_enc_sch_upd_blks_ni,build-c-rx-kem-s-resource-audit-v1/src/common/CMakeFiles/internal.dir/aes/aes128_ni.c.su
8,static,/home/home/pqc/liboqs/src/common/aes/aes.c:14:14:OQS_AES_set_callbacks,build-c-rx-kem-s-resource-audit-v1/src/common/CMakeFiles/internal.dir/aes/aes.c.su
8,static,/home/home/pqc/liboqs/src/common/aes/aes.c:18:6:OQS_AES128_ECB_load_schedule,build-c-rx-kem-s-resource-audit-v1/src/common/CMakeFiles/internal.dir/aes/aes.c.su
8,static,/home/home/pqc/liboqs/src/common/aes/aes.c:22:6:OQS_AES128_CTR_inc_init,build-c-rx-kem-s-resource-audit-v1/src/common/CMakeFiles/internal.dir/aes/aes.c.su
8,static,/home/home/pqc/liboqs/src/common/aes/aes.c:26:6:OQS_AES128_CTR_inc_iv,build-c-rx-kem-s-resource-audit-v1/src/common/CMakeFiles/internal.dir/aes/aes.c.su
8,static,/home/home/pqc/liboqs/src/common/aes/aes.c:30:6:OQS_AES128_CTR_inc_ivu64,build-c-rx-kem-s-resource-audit-v1/src/common/CMakeFiles/internal.dir/aes/aes.c.su
8,static,/home/home/pqc/liboqs/src/common/aes/aes.c:34:6:OQS_AES128_free_schedule,build-c-rx-kem-s-resource-audit-v1/src/common/CMakeFiles/internal.dir/aes/aes.c.su
8,static,/home/home/pqc/liboqs/src/common/aes/aes.c:38:6:OQS_AES256_ECB_load_schedule,build-c-rx-kem-s-resource-audit-v1/src/common/CMakeFiles/internal.dir/aes/aes.c.su
8,static,/home/home/pqc/liboqs/src/common/aes/aes.c:42:6:OQS_AES256_CTR_inc_init,build-c-rx-kem-s-resource-audit-v1/src/common/CMakeFiles/internal.dir/aes/aes.c.su
8,static,/home/home/pqc/liboqs/src/common/aes/aes.c:46:6:OQS_AES256_CTR_inc_iv,build-c-rx-kem-s-resource-audit-v1/src/common/CMakeFiles/internal.dir/aes/aes.c.su
8,static,/home/home/pqc/liboqs/src/common/aes/aes.c:50:6:OQS_AES256_CTR_inc_ivu64,build-c-rx-kem-s-resource-audit-v1/src/common/CMakeFiles/internal.dir/aes/aes.c.su
8,static,/home/home/pqc/liboqs/src/common/aes/aes.c:54:6:OQS_AES256_free_schedule,build-c-rx-kem-s-resource-audit-v1/src/common/CMakeFiles/internal.dir/aes/aes.c.su
8,static,/home/home/pqc/liboqs/src/common/aes/aes.c:58:6:OQS_AES128_ECB_enc,build-c-rx-kem-s-resource-audit-v1/src/common/CMakeFiles/internal.dir/aes/aes.c.su
8,static,/home/home/pqc/liboqs/src/common/aes/aes.c:62:6:OQS_AES128_ECB_enc_sch,build-c-rx-kem-s-resource-audit-v1/src/common/CMakeFiles/internal.dir/aes/aes.c.su
8,static,/home/home/pqc/liboqs/src/common/aes/aes.c:66:6:OQS_AES128_CTR_inc_stream_iv,build-c-rx-kem-s-resource-audit-v1/src/common/CMakeFiles/internal.dir/aes/aes.c.su
8,static,/home/home/pqc/liboqs/src/common/aes/aes.c:70:6:OQS_AES256_ECB_enc,build-c-rx-kem-s-resource-audit-v1/src/common/CMakeFiles/internal.dir/aes/aes.c.su
8,static,/home/home/pqc/liboqs/src/common/aes/aes.c:74:6:OQS_AES256_ECB_enc_sch,build-c-rx-kem-s-resource-audit-v1/src/common/CMakeFiles/internal.dir/aes/aes.c.su
8,static,/home/home/pqc/liboqs/src/common/aes/aes.c:78:6:OQS_AES256_CTR_inc_stream_iv,build-c-rx-kem-s-resource-audit-v1/src/common/CMakeFiles/internal.dir/aes/aes.c.su
8,static,/home/home/pqc/liboqs/src/common/aes/aes.c:82:6:OQS_AES256_CTR_inc_stream_blks,build-c-rx-kem-s-resource-audit-v1/src/common/CMakeFiles/internal.dir/aes/aes.c.su
8,static,/home/home/pqc/liboqs/src/common/aes/aes256_ni.c:99:6:oqs_aes256_load_iv_u64_ni,build-c-rx-kem-s-resource-audit-v1/src/common/CMakeFiles/internal.dir/aes/aes256_ni.c.su
8,static,/home/home/pqc/liboqs/src/common/aes/aes256_ni.c:104:6:oqs_aes256_free_schedule_ni,build-c-rx-kem-s-resource-audit-v1/src/common/CMakeFiles/internal.dir/aes/aes256_ni.c.su
8,static,/home/home/pqc/liboqs/src/common/aes/aes256_ni.c:169:6:oqs_aes256_enc_sch_block_ni,build-c-rx-kem-s-resource-audit-v1/src/common/CMakeFiles/internal.dir/aes/aes256_ni.c.su
8,static,/home/home/pqc/liboqs/src/common/aes/aes256_ni.c:181:6:oqs_aes256_ctr_enc_sch_upd_blks_ni,build-c-rx-kem-s-resource-audit-v1/src/common/CMakeFiles/internal.dir/aes/aes256_ni.c.su
8,static,/home/home/pqc/liboqs/src/common/aes/aes_impl.c:191:6:OQS_AES_init,build-c-rx-kem-s-resource-audit-v1/src/common/CMakeFiles/internal.dir/aes/aes_impl.c.su
8,static,/home/home/pqc/liboqs/src/common/aes/aes_c.c:423:13:br_aes_ct64_skey_expand,build-c-rx-kem-s-resource-audit-v1/src/common/CMakeFiles/internal.dir/aes/aes_c.c.su
8,static,/home/home/pqc/liboqs/src/common/aes/aes_c.c:787:6:oqs_aes128_ecb_enc_sch_c,build-c-rx-kem-s-resource-audit-v1/src/common/CMakeFiles/internal.dir/aes/aes_c.c.su
8,static,/home/home/pqc/liboqs/src/common/aes/aes_c.c:793:6:oqs_aes128_ctr_enc_sch_c,build-c-rx-kem-s-resource-audit-v1/src/common/CMakeFiles/internal.dir/aes/aes_c.c.su
8,static,/home/home/pqc/liboqs/src/common/aes/aes_c.c:803:6:oqs_aes256_ecb_enc_sch_c,build-c-rx-kem-s-resource-audit-v1/src/common/CMakeFiles/internal.dir/aes/aes_c.c.su
8,static,/home/home/pqc/liboqs/src/common/aes/aes_c.c:809:6:oqs_aes256_ctr_enc_sch_c,build-c-rx-kem-s-resource-audit-v1/src/common/CMakeFiles/internal.dir/aes/aes_c.c.su
8,static,/home/home/pqc/liboqs/src/common/aes/aes_c.c:819:6:oqs_aes128_free_schedule_c,build-c-rx-kem-s-resource-audit-v1/src/common/CMakeFiles/internal.dir/aes/aes_c.c.su
8,static,/home/home/pqc/liboqs/src/common/aes/aes_c.c:826:6:oqs_aes256_free_schedule_c,build-c-rx-kem-s-resource-audit-v1/src/common/CMakeFiles/internal.dir/aes/aes_c.c.su
8,static,/home/home/pqc/liboqs/src/common/aes/aes_c.c:833:6:oqs_aes256_free_schedule_no_bitslice,build-c-rx-kem-s-resource-audit-v1/src/common/CMakeFiles/internal.dir/aes/aes_c.c.su
8,static,/home/home/pqc/liboqs/src/common/aes/aes_c.c:839:6:oqs_aes128_free_schedule_no_bitslice,build-c-rx-kem-s-resource-audit-v1/src/common/CMakeFiles/internal.dir/aes/aes_c.c.su
8,static,/home/home/pqc/liboqs/src/common/sha3/xkcp_low/KeccakP-1600/plain-64bits/KeccakP-1600-opt64.c:81:6:KeccakP1600_StaticInitialize_plain64,build-c-rx-kem-s-resource-audit-v1/src/common/sha3/xkcp_low/CMakeFiles/xkcp_low_keccakp_1600_plain64.dir/KeccakP-1600/plain-64bits/KeccakP-1600-opt64.c.su
8,static,/home/home/pqc/liboqs/src/common/sha3/xkcp_low/KeccakP-1600/plain-64bits/KeccakP-1600-opt64.c:85:6:KeccakP1600_Initialize_plain64,build-c-rx-kem-s-resource-audit-v1/src/common/sha3/xkcp_low/CMakeFiles/xkcp_low_keccakp_1600_plain64.dir/KeccakP-1600/plain-64bits/KeccakP-1600-opt64.c.su
8,static,/home/home/pqc/liboqs/src/common/sha3/xkcp_low/KeccakP-1600/plain-64bits/KeccakP-1600-opt64.c:122:6:KeccakP1600_AddLanes,build-c-rx-kem-s-resource-audit-v1/src/common/sha3/xkcp_low/CMakeFiles/xkcp_low_keccakp_1600_plain64.dir/KeccakP-1600/plain-64bits/KeccakP-1600-opt64.c.su
8,static,/home/home/pqc/liboqs/src/common/sha3/xkcp_low/KeccakP-1600/plain-64bits/KeccakP-1600-opt64.c:176:6:KeccakP1600_AddByte_plain64,build-c-rx-kem-s-resource-audit-v1/src/common/sha3/xkcp_low/CMakeFiles/xkcp_low_keccakp_1600_plain64.dir/KeccakP-1600/plain-64bits/KeccakP-1600-opt64.c.su
8,static,/home/home/pqc/liboqs/src/common/sha3/xkcp_low/KeccakP-1600/plain-64bits/KeccakP-1600-opt64.c:195:6:KeccakP1600_OverwriteBytesInLane,build-c-rx-kem-s-resource-audit-v1/src/common/sha3/xkcp_low/CMakeFiles/xkcp_low_keccakp_1600_plain64.dir/KeccakP-1600/plain-64bits/KeccakP-1600-opt64.c.su
8,static,/home/home/pqc/liboqs/src/common/sha3/xkcp_low/KeccakP-1600/plain-64bits/KeccakP-1600-opt64.c:222:6:KeccakP1600_OverwriteLanes,build-c-rx-kem-s-resource-audit-v1/src/common/sha3/xkcp_low/CMakeFiles/xkcp_low_keccakp_1600_plain64.dir/KeccakP-1600/plain-64bits/KeccakP-1600-opt64.c.su
8,static,/home/home/pqc/liboqs/src/common/sha3/xkcp_low/KeccakP-1600/plain-64bits/KeccakP-1600-opt64.c:261:6:KeccakP1600_OverwriteWithZeroes_plain64,build-c-rx-kem-s-resource-audit-v1/src/common/sha3/xkcp_low/CMakeFiles/xkcp_low_keccakp_1600_plain64.dir/KeccakP-1600/plain-64bits/KeccakP-1600-opt64.c.su
8,static,/home/home/pqc/liboqs/src/common/sha3/xkcp_low/KeccakP-1600/plain-64bits/KeccakP-1600-opt64.c:436:6:KeccakP1600_ExtractAndAddLanes,build-c-rx-kem-s-resource-audit-v1/src/common/sha3/xkcp_low/CMakeFiles/xkcp_low_keccakp_1600_plain64.dir/KeccakP-1600/plain-64bits/KeccakP-1600-opt64.c.su
8,static,/home/home/pqc/liboqs/src/common/sha3/xkcp_low/KeccakP-1600times4/serial/PlSnP-Fallback.inc:74:6:KeccakP1600times4_StaticInitialize_serial,build-c-rx-kem-s-resource-audit-v1/src/common/sha3/xkcp_low/CMakeFiles/xkcp_low_keccakp_1600times4_serial.dir/KeccakP-1600times4/serial/KeccakP-1600-times4-on1.c.su
8,static,/home/home/pqc/liboqs/src/common/sha3/xkcp_low/KeccakP-1600times4/serial/PlSnP-Fallback.inc:91:6:KeccakP1600times4_AddByte_serial,build-c-rx-kem-s-resource-audit-v1/src/common/sha3/xkcp_low/CMakeFiles/xkcp_low_keccakp_1600times4_serial.dir/KeccakP-1600times4/serial/KeccakP-1600-times4-on1.c.su
8,static,/home/home/pqc/liboqs/src/common/sha3/xkcp_low/KeccakP-1600times4/serial/PlSnP-Fallback.inc:100:6:KeccakP1600times4_AddBytes_serial,build-c-rx-kem-s-resource-audit-v1/src/common/sha3/xkcp_low/CMakeFiles/xkcp_low_keccakp_1600times4_serial.dir/KeccakP-1600times4/serial/KeccakP-1600-times4-on1.c.su
8,static,/home/home/pqc/liboqs/src/common/sha3/xkcp_low/KeccakP-1600times4/serial/PlSnP-Fallback.inc:123:6:KeccakP1600times4_OverwriteBytes_serial,build-c-rx-kem-s-resource-audit-v1/src/common/sha3/xkcp_low/CMakeFiles/xkcp_low_keccakp_1600times4_serial.dir/KeccakP-1600times4/serial/KeccakP-1600-times4-on1.c.su
8,static,/home/home/pqc/liboqs/src/common/sha3/xkcp_low/KeccakP-1600times4/serial/PlSnP-Fallback.inc:146:6:KeccakP1600times4_OverwriteWithZeroes_serial,build-c-rx-kem-s-resource-audit-v1/src/common/sha3/xkcp_low/CMakeFiles/xkcp_low_keccakp_1600times4_serial.dir/KeccakP-1600times4/serial/KeccakP-1600-times4-on1.c.su
8,static,/home/home/pqc/liboqs/src/common/sha3/xkcp_low/KeccakP-1600times4/serial/PlSnP-Fallback.inc:213:6:KeccakP1600times4_ExtractBytes_serial,build-c-rx-kem-s-resource-audit-v1/src/common/sha3/xkcp_low/CMakeFiles/xkcp_low_keccakp_1600times4_serial.dir/KeccakP-1600times4/serial/KeccakP-1600-times4-on1.c.su
8,static,/home/home/pqc/liboqs/src/common/sha3/xkcp_low/KeccakP-1600times4/serial/PlSnP-Fallback.inc:236:6:KeccakP1600times4_ExtractAndAddBytes_serial,build-c-rx-kem-s-resource-audit-v1/src/common/sha3/xkcp_low/CMakeFiles/xkcp_low_keccakp_1600times4_serial.dir/KeccakP-1600times4/serial/KeccakP-1600-times4-on1.c.su
8,static,/home/home/pqc/liboqs/src/common/sha3/xkcp_low/KeccakP-1600times4/avx2/KeccakP-1600-times4-SIMD256.c:108:6:KeccakP1600times4_InitializeAll_avx2,build-c-rx-kem-s-resource-audit-v1/src/common/sha3/xkcp_low/CMakeFiles/xkcp_low_keccakp_1600times4_avx2.dir/KeccakP-1600times4/avx2/KeccakP-1600-times4-SIMD256.c.su
8,static,/home/home/pqc/liboqs/src/common/sha3/xkcp_low/KeccakP-1600times4/avx2/KeccakP-1600-times4-SIMD256.c:112:6:KeccakP1600times4_AddByte_avx2,build-c-rx-kem-s-resource-audit-v1/src/common/sha3/xkcp_low/CMakeFiles/xkcp_low_keccakp_1600times4_avx2.dir/KeccakP-1600times4/avx2/KeccakP-1600-times4-SIMD256.c.su
8,static,/home/home/pqc/liboqs/src/common/sha3/xkcp_low/KeccakP-1600times4/avx2/KeccakP-1600-times4-SIMD256.c:280:6:KeccakP1600times4_OverwriteWithZeroes_avx2,build-c-rx-kem-s-resource-audit-v1/src/common/sha3/xkcp_low/CMakeFiles/xkcp_low_keccakp_1600times4_avx2.dir/KeccakP-1600times4/avx2/KeccakP-1600-times4-SIMD256.c.su
8,static,/home/home/pqc/liboqs/src/kem/ml_kem/mlkem-native_ml-kem-768_x86_64/mlkem/src/poly_k.c:188:6:PQCP_MLKEM_NATIVE_MLKEM768_X86_64_polyvec_basemul_acc_montgomery_cached,build-c-rx-kem-s-resource-audit-v1/src/kem/ml_kem/CMakeFiles/ml_kem_768_x86_64.dir/mlkem-native_ml-kem-768_x86_64/mlkem/src/poly_k.c.su
8,static,/home/home/pqc/liboqs/src/kem/ml_kem/mlkem-native_ml-kem-768_x86_64/mlkem/src/sampling.c:276:6:PQCP_MLKEM_NATIVE_MLKEM768_X86_64_poly_cbd2,build-c-rx-kem-s-resource-audit-v1/src/kem/ml_kem/CMakeFiles/ml_kem_768_x86_64.dir/mlkem-native_ml-kem-768_x86_64/mlkem/src/sampling.c.su
8,static,/home/home/pqc/liboqs/src/kem/ml_kem/mlkem-native_ml-kem-768_x86_64/mlkem/src/indcpa.c:399:8:PQCP_MLKEM_NATIVE_MLKEM768_X86_64_v27_keypair_workspace_bytes,build-c-rx-kem-s-resource-audit-v1/src/kem/ml_kem/CMakeFiles/ml_kem_768_x86_64.dir/mlkem-native_ml-kem-768_x86_64/mlkem/src/indcpa.c.su
8,static,/home/home/pqc/liboqs/src/kem/ml_kem/mlkem-native_ml-kem-768_x86_64/mlkem/src/indcpa.c:569:8:PQCP_MLKEM_NATIVE_MLKEM768_X86_64_v26_enc_workspace_bytes,build-c-rx-kem-s-resource-audit-v1/src/kem/ml_kem/CMakeFiles/ml_kem_768_x86_64.dir/mlkem-native_ml-kem-768_x86_64/mlkem/src/indcpa.c.su
8,static,/home/home/pqc/liboqs/src/kem/ml_kem/mlkem-native_ml-kem-768_x86_64/mlkem/src/indcpa.c:737:8:PQCP_MLKEM_NATIVE_MLKEM768_X86_64_v28_dec_workspace_bytes,build-c-rx-kem-s-resource-audit-v1/src/kem/ml_kem/CMakeFiles/ml_kem_768_x86_64.dir/mlkem-native_ml-kem-768_x86_64/mlkem/src/indcpa.c.su
8,static,/home/home/pqc/liboqs/src/kem/ml_kem/mlkem-native_ml-kem-768_x86_64/mlkem/src/indcpa.c:777:8:PQCP_MLKEM_NATIVE_MLKEM768_X86_64_v29_lifecycle_workspace_bytes,build-c-rx-kem-s-resource-audit-v1/src/kem/ml_kem/CMakeFiles/ml_kem_768_x86_64.dir/mlkem-native_ml-kem-768_x86_64/mlkem/src/indcpa.c.su
8,static,/home/home/pqc/liboqs/src/kem/ml_kem/mlkem-native_ml-kem-768_x86_64/mlkem/src/poly.c:137:6:PQCP_MLKEM_NATIVE_MLKEM768_X86_64_poly_tomont,build-c-rx-kem-s-resource-audit-v1/src/kem/ml_kem/CMakeFiles/ml_kem_768_x86_64.dir/mlkem-native_ml-kem-768_x86_64/mlkem/src/poly.c.su
8,static,/home/home/pqc/liboqs/src/kem/ml_kem/mlkem-native_ml-kem-768_x86_64/mlkem/src/poly.c:216:6:PQCP_MLKEM_NATIVE_MLKEM768_X86_64_poly_reduce,build-c-rx-kem-s-resource-audit-v1/src/kem/ml_kem/CMakeFiles/ml_kem_768_x86_64.dir/mlkem-native_ml-kem-768_x86_64/mlkem/src/poly.c.su
8,static,/home/home/pqc/liboqs/src/kem/ml_kem/mlkem-native_ml-kem-768_x86_64/mlkem/src/poly.c:235:6:PQCP_MLKEM_NATIVE_MLKEM768_X86_64_poly_add,build-c-rx-kem-s-resource-audit-v1/src/kem/ml_kem/CMakeFiles/ml_kem_768_x86_64.dir/mlkem-native_ml-kem-768_x86_64/mlkem/src/poly.c.su
8,static,/home/home/pqc/liboqs/src/kem/ml_kem/mlkem-native_ml-kem-768_x86_64/mlkem/src/poly.c:253:6:PQCP_MLKEM_NATIVE_MLKEM768_X86_64_poly_sub,build-c-rx-kem-s-resource-audit-v1/src/kem/ml_kem/CMakeFiles/ml_kem_768_x86_64.dir/mlkem-native_ml-kem-768_x86_64/mlkem/src/poly.c.su
8,static,/home/home/pqc/liboqs/src/kem/ml_kem/mlkem-native_ml-kem-768_x86_64/mlkem/src/poly.c:304:6:PQCP_MLKEM_NATIVE_MLKEM768_X86_64_poly_mulcache_compute,build-c-rx-kem-s-resource-audit-v1/src/kem/ml_kem/CMakeFiles/ml_kem_768_x86_64.dir/mlkem-native_ml-kem-768_x86_64/mlkem/src/poly.c.su
8,static,/home/home/pqc/liboqs/src/kem/ml_kem/mlkem-native_ml-kem-768_x86_64/mlkem/src/poly.c:456:6:PQCP_MLKEM_NATIVE_MLKEM768_X86_64_poly_ntt,build-c-rx-kem-s-resource-audit-v1/src/kem/ml_kem/CMakeFiles/ml_kem_768_x86_64.dir/mlkem-native_ml-kem-768_x86_64/mlkem/src/poly.c.su
8,static,/home/home/pqc/liboqs/src/kem/ml_kem/mlkem-native_ml-kem-768_x86_64/mlkem/src/poly.c:553:6:PQCP_MLKEM_NATIVE_MLKEM768_X86_64_poly_invntt_tomont,build-c-rx-kem-s-resource-audit-v1/src/kem/ml_kem/CMakeFiles/ml_kem_768_x86_64.dir/mlkem-native_ml-kem-768_x86_64/mlkem/src/poly.c.su
8,static,/home/home/pqc/liboqs/src/kem/ml_kem/mlkem-native_ml-kem-768_x86_64/mlkem/src/compress.c:70:6:PQCP_MLKEM_NATIVE_MLKEM768_X86_64_poly_compress_d4,build-c-rx-kem-s-resource-audit-v1/src/kem/ml_kem/CMakeFiles/ml_kem_768_x86_64.dir/mlkem-native_ml-kem-768_x86_64/mlkem/src/compress.c.su
8,static,/home/home/pqc/liboqs/src/kem/ml_kem/mlkem-native_ml-kem-768_x86_64/mlkem/src/compress.c:135:6:PQCP_MLKEM_NATIVE_MLKEM768_X86_64_poly_compress_d10,build-c-rx-kem-s-resource-audit-v1/src/kem/ml_kem/CMakeFiles/ml_kem_768_x86_64.dir/mlkem-native_ml-kem-768_x86_64/mlkem/src/compress.c.su
8,static,/home/home/pqc/liboqs/src/kem/ml_kem/mlkem-native_ml-kem-768_x86_64/mlkem/src/compress.c:182:6:PQCP_MLKEM_NATIVE_MLKEM768_X86_64_poly_decompress_d4,build-c-rx-kem-s-resource-audit-v1/src/kem/ml_kem/CMakeFiles/ml_kem_768_x86_64.dir/mlkem-native_ml-kem-768_x86_64/mlkem/src/compress.c.su
8,static,/home/home/pqc/liboqs/src/kem/ml_kem/mlkem-native_ml-kem-768_x86_64/mlkem/src/compress.c:243:6:PQCP_MLKEM_NATIVE_MLKEM768_X86_64_poly_decompress_d10,build-c-rx-kem-s-resource-audit-v1/src/kem/ml_kem/CMakeFiles/ml_kem_768_x86_64.dir/mlkem-native_ml-kem-768_x86_64/mlkem/src/compress.c.su
8,static,/home/home/pqc/liboqs/src/kem/ml_kem/mlkem-native_ml-kem-768_x86_64/mlkem/src/compress.c:593:6:PQCP_MLKEM_NATIVE_MLKEM768_X86_64_poly_tobytes,build-c-rx-kem-s-resource-audit-v1/src/kem/ml_kem/CMakeFiles/ml_kem_768_x86_64.dir/mlkem-native_ml-kem-768_x86_64/mlkem/src/compress.c.su
8,static,/home/home/pqc/liboqs/src/kem/ml_kem/mlkem-native_ml-kem-768_x86_64/mlkem/src/compress.c:636:6:PQCP_MLKEM_NATIVE_MLKEM768_X86_64_poly_frombytes,build-c-rx-kem-s-resource-audit-v1/src/kem/ml_kem/CMakeFiles/ml_kem_768_x86_64.dir/mlkem-native_ml-kem-768_x86_64/mlkem/src/compress.c.su
8,static,/home/home/pqc/liboqs/src/kem/ml_kem/mlkem-native_ml-kem-768_x86_64/mlkem/src/compress.c:657:6:PQCP_MLKEM_NATIVE_MLKEM768_X86_64_poly_frommsg,build-c-rx-kem-s-resource-audit-v1/src/kem/ml_kem/CMakeFiles/ml_kem_768_x86_64.dir/mlkem-native_ml-kem-768_x86_64/mlkem/src/compress.c.su
8,static,/home/home/pqc/liboqs/src/kem/ml_kem/mlkem-native_ml-kem-768_x86_64/mlkem/src/compress.c:693:6:PQCP_MLKEM_NATIVE_MLKEM768_X86_64_poly_tomsg,build-c-rx-kem-s-resource-audit-v1/src/kem/ml_kem/CMakeFiles/ml_kem_768_x86_64.dir/mlkem-native_ml-kem-768_x86_64/mlkem/src/compress.c.su
8,static,/home/home/pqc/liboqs/src/kem/ml_kem/mlkem-native_ml-kem-768_ref/mlkem/src/sampling.c:32:30:mlk_rej_uniform_c.constprop,build-c-rx-kem-s-resource-audit-v1/src/kem/ml_kem/CMakeFiles/ml_kem_768_ref.dir/mlkem-native_ml-kem-768_ref/mlkem/src/sampling.c.su
8,static,/home/home/pqc/liboqs/src/kem/ml_kem/mlkem-native_ml-kem-768_ref/mlkem/src/indcpa.c:399:8:PQCP_MLKEM_NATIVE_MLKEM768_C_v27_keypair_workspace_bytes,build-c-rx-kem-s-resource-audit-v1/src/kem/ml_kem/CMakeFiles/ml_kem_768_ref.dir/mlkem-native_ml-kem-768_ref/mlkem/src/indcpa.c.su
8,static,/home/home/pqc/liboqs/src/kem/ml_kem/mlkem-native_ml-kem-768_ref/mlkem/src/indcpa.c:569:8:PQCP_MLKEM_NATIVE_MLKEM768_C_v26_enc_workspace_bytes,build-c-rx-kem-s-resource-audit-v1/src/kem/ml_kem/CMakeFiles/ml_kem_768_ref.dir/mlkem-native_ml-kem-768_ref/mlkem/src/indcpa.c.su
8,static,/home/home/pqc/liboqs/src/kem/ml_kem/mlkem-native_ml-kem-768_ref/mlkem/src/indcpa.c:737:8:PQCP_MLKEM_NATIVE_MLKEM768_C_v28_dec_workspace_bytes,build-c-rx-kem-s-resource-audit-v1/src/kem/ml_kem/CMakeFiles/ml_kem_768_ref.dir/mlkem-native_ml-kem-768_ref/mlkem/src/indcpa.c.su
8,static,/home/home/pqc/liboqs/src/kem/ml_kem/mlkem-native_ml-kem-768_ref/mlkem/src/indcpa.c:777:8:PQCP_MLKEM_NATIVE_MLKEM768_C_v29_lifecycle_workspace_bytes,build-c-rx-kem-s-resource-audit-v1/src/kem/ml_kem/CMakeFiles/ml_kem_768_ref.dir/mlkem-native_ml-kem-768_ref/mlkem/src/indcpa.c.su
8,static,/home/home/pqc/liboqs/src/kem/ml_kem/mlkem-native_ml-kem-768_ref/mlkem/src/poly.c:137:6:PQCP_MLKEM_NATIVE_MLKEM768_C_poly_tomont,build-c-rx-kem-s-resource-audit-v1/src/kem/ml_kem/CMakeFiles/ml_kem_768_ref.dir/mlkem-native_ml-kem-768_ref/mlkem/src/poly.c.su
8,static,/home/home/pqc/liboqs/src/kem/ml_kem/mlkem-native_ml-kem-768_ref/mlkem/src/poly.c:216:6:PQCP_MLKEM_NATIVE_MLKEM768_C_poly_reduce,build-c-rx-kem-s-resource-audit-v1/src/kem/ml_kem/CMakeFiles/ml_kem_768_ref.dir/mlkem-native_ml-kem-768_ref/mlkem/src/poly.c.su
8,static,/home/home/pqc/liboqs/src/kem/ml_kem/mlkem-native_ml-kem-768_ref/mlkem/src/poly.c:235:6:PQCP_MLKEM_NATIVE_MLKEM768_C_poly_add,build-c-rx-kem-s-resource-audit-v1/src/kem/ml_kem/CMakeFiles/ml_kem_768_ref.dir/mlkem-native_ml-kem-768_ref/mlkem/src/poly.c.su
8,static,/home/home/pqc/liboqs/src/kem/ml_kem/mlkem-native_ml-kem-768_ref/mlkem/src/poly.c:253:6:PQCP_MLKEM_NATIVE_MLKEM768_C_poly_sub,build-c-rx-kem-s-resource-audit-v1/src/kem/ml_kem/CMakeFiles/ml_kem_768_ref.dir/mlkem-native_ml-kem-768_ref/mlkem/src/poly.c.su
8,static,/home/home/pqc/liboqs/src/kem/ml_kem/mlkem-native_ml-kem-768_ref/mlkem/src/poly.c:304:6:PQCP_MLKEM_NATIVE_MLKEM768_C_poly_mulcache_compute,build-c-rx-kem-s-resource-audit-v1/src/kem/ml_kem/CMakeFiles/ml_kem_768_ref.dir/mlkem-native_ml-kem-768_ref/mlkem/src/poly.c.su
8,static,/home/home/pqc/liboqs/src/kem/ml_kem/mlkem-native_ml-kem-768_ref/mlkem/src/compress.c:182:6:PQCP_MLKEM_NATIVE_MLKEM768_C_poly_decompress_d4,build-c-rx-kem-s-resource-audit-v1/src/kem/ml_kem/CMakeFiles/ml_kem_768_ref.dir/mlkem-native_ml-kem-768_ref/mlkem/src/compress.c.su
8,static,/home/home/pqc/liboqs/src/kem/ml_kem/mlkem-native_ml-kem-768_ref/mlkem/src/compress.c:243:6:PQCP_MLKEM_NATIVE_MLKEM768_C_poly_decompress_d10,build-c-rx-kem-s-resource-audit-v1/src/kem/ml_kem/CMakeFiles/ml_kem_768_ref.dir/mlkem-native_ml-kem-768_ref/mlkem/src/compress.c.su
8,static,/home/home/pqc/liboqs/src/kem/ml_kem/mlkem-native_ml-kem-768_ref/mlkem/src/compress.c:593:6:PQCP_MLKEM_NATIVE_MLKEM768_C_poly_tobytes,build-c-rx-kem-s-resource-audit-v1/src/kem/ml_kem/CMakeFiles/ml_kem_768_ref.dir/mlkem-native_ml-kem-768_ref/mlkem/src/compress.c.su
8,static,/home/home/pqc/liboqs/src/kem/ml_kem/mlkem-native_ml-kem-768_ref/mlkem/src/compress.c:636:6:PQCP_MLKEM_NATIVE_MLKEM768_C_poly_frombytes,build-c-rx-kem-s-resource-audit-v1/src/kem/ml_kem/CMakeFiles/ml_kem_768_ref.dir/mlkem-native_ml-kem-768_ref/mlkem/src/compress.c.su
8,static,/home/home/pqc/liboqs/src/kem/ml_kem/mlkem-native_ml-kem-768_ref/mlkem/src/compress.c:657:6:PQCP_MLKEM_NATIVE_MLKEM768_C_poly_frommsg,build-c-rx-kem-s-resource-audit-v1/src/kem/ml_kem/CMakeFiles/ml_kem_768_ref.dir/mlkem-native_ml-kem-768_ref/mlkem/src/compress.c.su
8,static,/home/home/pqc/liboqs/src/kem/ml_kem/mlkem-native_ml-kem-768_ref/mlkem/src/compress.c:693:6:PQCP_MLKEM_NATIVE_MLKEM768_C_poly_tomsg,build-c-rx-kem-s-resource-audit-v1/src/kem/ml_kem/CMakeFiles/ml_kem_768_ref.dir/mlkem-native_ml-kem-768_ref/mlkem/src/compress.c.su
8,static,/home/home/pqc/liboqs/tests/test_helpers.c:45:13:hqc_prng_set_state,build-c-rx-kem-s-resource-audit-v1/tests/CMakeFiles/test_kem.dir/test_helpers.c.su
8,static,/home/home/pqc/liboqs/tests/test_helpers.c:41:13:hqc_prng_get_state,build-c-rx-kem-s-resource-audit-v1/tests/CMakeFiles/test_kem.dir/test_helpers.c.su
8,static,/home/home/pqc/liboqs/tests/test_helpers.c:37:13:hqc_prng_randombytes,build-c-rx-kem-s-resource-audit-v1/tests/CMakeFiles/test_kem.dir/test_helpers.c.su
8,static,/home/home/pqc/liboqs/tests/test_helpers.c:110:6:OQS_KAT_PRNG_seed,build-c-rx-kem-s-resource-audit-v1/tests/CMakeFiles/test_kem.dir/test_helpers.c.su
8,static,/home/home/pqc/liboqs/tests/test_helpers.c:116:6:OQS_KAT_PRNG_save_state,build-c-rx-kem-s-resource-audit-v1/tests/CMakeFiles/test_kem.dir/test_helpers.c.su
8,static,/home/home/pqc/liboqs/tests/test_helpers.c:122:6:OQS_KAT_PRNG_restore_state,build-c-rx-kem-s-resource-audit-v1/tests/CMakeFiles/test_kem.dir/test_helpers.c.su
8,static,/home/home/pqc/liboqs/tests/test_aes.c:146:13:override_AES128_ECB_load_schedule,build-c-rx-kem-s-resource-audit-v1/tests/CMakeFiles/test_aes.dir/test_aes.c.su
8,static,/home/home/pqc/liboqs/tests/example_sig.c:166:6:cleanup_stack,build-c-rx-kem-s-resource-audit-v1/tests/CMakeFiles/example_sig.dir/example_sig.c.su
8,static,/home/home/pqc/liboqs/tests/test_helpers.c:45:13:hqc_prng_set_state,build-c-rx-kem-s-resource-audit-v1/tests/CMakeFiles/test_kem_mem.dir/test_helpers.c.su
8,static,/home/home/pqc/liboqs/tests/test_helpers.c:41:13:hqc_prng_get_state,build-c-rx-kem-s-resource-audit-v1/tests/CMakeFiles/test_kem_mem.dir/test_helpers.c.su
8,static,/home/home/pqc/liboqs/tests/test_helpers.c:37:13:hqc_prng_randombytes,build-c-rx-kem-s-resource-audit-v1/tests/CMakeFiles/test_kem_mem.dir/test_helpers.c.su
8,static,/home/home/pqc/liboqs/tests/test_helpers.c:110:6:OQS_KAT_PRNG_seed,build-c-rx-kem-s-resource-audit-v1/tests/CMakeFiles/test_kem_mem.dir/test_helpers.c.su
8,static,/home/home/pqc/liboqs/tests/test_helpers.c:116:6:OQS_KAT_PRNG_save_state,build-c-rx-kem-s-resource-audit-v1/tests/CMakeFiles/test_kem_mem.dir/test_helpers.c.su
8,static,/home/home/pqc/liboqs/tests/test_helpers.c:122:6:OQS_KAT_PRNG_restore_state,build-c-rx-kem-s-resource-audit-v1/tests/CMakeFiles/test_kem_mem.dir/test_helpers.c.su
8,static,/home/home/pqc/liboqs/tests/test_helpers.c:45:13:hqc_prng_set_state,build-c-rx-kem-s-resource-audit-v1/tests/CMakeFiles/test_sig_stfl.dir/test_helpers.c.su
8,static,/home/home/pqc/liboqs/tests/test_helpers.c:41:13:hqc_prng_get_state,build-c-rx-kem-s-resource-audit-v1/tests/CMakeFiles/test_sig_stfl.dir/test_helpers.c.su
8,static,/home/home/pqc/liboqs/tests/test_helpers.c:37:13:hqc_prng_randombytes,build-c-rx-kem-s-resource-audit-v1/tests/CMakeFiles/test_sig_stfl.dir/test_helpers.c.su
8,static,/home/home/pqc/liboqs/tests/test_helpers.c:110:6:OQS_KAT_PRNG_seed,build-c-rx-kem-s-resource-audit-v1/tests/CMakeFiles/test_sig_stfl.dir/test_helpers.c.su
8,static,/home/home/pqc/liboqs/tests/test_helpers.c:116:6:OQS_KAT_PRNG_save_state,build-c-rx-kem-s-resource-audit-v1/tests/CMakeFiles/test_sig_stfl.dir/test_helpers.c.su
8,static,/home/home/pqc/liboqs/tests/test_helpers.c:122:6:OQS_KAT_PRNG_restore_state,build-c-rx-kem-s-resource-audit-v1/tests/CMakeFiles/test_sig_stfl.dir/test_helpers.c.su
8,static,/home/home/pqc/liboqs/tests/test_helpers.c:45:13:hqc_prng_set_state,build-c-rx-kem-s-resource-audit-v1/tests/CMakeFiles/test_sig.dir/test_helpers.c.su
8,static,/home/home/pqc/liboqs/tests/test_helpers.c:41:13:hqc_prng_get_state,build-c-rx-kem-s-resource-audit-v1/tests/CMakeFiles/test_sig.dir/test_helpers.c.su
8,static,/home/home/pqc/liboqs/tests/test_helpers.c:37:13:hqc_prng_randombytes,build-c-rx-kem-s-resource-audit-v1/tests/CMakeFiles/test_sig.dir/test_helpers.c.su
8,static,/home/home/pqc/liboqs/tests/test_helpers.c:110:6:OQS_KAT_PRNG_seed,build-c-rx-kem-s-resource-audit-v1/tests/CMakeFiles/test_sig.dir/test_helpers.c.su
8,static,/home/home/pqc/liboqs/tests/test_helpers.c:116:6:OQS_KAT_PRNG_save_state,build-c-rx-kem-s-resource-audit-v1/tests/CMakeFiles/test_sig.dir/test_helpers.c.su
8,static,/home/home/pqc/liboqs/tests/test_helpers.c:122:6:OQS_KAT_PRNG_restore_state,build-c-rx-kem-s-resource-audit-v1/tests/CMakeFiles/test_sig.dir/test_helpers.c.su
8,static,/home/home/pqc/liboqs/tests/test_helpers.c:45:13:hqc_prng_set_state,build-c-rx-kem-s-resource-audit-v1/tests/CMakeFiles/kat_kem.dir/test_helpers.c.su
8,static,/home/home/pqc/liboqs/tests/test_helpers.c:41:13:hqc_prng_get_state,build-c-rx-kem-s-resource-audit-v1/tests/CMakeFiles/kat_kem.dir/test_helpers.c.su
8,static,/home/home/pqc/liboqs/tests/test_helpers.c:37:13:hqc_prng_randombytes,build-c-rx-kem-s-resource-audit-v1/tests/CMakeFiles/kat_kem.dir/test_helpers.c.su
8,static,/home/home/pqc/liboqs/tests/test_helpers.c:110:6:OQS_KAT_PRNG_seed,build-c-rx-kem-s-resource-audit-v1/tests/CMakeFiles/kat_kem.dir/test_helpers.c.su
8,static,/home/home/pqc/liboqs/tests/test_helpers.c:116:6:OQS_KAT_PRNG_save_state,build-c-rx-kem-s-resource-audit-v1/tests/CMakeFiles/kat_kem.dir/test_helpers.c.su
8,static,/home/home/pqc/liboqs/tests/test_helpers.c:122:6:OQS_KAT_PRNG_restore_state,build-c-rx-kem-s-resource-audit-v1/tests/CMakeFiles/kat_kem.dir/test_helpers.c.su
8,static,/home/home/pqc/liboqs/tests/vectors_sig.c:204:13:MLDSA_randombytes_init,build-c-rx-kem-s-resource-audit-v1/tests/CMakeFiles/vectors_sig.dir/vectors_sig.c.su
8,static,/home/home/pqc/liboqs/tests/vectors_sig.c:214:13:MLDSA_randombytes_free,build-c-rx-kem-s-resource-audit-v1/tests/CMakeFiles/vectors_sig.dir/vectors_sig.c.su
8,static,/home/home/pqc/liboqs/tests/vectors_sig.c:223:13:SLHDSA_randombytes_init,build-c-rx-kem-s-resource-audit-v1/tests/CMakeFiles/vectors_sig.dir/vectors_sig.c.su
8,static,/home/home/pqc/liboqs/tests/vectors_sig.c:233:13:SLHDSA_randombytes_free,build-c-rx-kem-s-resource-audit-v1/tests/CMakeFiles/vectors_sig.dir/vectors_sig.c.su
8,static,/home/home/pqc/liboqs/tests/vectors_sig.c:277:5:prehash_id_from_string,build-c-rx-kem-s-resource-audit-v1/tests/CMakeFiles/vectors_sig.dir/vectors_sig.c.su
8,static,/home/home/pqc/liboqs/tests/example_sig_stfl.c:18:19:do_nothing_save,build-c-rx-kem-s-resource-audit-v1/tests/CMakeFiles/example_sig_stfl.dir/example_sig_stfl.c.su
8,static,/home/home/pqc/liboqs/tests/test_helpers.c:45:13:hqc_prng_set_state,build-c-rx-kem-s-resource-audit-v1/tests/CMakeFiles/kat_sig.dir/test_helpers.c.su
8,static,/home/home/pqc/liboqs/tests/test_helpers.c:41:13:hqc_prng_get_state,build-c-rx-kem-s-resource-audit-v1/tests/CMakeFiles/kat_sig.dir/test_helpers.c.su
8,static,/home/home/pqc/liboqs/tests/test_helpers.c:37:13:hqc_prng_randombytes,build-c-rx-kem-s-resource-audit-v1/tests/CMakeFiles/kat_sig.dir/test_helpers.c.su
8,static,/home/home/pqc/liboqs/tests/test_helpers.c:110:6:OQS_KAT_PRNG_seed,build-c-rx-kem-s-resource-audit-v1/tests/CMakeFiles/kat_sig.dir/test_helpers.c.su
8,static,/home/home/pqc/liboqs/tests/test_helpers.c:116:6:OQS_KAT_PRNG_save_state,build-c-rx-kem-s-resource-audit-v1/tests/CMakeFiles/kat_sig.dir/test_helpers.c.su
8,static,/home/home/pqc/liboqs/tests/test_helpers.c:122:6:OQS_KAT_PRNG_restore_state,build-c-rx-kem-s-resource-audit-v1/tests/CMakeFiles/kat_sig.dir/test_helpers.c.su
8,static,/home/home/pqc/liboqs/tests/kat_sig_stfl.c:23:19:do_nothing_save,build-c-rx-kem-s-resource-audit-v1/tests/CMakeFiles/kat_sig_stfl.dir/kat_sig_stfl.c.su
8,static,/home/home/pqc/liboqs/tests/test_helpers.c:45:13:hqc_prng_set_state,build-c-rx-kem-s-resource-audit-v1/tests/CMakeFiles/kat_sig_stfl.dir/test_helpers.c.su
8,static,/home/home/pqc/liboqs/tests/test_helpers.c:41:13:hqc_prng_get_state,build-c-rx-kem-s-resource-audit-v1/tests/CMakeFiles/kat_sig_stfl.dir/test_helpers.c.su
8,static,/home/home/pqc/liboqs/tests/test_helpers.c:37:13:hqc_prng_randombytes,build-c-rx-kem-s-resource-audit-v1/tests/CMakeFiles/kat_sig_stfl.dir/test_helpers.c.su
8,static,/home/home/pqc/liboqs/tests/test_helpers.c:110:6:OQS_KAT_PRNG_seed,build-c-rx-kem-s-resource-audit-v1/tests/CMakeFiles/kat_sig_stfl.dir/test_helpers.c.su
8,static,/home/home/pqc/liboqs/tests/test_helpers.c:116:6:OQS_KAT_PRNG_save_state,build-c-rx-kem-s-resource-audit-v1/tests/CMakeFiles/kat_sig_stfl.dir/test_helpers.c.su
8,static,/home/home/pqc/liboqs/tests/test_helpers.c:122:6:OQS_KAT_PRNG_restore_state,build-c-rx-kem-s-resource-audit-v1/tests/CMakeFiles/kat_sig_stfl.dir/test_helpers.c.su
8,static,/home/home/pqc/liboqs/tests/vectors_kem.c:76:9:barrett_reduce,build-c-rx-kem-s-resource-audit-v1/tests/CMakeFiles/vectors_kem.dir/vectors_kem.c.su
8,static,/home/home/pqc/liboqs/tests/test_sha3.c:1191:13:override_SHA3_sha3_256_inc_init,build-c-rx-kem-s-resource-audit-v1/tests/CMakeFiles/test_sha3.dir/test_sha3.c.su
8,static,/home/home/pqc/liboqs/tests/test_sha3.c:1198:13:override_SHA3_shake128_x4_inc_init,build-c-rx-kem-s-resource-audit-v1/tests/CMakeFiles/test_sha3.dir/test_sha3.c.su
8,static,/home/home/pqc/liboqs/tests/speed_sig_stfl.c:20:12:dummy_secure_storage,build-c-rx-kem-s-resource-audit-v1/tests/CMakeFiles/speed_sig_stfl.dir/speed_sig_stfl.c.su
8,static,/home/home/pqc/liboqs/tests/test_hash.c:267:13:override_SHA2_sha256_inc_init,build-c-rx-kem-s-resource-audit-v1/tests/CMakeFiles/test_hash.dir/test_hash.c.su
