bytes,kind,function,source,line,column,su_file
3648,static,PQCP_MLDSA_NATIVE_MLDSA44_C_poly_uniform_4x,/home/home/pqc/liboqs/src/sig/ml_dsa/mldsa-native_ml-dsa-44_ref/mldsa/src/poly.c,682,6,src/sig/ml_dsa/CMakeFiles/ml_dsa_44_ref.dir/mldsa-native_ml-dsa-44_ref/mldsa/src/poly.c.su
3648,static,PQCP_MLDSA_NATIVE_MLDSA44_X86_64_poly_uniform_4x,/home/home/pqc/liboqs/src/sig/ml_dsa/mldsa-native_ml-dsa-44_x86_64/mldsa/src/poly.c,682,6,src/sig/ml_dsa/CMakeFiles/ml_dsa_44_x86_64.dir/mldsa-native_ml-dsa-44_x86_64/mldsa/src/poly.c.su
3456,"dynamic,bounded",shake_128_x4_kat_test,/home/home/pqc/liboqs/tests/test_sha3.c,883,5,tests/CMakeFiles/test_sha3.dir/test_sha3.c.su
3456,"dynamic,bounded",shake_256_x4_kat_test,/home/home/pqc/liboqs/tests/test_sha3.c,1041,5,tests/CMakeFiles/test_sha3.dir/test_sha3.c.su
3360,static,PQCP_MLDSA_NATIVE_MLDSA44_C_poly_uniform_gamma1_4x,/home/home/pqc/liboqs/src/sig/ml_dsa/mldsa-native_ml-dsa-44_ref/mldsa/src/poly_kl.c,510,6,src/sig/ml_dsa/CMakeFiles/ml_dsa_44_ref.dir/mldsa-native_ml-dsa-44_ref/mldsa/src/poly_kl.c.su
3360,static,PQCP_MLDSA_NATIVE_MLDSA44_X86_64_poly_uniform_gamma1_4x,/home/home/pqc/liboqs/src/sig/ml_dsa/mldsa-native_ml-dsa-44_x86_64/mldsa/src/poly_kl.c,510,6,src/sig/ml_dsa/CMakeFiles/ml_dsa_44_x86_64.dir/mldsa-native_ml-dsa-44_x86_64/mldsa/src/poly_kl.c.su
2576,static,shake_128_kat_test,/home/home/pqc/liboqs/tests/test_sha3.c,498,5,tests/CMakeFiles/test_sha3.dir/test_sha3.c.su
2448,static,shake_256_kat_test,/home/home/pqc/liboqs/tests/test_sha3.c,691,5,tests/CMakeFiles/test_sha3.dir/test_sha3.c.su
2176,static,mld_compute_pack_t0_t1,/home/home/pqc/liboqs/src/sig/ml_dsa/mldsa-native_ml-dsa-44_ref/mldsa/src/sign.c,428,12,src/sig/ml_dsa/CMakeFiles/ml_dsa_44_ref.dir/mldsa-native_ml-dsa-44_ref/mldsa/src/sign.c.su
2176,static,mld_compute_pack_t0_t1,/home/home/pqc/liboqs/src/sig/ml_dsa/mldsa-native_ml-dsa-44_x86_64/mldsa/src/sign.c,428,12,src/sig/ml_dsa/CMakeFiles/ml_dsa_44_x86_64.dir/mldsa-native_ml-dsa-44_x86_64/mldsa/src/sign.c.su
1824,static,main,/home/home/pqc/liboqs/tests/test_sig.c,279,5,tests/CMakeFiles/test_sig.dir/test_sig.c.su
1792,static,OQS_SIG_alg_identifier,/home/home/pqc/liboqs/src/sig/sig.c,14,21,src/CMakeFiles/oqs.dir/sig/sig.c.su
1344,static,main,/home/home/pqc/liboqs/tests/test_hash.c,272,5,tests/CMakeFiles/test_hash.dir/test_hash.c.su
1216,static,PQCP_MLDSA_NATIVE_MLDSA44_C_poly_uniform_eta_4x,/home/home/pqc/liboqs/src/sig/ml_dsa/mldsa-native_ml-dsa-44_ref/mldsa/src/poly_kl.c,326,6,src/sig/ml_dsa/CMakeFiles/ml_dsa_44_ref.dir/mldsa-native_ml-dsa-44_ref/mldsa/src/poly_kl.c.su
1216,static,PQCP_MLDSA_NATIVE_MLDSA44_X86_64_poly_uniform_eta_4x,/home/home/pqc/liboqs/src/sig/ml_dsa/mldsa-native_ml-dsa-44_x86_64/mldsa/src/poly_kl.c,326,6,src/sig/ml_dsa/CMakeFiles/ml_dsa_44_x86_64.dir/mldsa-native_ml-dsa-44_x86_64/mldsa/src/poly_kl.c.su
1032,static,KeccakP1600times4_PermuteAll_24rounds_avx2,/home/home/pqc/liboqs/src/common/sha3/xkcp_low/KeccakP-1600times4/avx2/KeccakP-1600-times4-SIMD256.c,833,6,src/common/sha3/xkcp_low/CMakeFiles/xkcp_low_keccakp_1600times4_avx2.dir/KeccakP-1600times4/avx2/KeccakP-1600-times4-SIMD256.c.su
1032,static,KeccakP1600times4_PermuteAll_12rounds_avx2,/home/home/pqc/liboqs/src/common/sha3/xkcp_low/KeccakP-1600times4/avx2/KeccakP-1600-times4-SIMD256.c,842,6,src/common/sha3/xkcp_low/CMakeFiles/xkcp_low_keccakp_1600times4_avx2.dir/KeccakP-1600times4/avx2/KeccakP-1600-times4-SIMD256.c.su
1032,static,KeccakP1600times4_PermuteAll_6rounds_avx2,/home/home/pqc/liboqs/src/common/sha3/xkcp_low/KeccakP-1600times4/avx2/KeccakP-1600-times4-SIMD256.c,851,6,src/common/sha3/xkcp_low/CMakeFiles/xkcp_low_keccakp_1600times4_avx2.dir/KeccakP-1600times4/avx2/KeccakP-1600-times4-SIMD256.c.su
1032,static,KeccakP1600times4_PermuteAll_4rounds_avx2,/home/home/pqc/liboqs/src/common/sha3/xkcp_low/KeccakP-1600times4/avx2/KeccakP-1600-times4-SIMD256.c,860,6,src/common/sha3/xkcp_low/CMakeFiles/xkcp_low_keccakp_1600times4_avx2.dir/KeccakP-1600times4/avx2/KeccakP-1600-times4-SIMD256.c.su
960,static,PQCP_MLDSA_NATIVE_MLDSA44_C_poly_uniform,/home/home/pqc/liboqs/src/sig/ml_dsa/mldsa-native_ml-dsa-44_ref/mldsa/src/poly.c,648,6,src/sig/ml_dsa/CMakeFiles/ml_dsa_44_ref.dir/mldsa-native_ml-dsa-44_ref/mldsa/src/poly.c.su
960,static,PQCP_MLDSA_NATIVE_MLDSA44_X86_64_poly_uniform,/home/home/pqc/liboqs/src/sig/ml_dsa/mldsa-native_ml-dsa-44_x86_64/mldsa/src/poly.c,648,6,src/sig/ml_dsa/CMakeFiles/ml_dsa_44_x86_64.dir/mldsa-native_ml-dsa-44_x86_64/mldsa/src/poly.c.su
944,static,sha3_512_kat_test,/home/home/pqc/liboqs/tests/test_sha3.c,341,5,tests/CMakeFiles/test_sha3.dir/test_sha3.c.su
928,static,KeccakF1600times4_FastLoop_Absorb_avx2,/home/home/pqc/liboqs/src/common/sha3/xkcp_low/KeccakP-1600times4/avx2/KeccakP-1600-times4-SIMD256.c,869,8,src/common/sha3/xkcp_low/CMakeFiles/xkcp_low_keccakp_1600times4_avx2.dir/KeccakP-1600times4/avx2/KeccakP-1600-times4-SIMD256.c.su
928,static,KeccakP1600times4_12rounds_FastLoop_Absorb_avx2,/home/home/pqc/liboqs/src/common/sha3/xkcp_low/KeccakP-1600times4/avx2/KeccakP-1600-times4-SIMD256.c,926,8,src/common/sha3/xkcp_low/CMakeFiles/xkcp_low_keccakp_1600times4_avx2.dir/KeccakP-1600times4/avx2/KeccakP-1600-times4-SIMD256.c.su
864,static,sha3_384_kat_test,/home/home/pqc/liboqs/tests/test_sha3.c,200,5,tests/CMakeFiles/test_sha3.dir/test_sha3.c.su
784,static,sha3_256_kat_test,/home/home/pqc/liboqs/tests/test_sha3.c,79,5,tests/CMakeFiles/test_sha3.dir/test_sha3.c.su
640,"dynamic,bounded",sig_test_correctness,/home/home/pqc/liboqs/tests/test_sig.c,24,19,tests/CMakeFiles/test_sig.dir/test_sig.c.su
592,static,OQS_SIG_STFL_alg_identifier,/home/home/pqc/liboqs/src/sig_stfl/sig_stfl.c,23,21,src/CMakeFiles/oqs.dir/sig_stfl/sig_stfl.c.su
544,"dynamic,bounded",PQCP_MLDSA_NATIVE_MLDSA44_C_signature,/home/home/pqc/liboqs/src/sig/ml_dsa/mldsa-native_ml-dsa-44_ref/mldsa/src/sign.c,1574,5,src/sig/ml_dsa/CMakeFiles/ml_dsa_44_ref.dir/mldsa-native_ml-dsa-44_ref/mldsa/src/sign.c.su
544,"dynamic,bounded",PQCP_MLDSA_NATIVE_MLDSA44_X86_64_signature,/home/home/pqc/liboqs/src/sig/ml_dsa/mldsa-native_ml-dsa-44_x86_64/mldsa/src/sign.c,1574,5,src/sig/ml_dsa/CMakeFiles/ml_dsa_44_x86_64.dir/mldsa-native_ml-dsa-44_x86_64/mldsa/src/sign.c.su
528,"dynamic,bounded",PQCP_MLDSA_NATIVE_MLDSA44_C_signature_internal,/home/home/pqc/liboqs/src/sig/ml_dsa/mldsa-native_ml-dsa-44_ref/mldsa/src/sign.c,1444,5,src/sig/ml_dsa/CMakeFiles/ml_dsa_44_ref.dir/mldsa-native_ml-dsa-44_ref/mldsa/src/sign.c.su
528,"dynamic,bounded",PQCP_MLDSA_NATIVE_MLDSA44_X86_64_signature_internal,/home/home/pqc/liboqs/src/sig/ml_dsa/mldsa-native_ml-dsa-44_x86_64/mldsa/src/sign.c,1444,5,src/sig/ml_dsa/CMakeFiles/ml_dsa_44_x86_64.dir/mldsa-native_ml-dsa-44_x86_64/mldsa/src/sign.c.su
496,"dynamic,bounded",PQCP_MLDSA_NATIVE_MLDSA44_C_verify,/home/home/pqc/liboqs/src/sig/ml_dsa/mldsa-native_ml-dsa-44_ref/mldsa/src/sign.c,1869,5,src/sig/ml_dsa/CMakeFiles/ml_dsa_44_ref.dir/mldsa-native_ml-dsa-44_ref/mldsa/src/sign.c.su
496,"dynamic,bounded",PQCP_MLDSA_NATIVE_MLDSA44_X86_64_verify,/home/home/pqc/liboqs/src/sig/ml_dsa/mldsa-native_ml-dsa-44_x86_64/mldsa/src/sign.c,1869,5,src/sig/ml_dsa/CMakeFiles/ml_dsa_44_x86_64.dir/mldsa-native_ml-dsa-44_x86_64/mldsa/src/sign.c.su
480,"dynamic,bounded",PQCP_MLDSA_NATIVE_MLDSA44_C_signature_pre_hash_internal,/home/home/pqc/liboqs/src/sig/ml_dsa/mldsa-native_ml-dsa-44_ref/mldsa/src/sign.c,1958,5,src/sig/ml_dsa/CMakeFiles/ml_dsa_44_ref.dir/mldsa-native_ml-dsa-44_ref/mldsa/src/sign.c.su
480,"dynamic,bounded",PQCP_MLDSA_NATIVE_MLDSA44_X86_64_signature_pre_hash_internal,/home/home/pqc/liboqs/src/sig/ml_dsa/mldsa-native_ml-dsa-44_x86_64/mldsa/src/sign.c,1958,5,src/sig/ml_dsa/CMakeFiles/ml_dsa_44_x86_64.dir/mldsa-native_ml-dsa-44_x86_64/mldsa/src/sign.c.su
480,"dynamic,bounded",main,/home/home/pqc/liboqs/tests/test_aes.c,151,5,tests/CMakeFiles/test_aes.dir/test_aes.c.su
464,"dynamic,bounded",PQCP_MLDSA_NATIVE_MLDSA44_C_verify_pre_hash_internal,/home/home/pqc/liboqs/src/sig/ml_dsa/mldsa-native_ml-dsa-44_ref/mldsa/src/sign.c,2001,5,src/sig/ml_dsa/CMakeFiles/ml_dsa_44_ref.dir/mldsa-native_ml-dsa-44_ref/mldsa/src/sign.c.su
464,"dynamic,bounded",PQCP_MLDSA_NATIVE_MLDSA44_X86_64_verify_pre_hash_internal,/home/home/pqc/liboqs/src/sig/ml_dsa/mldsa-native_ml-dsa-44_x86_64/mldsa/src/sign.c,2001,5,src/sig/ml_dsa/CMakeFiles/ml_dsa_44_x86_64.dir/mldsa-native_ml-dsa-44_x86_64/mldsa/src/sign.c.su
464,static,main,/home/home/pqc/liboqs/tests/test_sha3.c,1221,5,tests/CMakeFiles/test_sha3.dir/test_sha3.c.su
416,static,br_aes_ct64_keysched,/home/home/pqc/liboqs/src/common/aes/aes_c.c,374,13,src/common/CMakeFiles/common.dir/aes/aes_c.c.su
416,static,br_aes_ct64_keysched,/home/home/pqc/liboqs/src/common/aes/aes_c.c,374,13,src/common/CMakeFiles/internal.dir/aes/aes_c.c.su
400,"dynamic,bounded",sig_speed_wrapper,/home/home/pqc/liboqs/tests/speed_sig_stfl.c,51,19,tests/CMakeFiles/speed_sig_stfl.dir/speed_sig_stfl.c.su
384,static,PQCP_MLDSA_NATIVE_MLDSA44_X86_64_polyvec_matrix_expand_eager,/home/home/pqc/liboqs/src/sig/ml_dsa/mldsa-native_ml-dsa-44_x86_64/mldsa/src/polyvec_lazy.c,59,6,src/sig/ml_dsa/CMakeFiles/ml_dsa_44_x86_64.dir/mldsa-native_ml-dsa-44_x86_64/mldsa/src/polyvec_lazy.c.su
384,static,speed_sha3,/home/home/pqc/liboqs/tests/speed_common.c,163,19,tests/CMakeFiles/speed_common.dir/speed_common.c.su
352,static,OQS_KEM_alg_identifier,/home/home/pqc/liboqs/src/kem/kem.c,14,21,src/CMakeFiles/oqs.dir/kem/kem.c.su
352,static,PQCP_MLDSA_NATIVE_MLDSA44_C_polyvec_matrix_expand_eager,/home/home/pqc/liboqs/src/sig/ml_dsa/mldsa-native_ml-dsa-44_ref/mldsa/src/polyvec_lazy.c,59,6,src/sig/ml_dsa/CMakeFiles/ml_dsa_44_ref.dir/mldsa-native_ml-dsa-44_ref/mldsa/src/polyvec_lazy.c.su
352,static,speed_aes256,/home/home/pqc/liboqs/tests/speed_common.c,58,19,tests/CMakeFiles/speed_common.dir/speed_common.c.su
352,"dynamic,bounded",test_correctness_wrapper,/home/home/pqc/liboqs/tests/test_sig_stfl.c,1087,7,tests/CMakeFiles/test_sig_stfl.dir/test_sig_stfl.c.su
336,static,oqs_sha2_sha512_inc_finalize_c,/home/home/pqc/liboqs/src/common/sha2/sha2_c.c,760,6,src/common/CMakeFiles/common.dir/sha2/sha2_c.c.su
336,static,oqs_sha2_sha512_inc_finalize_c,/home/home/pqc/liboqs/src/common/sha2/sha2_c.c,760,6,src/common/CMakeFiles/internal.dir/sha2/sha2_c.c.su
336,static,main,/home/home/pqc/liboqs/tests/test_sig_stfl.c,1133,5,tests/CMakeFiles/test_sig_stfl.dir/test_sig_stfl.c.su
336,"dynamic,bounded",sig_speed_wrapper,/home/home/pqc/liboqs/tests/speed_sig.c,35,19,tests/CMakeFiles/speed_sig.dir/speed_sig.c.su
320,static,aes_ecb4x,/home/home/pqc/liboqs/src/common/aes/aes_c.c,516,13,src/common/CMakeFiles/common.dir/aes/aes_c.c.su
320,static,aes_ecb4x,/home/home/pqc/liboqs/src/common/aes/aes_c.c,516,13,src/common/CMakeFiles/internal.dir/aes/aes_c.c.su
320,"dynamic,bounded",kem_speed_wrapper,/home/home/pqc/liboqs/tests/speed_kem.c,36,19,tests/CMakeFiles/speed_kem.dir/speed_kem.c.su
304,static,oqs_aes256_load_schedule_c,/home/home/pqc/liboqs/src/common/aes/aes_c.c,687,6,src/common/CMakeFiles/common.dir/aes/aes_c.c.su
304,static,oqs_aes256_load_schedule_c,/home/home/pqc/liboqs/src/common/aes/aes_c.c,687,6,src/common/CMakeFiles/internal.dir/aes/aes_c.c.su
304,"dynamic,bounded",sig_kat,/home/home/pqc/liboqs/tests/kat_sig.c,711,12,tests/CMakeFiles/kat_sig.dir/kat_sig.c.su
272,static,crypto_hashblocks_sha512_c.isra,/home/home/pqc/liboqs/src/common/sha2/sha2_c.c,296,15,src/common/CMakeFiles/common.dir/sha2/sha2_c.c.su
272,static,oqs_sha2_sha384_c,/home/home/pqc/liboqs/src/common/sha2/sha2_c.c,833,6,src/common/CMakeFiles/common.dir/sha2/sha2_c.c.su
272,static,aes_ctr,/home/home/pqc/liboqs/src/common/aes/aes_c.c,643,13,src/common/CMakeFiles/common.dir/aes/aes_c.c.su
272,static,oqs_aes128_ctr_enc_sch_upd_blks_c,/home/home/pqc/liboqs/src/common/aes/aes_c.c,798,6,src/common/CMakeFiles/common.dir/aes/aes_c.c.su
272,static,oqs_aes256_ctr_enc_sch_upd_blks_c,/home/home/pqc/liboqs/src/common/aes/aes_c.c,814,6,src/common/CMakeFiles/common.dir/aes/aes_c.c.su
272,static,crypto_hashblocks_sha512_c.isra,/home/home/pqc/liboqs/src/common/sha2/sha2_c.c,296,15,src/common/CMakeFiles/internal.dir/sha2/sha2_c.c.su
272,static,aes_ctr,/home/home/pqc/liboqs/src/common/aes/aes_c.c,643,13,src/common/CMakeFiles/internal.dir/aes/aes_c.c.su
272,static,oqs_aes128_ctr_enc_sch_upd_blks_c,/home/home/pqc/liboqs/src/common/aes/aes_c.c,798,6,src/common/CMakeFiles/internal.dir/aes/aes_c.c.su
272,static,oqs_aes256_ctr_enc_sch_upd_blks_c,/home/home/pqc/liboqs/src/common/aes/aes_c.c,814,6,src/common/CMakeFiles/internal.dir/aes/aes_c.c.su
256,"dynamic,bounded",PQCP_MLDSA_NATIVE_MLDSA44_C_signature_pre_hash_shake256,/home/home/pqc/liboqs/src/sig/ml_dsa/mldsa-native_ml-dsa-44_ref/mldsa/src/sign.c,2032,5,src/sig/ml_dsa/CMakeFiles/ml_dsa_44_ref.dir/mldsa-native_ml-dsa-44_ref/mldsa/src/sign.c.su
256,static,PQCP_MLDSA_NATIVE_MLDSA44_C_poly_challenge,/home/home/pqc/liboqs/src/sig/ml_dsa/mldsa-native_ml-dsa-44_ref/mldsa/src/poly_kl.c,563,6,src/sig/ml_dsa/CMakeFiles/ml_dsa_44_ref.dir/mldsa-native_ml-dsa-44_ref/mldsa/src/poly_kl.c.su
256,"dynamic,bounded",PQCP_MLDSA_NATIVE_MLDSA44_X86_64_signature_pre_hash_shake256,/home/home/pqc/liboqs/src/sig/ml_dsa/mldsa-native_ml-dsa-44_x86_64/mldsa/src/sign.c,2032,5,src/sig/ml_dsa/CMakeFiles/ml_dsa_44_x86_64.dir/mldsa-native_ml-dsa-44_x86_64/mldsa/src/sign.c.su
256,static,PQCP_MLDSA_NATIVE_MLDSA44_X86_64_poly_challenge,/home/home/pqc/liboqs/src/sig/ml_dsa/mldsa-native_ml-dsa-44_x86_64/mldsa/src/poly_kl.c,563,6,src/sig/ml_dsa/CMakeFiles/ml_dsa_44_x86_64.dir/mldsa-native_ml-dsa-44_x86_64/mldsa/src/poly_kl.c.su
256,static,speed_aes128,/home/home/pqc/liboqs/tests/speed_common.c,26,19,tests/CMakeFiles/speed_common.dir/speed_common.c.su
256,static,speed_sha512,/home/home/pqc/liboqs/tests/speed_common.c,143,19,tests/CMakeFiles/speed_common.dir/speed_common.c.su
240,static,oqs_sha2_sha224_c,/home/home/pqc/liboqs/src/common/sha2/sha2_c.c,819,6,src/common/CMakeFiles/common.dir/sha2/sha2_c.c.su
240,static,aes_ecb,/home/home/pqc/liboqs/src/common/aes/aes_c.c,558,13,src/common/CMakeFiles/common.dir/aes/aes_c.c.su
240,static,oqs_aes128_load_schedule_c,/home/home/pqc/liboqs/src/common/aes/aes_c.c,678,6,src/common/CMakeFiles/common.dir/aes/aes_c.c.su
240,static,aes_ecb,/home/home/pqc/liboqs/src/common/aes/aes_c.c,558,13,src/common/CMakeFiles/internal.dir/aes/aes_c.c.su
240,static,oqs_aes128_load_schedule_c,/home/home/pqc/liboqs/src/common/aes/aes_c.c,678,6,src/common/CMakeFiles/internal.dir/aes/aes_c.c.su
240,"dynamic,bounded",PQCP_MLDSA_NATIVE_MLDSA44_C_verify_pre_hash_shake256,/home/home/pqc/liboqs/src/sig/ml_dsa/mldsa-native_ml-dsa-44_ref/mldsa/src/sign.c,2054,5,src/sig/ml_dsa/CMakeFiles/ml_dsa_44_ref.dir/mldsa-native_ml-dsa-44_ref/mldsa/src/sign.c.su
240,"dynamic,bounded",PQCP_MLDSA_NATIVE_MLDSA44_X86_64_verify_pre_hash_shake256,/home/home/pqc/liboqs/src/sig/ml_dsa/mldsa-native_ml-dsa-44_x86_64/mldsa/src/sign.c,2054,5,src/sig/ml_dsa/CMakeFiles/ml_dsa_44_x86_64.dir/mldsa-native_ml-dsa-44_x86_64/mldsa/src/sign.c.su
240,static,kem_test_correctness,/home/home/pqc/liboqs/tests/test_kem.c,113,19,tests/CMakeFiles/test_kem.dir/test_kem.c.su
240,static,speed_sha384,/home/home/pqc/liboqs/tests/speed_common.c,123,19,tests/CMakeFiles/speed_common.dir/speed_common.c.su
240,static,main,/home/home/pqc/liboqs/tests/kat_kem.c,139,5,tests/CMakeFiles/kat_kem.dir/kat_kem.c.su
224,static,oqs_sha2_sha256_inc_finalize_c,/home/home/pqc/liboqs/src/common/sha2/sha2_c.c,683,6,src/common/CMakeFiles/common.dir/sha2/sha2_c.c.su
224,static,oqs_sha2_sha256_inc_finalize_c,/home/home/pqc/liboqs/src/common/sha2/sha2_c.c,683,6,src/common/CMakeFiles/internal.dir/sha2/sha2_c.c.su
224,"dynamic,bounded",PQCP_MLDSA_NATIVE_MLDSA44_C_signature_extmu,/home/home/pqc/liboqs/src/sig/ml_dsa/mldsa-native_ml-dsa-44_ref/mldsa/src/sign.c,1636,5,src/sig/ml_dsa/CMakeFiles/ml_dsa_44_ref.dir/mldsa-native_ml-dsa-44_ref/mldsa/src/sign.c.su
224,"dynamic,bounded",PQCP_MLDSA_NATIVE_MLDSA44_X86_64_signature_extmu,/home/home/pqc/liboqs/src/sig/ml_dsa/mldsa-native_ml-dsa-44_x86_64/mldsa/src/sign.c,1636,5,src/sig/ml_dsa/CMakeFiles/ml_dsa_44_x86_64.dir/mldsa-native_ml-dsa-44_x86_64/mldsa/src/sign.c.su
224,"dynamic,bounded",PQCP_MLDSA_NATIVE_MLDSA44_X86_64_verify_internal,/home/home/pqc/liboqs/src/sig/ml_dsa/mldsa-native_ml-dsa-44_x86_64/mldsa/src/sign.c,1707,5,src/sig/ml_dsa/CMakeFiles/ml_dsa_44_x86_64.dir/mldsa-native_ml-dsa-44_x86_64/mldsa/src/sign.c.su
224,static,main,/home/home/pqc/liboqs/tests/test_kem.c,388,5,tests/CMakeFiles/test_kem.dir/test_kem.c.su
224,"dynamic,bounded",test_sig_bitflip,/home/home/pqc/liboqs/tests/test_helpers.c,172,12,tests/CMakeFiles/test_kem.dir/test_helpers.c.su
224,static,speed_sha256,/home/home/pqc/liboqs/tests/speed_common.c,103,19,tests/CMakeFiles/speed_common.dir/speed_common.c.su
224,"dynamic,bounded",test_sig_bitflip,/home/home/pqc/liboqs/tests/test_helpers.c,172,12,tests/CMakeFiles/test_kem_mem.dir/test_helpers.c.su
224,static,oqs_fload,/home/home/pqc/liboqs/tests/tmp_store.c,57,19,tests/CMakeFiles/test_kem_mem.dir/test_kem_mem.c.su
224,static,oqs_fload,/home/home/pqc/liboqs/tests/tmp_store.c,57,19,tests/CMakeFiles/test_sig_stfl.dir/test_sig_stfl.c.su
224,"dynamic,bounded",test_sig_bitflip,/home/home/pqc/liboqs/tests/test_helpers.c,172,12,tests/CMakeFiles/test_sig_stfl.dir/test_helpers.c.su
224,"dynamic,bounded",test_sig_bitflip,/home/home/pqc/liboqs/tests/test_helpers.c,172,12,tests/CMakeFiles/test_sig.dir/test_helpers.c.su
224,"dynamic,bounded",test_sig_bitflip,/home/home/pqc/liboqs/tests/test_helpers.c,172,12,tests/CMakeFiles/kat_kem.dir/test_helpers.c.su
224,"dynamic,bounded",test_sig_bitflip,/home/home/pqc/liboqs/tests/test_helpers.c,172,12,tests/CMakeFiles/kat_sig.dir/test_helpers.c.su
224,static,oqs_fload,/home/home/pqc/liboqs/tests/tmp_store.c,57,19,tests/CMakeFiles/test_sig_mem.dir/test_sig_mem.c.su
224,"dynamic,bounded",test_sig_bitflip,/home/home/pqc/liboqs/tests/test_helpers.c,172,12,tests/CMakeFiles/kat_sig_stfl.dir/test_helpers.c.su
216,static,KeccakF1600_FastLoop_Absorb_plain64,/home/home/pqc/liboqs/src/common/sha3/xkcp_low/KeccakP-1600/plain-64bits/KeccakP-1600-opt64.c,487,8,src/common/sha3/xkcp_low/CMakeFiles/xkcp_low_keccakp_1600_plain64.dir/KeccakP-1600/plain-64bits/KeccakP-1600-opt64.c.su
208,static,oqs_sha2_sha256_c,/home/home/pqc/liboqs/src/common/sha2/sha2_c.c,826,6,src/common/CMakeFiles/common.dir/sha2/sha2_c.c.su
208,static,oqs_sha2_sha512_c,/home/home/pqc/liboqs/src/common/sha2/sha2_c.c,840,6,src/common/CMakeFiles/common.dir/sha2/sha2_c.c.su
208,static,oqs_sha2_sha224_c,/home/home/pqc/liboqs/src/common/sha2/sha2_c.c,819,6,src/common/CMakeFiles/internal.dir/sha2/sha2_c.c.su
208,static,oqs_sha2_sha256_c,/home/home/pqc/liboqs/src/common/sha2/sha2_c.c,826,6,src/common/CMakeFiles/internal.dir/sha2/sha2_c.c.su
208,static,oqs_sha2_sha384_c,/home/home/pqc/liboqs/src/common/sha2/sha2_c.c,833,6,src/common/CMakeFiles/internal.dir/sha2/sha2_c.c.su
208,static,oqs_sha2_sha512_c,/home/home/pqc/liboqs/src/common/sha2/sha2_c.c,840,6,src/common/CMakeFiles/internal.dir/sha2/sha2_c.c.su
208,static,speed_shake128,/home/home/pqc/liboqs/tests/speed_common.c,192,19,tests/CMakeFiles/speed_common.dir/speed_common.c.su
208,static,speed_shake256,/home/home/pqc/liboqs/tests/speed_common.c,219,19,tests/CMakeFiles/speed_common.dir/speed_common.c.su
208,"dynamic,bounded",main,/home/home/pqc/liboqs/tests/vectors_sig.c,890,5,tests/CMakeFiles/vectors_sig.dir/vectors_sig.c.su
208,static,sig_stfl_kat,/home/home/pqc/liboqs/tests/kat_sig_stfl.c,155,12,tests/CMakeFiles/kat_sig_stfl.dir/kat_sig_stfl.c.su
200,static,KeccakP1600_12rounds_FastLoop_Absorb_plain64,/home/home/pqc/liboqs/src/common/sha3/xkcp_low/KeccakP-1600/plain-64bits/KeccakP-1600-opt64.c,505,8,src/common/sha3/xkcp_low/CMakeFiles/xkcp_low_keccakp_1600_plain64.dir/KeccakP-1600/plain-64bits/KeccakP-1600-opt64.c.su
192,static,test_sig_stfl_bitflip,/home/home/pqc/liboqs/tests/test_helpers.c,216,12,tests/CMakeFiles/test_kem.dir/test_helpers.c.su
192,"dynamic,bounded",main,/home/home/pqc/liboqs/tests/speed_common.c,258,5,tests/CMakeFiles/speed_common.dir/speed_common.c.su
192,static,test_sig_stfl_bitflip,/home/home/pqc/liboqs/tests/test_helpers.c,216,12,tests/CMakeFiles/test_kem_mem.dir/test_helpers.c.su
192,static,oqs_fstore,/home/home/pqc/liboqs/tests/tmp_store.c,41,19,tests/CMakeFiles/test_kem_mem.dir/test_kem_mem.c.su
192,static,oqs_fstore,/home/home/pqc/liboqs/tests/tmp_store.c,41,19,tests/CMakeFiles/test_sig_stfl.dir/test_sig_stfl.c.su
192,static,test_sig_stfl_bitflip,/home/home/pqc/liboqs/tests/test_helpers.c,216,12,tests/CMakeFiles/test_sig_stfl.dir/test_helpers.c.su
192,static,test_sig_stfl_bitflip,/home/home/pqc/liboqs/tests/test_helpers.c,216,12,tests/CMakeFiles/test_sig.dir/test_helpers.c.su
192,static,test_sig_stfl_bitflip,/home/home/pqc/liboqs/tests/test_helpers.c,216,12,tests/CMakeFiles/kat_kem.dir/test_helpers.c.su
192,static,test_sig_stfl_bitflip,/home/home/pqc/liboqs/tests/test_helpers.c,216,12,tests/CMakeFiles/kat_sig.dir/test_helpers.c.su
192,static,oqs_fstore,/home/home/pqc/liboqs/tests/tmp_store.c,41,19,tests/CMakeFiles/test_sig_mem.dir/test_sig_mem.c.su
192,static,test_sig_stfl_bitflip,/home/home/pqc/liboqs/tests/test_helpers.c,216,12,tests/CMakeFiles/kat_sig_stfl.dir/test_helpers.c.su
176,static,KeccakP1600_Permute_Nrounds_plain64,/home/home/pqc/liboqs/src/common/sha3/xkcp_low/KeccakP-1600/plain-64bits/KeccakP-1600-opt64.c,306,6,src/common/sha3/xkcp_low/CMakeFiles/xkcp_low_keccakp_1600_plain64.dir/KeccakP-1600/plain-64bits/KeccakP-1600-opt64.c.su
176,"dynamic,bounded",PQCP_MLDSA_NATIVE_MLDSA44_C_verify_internal,/home/home/pqc/liboqs/src/sig/ml_dsa/mldsa-native_ml-dsa-44_ref/mldsa/src/sign.c,1707,5,src/sig/ml_dsa/CMakeFiles/ml_dsa_44_ref.dir/mldsa-native_ml-dsa-44_ref/mldsa/src/sign.c.su
176,static,test_secret_key_wrapper,/home/home/pqc/liboqs/tests/test_sig_stfl.c,1097,7,tests/CMakeFiles/test_sig_stfl.dir/test_sig_stfl.c.su
176,"dynamic,bounded",main,/home/home/pqc/liboqs/tests/speed_kem.c,107,5,tests/CMakeFiles/speed_kem.dir/speed_kem.c.su
176,"dynamic,bounded",main,/home/home/pqc/liboqs/tests/speed_sig_stfl.c,165,5,tests/CMakeFiles/speed_sig_stfl.dir/speed_sig_stfl.c.su
176,"dynamic,bounded",main,/home/home/pqc/liboqs/tests/speed_sig.c,111,5,tests/CMakeFiles/speed_sig.dir/speed_sig.c.su
160,static,aes_keysched_no_bitslice,/home/home/pqc/liboqs/src/common/aes/aes_c.c,696,13,src/common/CMakeFiles/common.dir/aes/aes_c.c.su
160,static,AES256_CTR_DRBG_Update.constprop,/home/home/pqc/liboqs/src/common/rand/rand_nist.c,122,13,src/common/CMakeFiles/internal.dir/rand/rand_nist.c.su
160,static,aes_keysched_no_bitslice,/home/home/pqc/liboqs/src/common/aes/aes_c.c,696,13,src/common/CMakeFiles/internal.dir/aes/aes_c.c.su
160,"dynamic,bounded",PQCP_MLDSA_NATIVE_MLDSA44_X86_64_keypair_internal,/home/home/pqc/liboqs/src/sig/ml_dsa/mldsa-native_ml-dsa-44_x86_64/mldsa/src/sign.c,593,5,src/sig/ml_dsa/CMakeFiles/ml_dsa_44_x86_64.dir/mldsa-native_ml-dsa-44_x86_64/mldsa/src/sign.c.su
152,static,KeccakP1600_Permute_12rounds_plain64,/home/home/pqc/liboqs/src/common/sha3/xkcp_low/KeccakP-1600/plain-64bits/KeccakP-1600-opt64.c,330,6,src/common/sha3/xkcp_low/CMakeFiles/xkcp_low_keccakp_1600_plain64.dir/KeccakP-1600/plain-64bits/KeccakP-1600-opt64.c.su
144,static,KeccakP1600_Permute_24rounds_plain64,/home/home/pqc/liboqs/src/common/sha3/xkcp_low/KeccakP-1600/plain-64bits/KeccakP-1600-opt64.c,319,6,src/common/sha3/xkcp_low/CMakeFiles/xkcp_low_keccakp_1600_plain64.dir/KeccakP-1600/plain-64bits/KeccakP-1600-opt64.c.su
144,static,FindMarker,/home/home/pqc/liboqs/tests/test_sig_stfl.c,45,5,tests/CMakeFiles/test_sig_stfl.dir/test_sig_stfl.c.su
144,static,FindMarker,/home/home/pqc/liboqs/tests/kat_sig_stfl.c,33,5,tests/CMakeFiles/kat_sig_stfl.dir/kat_sig_stfl.c.su
144,static,main,/home/home/pqc/liboqs/tests/vectors_kem.c,507,5,tests/CMakeFiles/vectors_kem.dir/vectors_kem.c.su
128,static,SHA3_shake256_x4,/home/home/pqc/liboqs/src/common/sha3/xkcp_sha3x4.c,209,13,src/common/CMakeFiles/common.dir/sha3/xkcp_sha3x4.c.su
128,static,SHA3_shake128_x4,/home/home/pqc/liboqs/src/common/sha3/xkcp_sha3x4.c,167,13,src/common/CMakeFiles/common.dir/sha3/xkcp_sha3x4.c.su
128,static,OQS_randombytes_nist_kat,/home/home/pqc/liboqs/src/common/rand/rand_nist.c,76,6,src/common/CMakeFiles/internal.dir/rand/rand_nist.c.su
128,static,SHA3_shake256_x4,/home/home/pqc/liboqs/src/common/sha3/xkcp_sha3x4.c,209,13,src/common/CMakeFiles/internal.dir/sha3/xkcp_sha3x4.c.su
128,static,SHA3_shake128_x4,/home/home/pqc/liboqs/src/common/sha3/xkcp_sha3x4.c,167,13,src/common/CMakeFiles/internal.dir/sha3/xkcp_sha3x4.c.su
128,static,PQCP_MLDSA_NATIVE_MLDSA44_C_keypair,/home/home/pqc/liboqs/src/sig/ml_dsa/mldsa-native_ml-dsa-44_ref/mldsa/src/sign.c,696,5,src/sig/ml_dsa/CMakeFiles/ml_dsa_44_ref.dir/mldsa-native_ml-dsa-44_ref/mldsa/src/sign.c.su
128,static,PQCP_MLDSA_NATIVE_MLDSA44_X86_64_keypair,/home/home/pqc/liboqs/src/sig/ml_dsa/mldsa-native_ml-dsa-44_x86_64/mldsa/src/sign.c,696,5,src/sig/ml_dsa/CMakeFiles/ml_dsa_44_x86_64.dir/mldsa-native_ml-dsa-44_x86_64/mldsa/src/sign.c.su
128,static,main,/home/home/pqc/liboqs/tests/test_kem_mem.c,180,5,tests/CMakeFiles/test_kem_mem.dir/test_kem_mem.c.su
112,static,keccak_x4_inc_absorb,/home/home/pqc/liboqs/src/common/sha3/xkcp_sha3x4.c,88,13,src/common/CMakeFiles/common.dir/sha3/xkcp_sha3x4.c.su
112,static,oqs_sha2_sha384_inc_finalize_c,/home/home/pqc/liboqs/src/common/sha2/sha2_c.c,810,6,src/common/CMakeFiles/common.dir/sha2/sha2_c.c.su
112,static,keccak_x4_inc_absorb,/home/home/pqc/liboqs/src/common/sha3/xkcp_sha3x4.c,88,13,src/common/CMakeFiles/internal.dir/sha3/xkcp_sha3x4.c.su
112,static,oqs_sha2_sha384_inc_finalize_c,/home/home/pqc/liboqs/src/common/sha2/sha2_c.c,810,6,src/common/CMakeFiles/internal.dir/sha2/sha2_c.c.su
112,static,mld_H,/home/home/pqc/liboqs/src/sig/ml_dsa/mldsa-native_ml-dsa-44_ref/mldsa/src/sign.c,742,13,src/sig/ml_dsa/CMakeFiles/ml_dsa_44_ref.dir/mldsa-native_ml-dsa-44_ref/mldsa/src/sign.c.su
112,"dynamic,bounded",PQCP_MLDSA_NATIVE_MLDSA44_C_keypair_internal,/home/home/pqc/liboqs/src/sig/ml_dsa/mldsa-native_ml-dsa-44_ref/mldsa/src/sign.c,593,5,src/sig/ml_dsa/CMakeFiles/ml_dsa_44_ref.dir/mldsa-native_ml-dsa-44_ref/mldsa/src/sign.c.su
112,static,mld_H,/home/home/pqc/liboqs/src/sig/ml_dsa/mldsa-native_ml-dsa-44_x86_64/mldsa/src/sign.c,742,13,src/sig/ml_dsa/CMakeFiles/ml_dsa_44_x86_64.dir/mldsa-native_ml-dsa-44_x86_64/mldsa/src/sign.c.su
112,static,test_sig_gen,/home/home/pqc/liboqs/tests/test_sig_stfl.c,1069,7,tests/CMakeFiles/test_sig_stfl.dir/test_sig_stfl.c.su
112,static,stfl_example,/home/home/pqc/liboqs/tests/example_sig_stfl.c,32,19,tests/CMakeFiles/example_sig_stfl.dir/example_sig_stfl.c.su
112,static,main,/home/home/pqc/liboqs/tests/test_sig_mem.c,168,5,tests/CMakeFiles/test_sig_mem.dir/test_sig_mem.c.su
96,static,keccak_x4_inc_squeeze,/home/home/pqc/liboqs/src/common/sha3/xkcp_sha3x4.c,140,13,src/common/CMakeFiles/common.dir/sha3/xkcp_sha3x4.c.su
96,static,OQS_randombytes_nist_kat_init_256bit,/home/home/pqc/liboqs/src/common/rand/rand_nist.c,62,6,src/common/CMakeFiles/internal.dir/rand/rand_nist.c.su
96,static,keccak_x4_inc_squeeze,/home/home/pqc/liboqs/src/common/sha3/xkcp_sha3x4.c,140,13,src/common/CMakeFiles/internal.dir/sha3/xkcp_sha3x4.c.su
96,static,KeccakP1600times4_AddBytes_avx2,/home/home/pqc/liboqs/src/common/sha3/xkcp_low/KeccakP-1600times4/avx2/KeccakP-1600-times4-SIMD256.c,116,6,src/common/sha3/xkcp_low/CMakeFiles/xkcp_low_keccakp_1600times4_avx2.dir/KeccakP-1600times4/avx2/KeccakP-1600-times4-SIMD256.c.su
96,static,PQCP_MLDSA_NATIVE_MLDSA44_X86_64_pk_from_sk,/home/home/pqc/liboqs/src/sig/ml_dsa/mldsa-native_ml-dsa-44_x86_64/mldsa/src/sign.c,2199,5,src/sig/ml_dsa/CMakeFiles/ml_dsa_44_x86_64.dir/mldsa-native_ml-dsa-44_x86_64/mldsa/src/sign.c.su
96,static,main,/home/home/pqc/liboqs/tests/kat_sig_stfl.c,512,5,tests/CMakeFiles/kat_sig_stfl.dir/kat_sig_stfl.c.su
96,static,do_arbitrary_hash,/home/home/pqc/liboqs/tests/test_hash.c,248,12,tests/CMakeFiles/test_hash.dir/test_hash.c.su
80,static,keccak_inc_absorb,/home/home/pqc/liboqs/src/common/sha3/xkcp_sha3.c,122,13,src/common/CMakeFiles/common.dir/sha3/xkcp_sha3.c.su
80,static,SHA3_shake256,/home/home/pqc/liboqs/src/common/sha3/xkcp_sha3.c,356,13,src/common/CMakeFiles/common.dir/sha3/xkcp_sha3.c.su
80,static,SHA3_shake128,/home/home/pqc/liboqs/src/common/sha3/xkcp_sha3.c,313,13,src/common/CMakeFiles/common.dir/sha3/xkcp_sha3.c.su
80,static,oqs_sha2_sha256_inc_blocks_c,/home/home/pqc/liboqs/src/common/sha2/sha2_c.c,609,6,src/common/CMakeFiles/common.dir/sha2/sha2_c.c.su
80,static,oqs_sha2_sha256_inc_c,/home/home/pqc/liboqs/src/common/sha2/sha2_c.c,636,6,src/common/CMakeFiles/common.dir/sha2/sha2_c.c.su
80,static,oqs_sha2_sha224_inc_finalize_c,/home/home/pqc/liboqs/src/common/sha2/sha2_c.c,751,6,src/common/CMakeFiles/common.dir/sha2/sha2_c.c.su
80,static,OQS_SHA3_shake128_x4_absorb_once,/home/home/pqc/liboqs/src/common/pqclean_shims/fips202x4.c,5,6,src/common/CMakeFiles/common.dir/pqclean_shims/fips202x4.c.su
80,static,OQS_SHA3_shake256_x4_absorb_once,/home/home/pqc/liboqs/src/common/pqclean_shims/fips202x4.c,11,6,src/common/CMakeFiles/common.dir/pqclean_shims/fips202x4.c.su
80,static,keccak_inc_absorb,/home/home/pqc/liboqs/src/common/sha3/xkcp_sha3.c,122,13,src/common/CMakeFiles/internal.dir/sha3/xkcp_sha3.c.su
80,static,SHA3_shake256,/home/home/pqc/liboqs/src/common/sha3/xkcp_sha3.c,356,13,src/common/CMakeFiles/internal.dir/sha3/xkcp_sha3.c.su
80,static,SHA3_shake128,/home/home/pqc/liboqs/src/common/sha3/xkcp_sha3.c,313,13,src/common/CMakeFiles/internal.dir/sha3/xkcp_sha3.c.su
80,static,oqs_sha2_sha256_inc_blocks_c,/home/home/pqc/liboqs/src/common/sha2/sha2_c.c,609,6,src/common/CMakeFiles/internal.dir/sha2/sha2_c.c.su
80,static,oqs_sha2_sha256_inc_c,/home/home/pqc/liboqs/src/common/sha2/sha2_c.c,636,6,src/common/CMakeFiles/internal.dir/sha2/sha2_c.c.su
80,static,oqs_sha2_sha224_inc_finalize_c,/home/home/pqc/liboqs/src/common/sha2/sha2_c.c,751,6,src/common/CMakeFiles/internal.dir/sha2/sha2_c.c.su
80,static,KeccakP1600_AddBytes_plain64,/home/home/pqc/liboqs/src/common/sha3/xkcp_low/KeccakP-1600/plain-64bits/KeccakP-1600-opt64.c,189,6,src/common/sha3/xkcp_low/CMakeFiles/xkcp_low_keccakp_1600_plain64.dir/KeccakP-1600/plain-64bits/KeccakP-1600-opt64.c.su
80,static,KeccakP1600_ExtractAndAddBytes_plain64,/home/home/pqc/liboqs/src/common/sha3/xkcp_low/KeccakP-1600/plain-64bits/KeccakP-1600-opt64.c,481,6,src/common/sha3/xkcp_low/CMakeFiles/xkcp_low_keccakp_1600_plain64.dir/KeccakP-1600/plain-64bits/KeccakP-1600-opt64.c.su
80,static,KeccakP1600times4_ExtractAndAddLanesAll_serial,/home/home/pqc/liboqs/src/common/sha3/xkcp_low/KeccakP-1600times4/serial/PlSnP-Fallback.inc,245,6,src/common/sha3/xkcp_low/CMakeFiles/xkcp_low_keccakp_1600times4_serial.dir/KeccakP-1600times4/serial/KeccakP-1600-times4-on1.c.su
80,"dynamic,bounded",OQS_SIG_ml_dsa_44_sign,/home/home/pqc/liboqs/src/sig/ml_dsa/sig_ml_dsa_44.c,77,20,src/sig/ml_dsa/CMakeFiles/ml_dsa_44_ref.dir/sig_ml_dsa_44.c.su
80,static,OQS_SIG_ml_dsa_44_sign_with_ctx_str,/home/home/pqc/liboqs/src/sig/ml_dsa/sig_ml_dsa_44.c,128,20,src/sig/ml_dsa/CMakeFiles/ml_dsa_44_ref.dir/sig_ml_dsa_44.c.su
80,"dynamic,bounded",OQS_SIG_ml_dsa_44_verify,/home/home/pqc/liboqs/src/sig/ml_dsa/sig_ml_dsa_44.c,103,20,src/sig/ml_dsa/CMakeFiles/ml_dsa_44_ref.dir/sig_ml_dsa_44.c.su
80,static,OQS_SIG_ml_dsa_44_verify_with_ctx_str,/home/home/pqc/liboqs/src/sig/ml_dsa/sig_ml_dsa_44.c,154,20,src/sig/ml_dsa/CMakeFiles/ml_dsa_44_ref.dir/sig_ml_dsa_44.c.su
80,"dynamic,bounded",PQCP_MLDSA_NATIVE_MLDSA44_C_open,/home/home/pqc/liboqs/src/sig/ml_dsa/mldsa-native_ml-dsa-44_ref/mldsa/src/sign.c,1909,5,src/sig/ml_dsa/CMakeFiles/ml_dsa_44_ref.dir/mldsa-native_ml-dsa-44_ref/mldsa/src/sign.c.su
80,static,PQCP_MLDSA_NATIVE_MLDSA44_C_pk_from_sk,/home/home/pqc/liboqs/src/sig/ml_dsa/mldsa-native_ml-dsa-44_ref/mldsa/src/sign.c,2199,5,src/sig/ml_dsa/CMakeFiles/ml_dsa_44_ref.dir/mldsa-native_ml-dsa-44_ref/mldsa/src/sign.c.su
80,"dynamic,bounded",PQCP_MLDSA_NATIVE_MLDSA44_X86_64_open,/home/home/pqc/liboqs/src/sig/ml_dsa/mldsa-native_ml-dsa-44_x86_64/mldsa/src/sign.c,1909,5,src/sig/ml_dsa/CMakeFiles/ml_dsa_44_x86_64.dir/mldsa-native_ml-dsa-44_x86_64/mldsa/src/sign.c.su
80,static,main,/home/home/pqc/liboqs/tests/example_kem.c,156,5,tests/CMakeFiles/example_kem.dir/example_kem.c.su
80,static,ReadHex,/home/home/pqc/liboqs/tests/test_sig_stfl.c,88,5,tests/CMakeFiles/test_sig_stfl.dir/test_sig_stfl.c.su
80,static,combine_message_signature,/home/home/pqc/liboqs/tests/kat_sig.c,32,12,tests/CMakeFiles/kat_sig.dir/kat_sig.c.su
80,static,ReadHex,/home/home/pqc/liboqs/tests/kat_sig_stfl.c,75,8,tests/CMakeFiles/kat_sig_stfl.dir/kat_sig_stfl.c.su
64,static,keccak_inc_squeeze,/home/home/pqc/liboqs/src/common/sha3/xkcp_sha3.c,187,13,src/common/CMakeFiles/common.dir/sha3/xkcp_sha3.c.su
64,static,SHA3_sha3_512,/home/home/pqc/liboqs/src/common/sha3/xkcp_sha3.c,276,13,src/common/CMakeFiles/common.dir/sha3/xkcp_sha3.c.su
64,static,SHA3_sha3_384,/home/home/pqc/liboqs/src/common/sha3/xkcp_sha3.c,240,13,src/common/CMakeFiles/common.dir/sha3/xkcp_sha3.c.su
64,static,SHA3_sha3_256,/home/home/pqc/liboqs/src/common/sha3/xkcp_sha3.c,202,13,src/common/CMakeFiles/common.dir/sha3/xkcp_sha3.c.su
64,static,crypto_hashblocks_sha256_c.isra,/home/home/pqc/liboqs/src/common/sha2/sha2_c.c,139,15,src/common/CMakeFiles/common.dir/sha2/sha2_c.c.su
64,static,AES256_CTR_inc_stream_iv,/home/home/pqc/liboqs/src/common/aes/aes_impl.c,155,13,src/common/CMakeFiles/common.dir/aes/aes_impl.c.su
64,static,AES256_ECB_enc_sch,/home/home/pqc/liboqs/src/common/aes/aes_impl.c,147,13,src/common/CMakeFiles/common.dir/aes/aes_impl.c.su
64,static,AES128_CTR_inc_stream_iv,/home/home/pqc/liboqs/src/common/aes/aes_impl.c,130,13,src/common/CMakeFiles/common.dir/aes/aes_impl.c.su
64,static,AES128_ECB_enc_sch,/home/home/pqc/liboqs/src/common/aes/aes_impl.c,122,13,src/common/CMakeFiles/common.dir/aes/aes_impl.c.su
64,static,AES128_ECB_enc,/home/home/pqc/liboqs/src/common/aes/aes_impl.c,115,13,src/common/CMakeFiles/common.dir/aes/aes_impl.c.su
64,static,AES256_ECB_enc,/home/home/pqc/liboqs/src/common/aes/aes_impl.c,140,13,src/common/CMakeFiles/common.dir/aes/aes_impl.c.su
64,static,keccak_inc_squeeze,/home/home/pqc/liboqs/src/common/sha3/xkcp_sha3.c,187,13,src/common/CMakeFiles/internal.dir/sha3/xkcp_sha3.c.su
64,static,SHA3_sha3_512,/home/home/pqc/liboqs/src/common/sha3/xkcp_sha3.c,276,13,src/common/CMakeFiles/internal.dir/sha3/xkcp_sha3.c.su
64,static,SHA3_sha3_384,/home/home/pqc/liboqs/src/common/sha3/xkcp_sha3.c,240,13,src/common/CMakeFiles/internal.dir/sha3/xkcp_sha3.c.su
64,static,SHA3_sha3_256,/home/home/pqc/liboqs/src/common/sha3/xkcp_sha3.c,202,13,src/common/CMakeFiles/internal.dir/sha3/xkcp_sha3.c.su
64,static,crypto_hashblocks_sha256_c.isra,/home/home/pqc/liboqs/src/common/sha2/sha2_c.c,139,15,src/common/CMakeFiles/internal.dir/sha2/sha2_c.c.su
64,static,AES256_CTR_inc_stream_iv,/home/home/pqc/liboqs/src/common/aes/aes_impl.c,155,13,src/common/CMakeFiles/internal.dir/aes/aes_impl.c.su
64,static,AES256_ECB_enc_sch,/home/home/pqc/liboqs/src/common/aes/aes_impl.c,147,13,src/common/CMakeFiles/internal.dir/aes/aes_impl.c.su
64,static,AES128_CTR_inc_stream_iv,/home/home/pqc/liboqs/src/common/aes/aes_impl.c,130,13,src/common/CMakeFiles/internal.dir/aes/aes_impl.c.su
64,static,AES128_ECB_enc_sch,/home/home/pqc/liboqs/src/common/aes/aes_impl.c,122,13,src/common/CMakeFiles/internal.dir/aes/aes_impl.c.su
64,static,AES128_ECB_enc,/home/home/pqc/liboqs/src/common/aes/aes_impl.c,115,13,src/common/CMakeFiles/internal.dir/aes/aes_impl.c.su
64,static,AES256_ECB_enc,/home/home/pqc/liboqs/src/common/aes/aes_impl.c,140,13,src/common/CMakeFiles/internal.dir/aes/aes_impl.c.su
64,static,KeccakP1600_OverwriteBytes_plain64,/home/home/pqc/liboqs/src/common/sha3/xkcp_low/KeccakP-1600/plain-64bits/KeccakP-1600-opt64.c,255,6,src/common/sha3/xkcp_low/CMakeFiles/xkcp_low_keccakp_1600_plain64.dir/KeccakP-1600/plain-64bits/KeccakP-1600-opt64.c.su
64,static,KeccakP1600_ExtractBytes_plain64,/home/home/pqc/liboqs/src/common/sha3/xkcp_low/KeccakP-1600/plain-64bits/KeccakP-1600-opt64.c,406,6,src/common/sha3/xkcp_low/CMakeFiles/xkcp_low_keccakp_1600_plain64.dir/KeccakP-1600/plain-64bits/KeccakP-1600-opt64.c.su
64,static,KeccakP1600times4_AddLanesAll_serial,/home/home/pqc/liboqs/src/common/sha3/xkcp_low/KeccakP-1600times4/serial/PlSnP-Fallback.inc,109,6,src/common/sha3/xkcp_low/CMakeFiles/xkcp_low_keccakp_1600times4_serial.dir/KeccakP-1600times4/serial/KeccakP-1600-times4-on1.c.su
64,static,KeccakP1600times4_OverwriteLanesAll_serial,/home/home/pqc/liboqs/src/common/sha3/xkcp_low/KeccakP-1600times4/serial/PlSnP-Fallback.inc,132,6,src/common/sha3/xkcp_low/CMakeFiles/xkcp_low_keccakp_1600times4_serial.dir/KeccakP-1600times4/serial/KeccakP-1600-times4-on1.c.su
64,static,KeccakP1600times4_ExtractLanesAll_serial,/home/home/pqc/liboqs/src/common/sha3/xkcp_low/KeccakP-1600times4/serial/PlSnP-Fallback.inc,222,6,src/common/sha3/xkcp_low/CMakeFiles/xkcp_low_keccakp_1600times4_serial.dir/KeccakP-1600times4/serial/KeccakP-1600-times4-on1.c.su
64,static,PQCP_MLDSA_NATIVE_MLDSA44_C_prepare_domain_separation_prefix,/home/home/pqc/liboqs/src/sig/ml_dsa/mldsa-native_ml-dsa-44_ref/mldsa/src/sign.c,2160,8,src/sig/ml_dsa/CMakeFiles/ml_dsa_44_ref.dir/mldsa-native_ml-dsa-44_ref/mldsa/src/sign.c.su
64,static,PQCP_MLDSA_NATIVE_MLDSA44_C_polyvec_matrix_pointwise_montgomery_yvec_eager,/home/home/pqc/liboqs/src/sig/ml_dsa/mldsa-native_ml-dsa-44_ref/mldsa/src/polyvec_lazy.c,157,6,src/sig/ml_dsa/CMakeFiles/ml_dsa_44_ref.dir/mldsa-native_ml-dsa-44_ref/mldsa/src/polyvec_lazy.c.su
64,static,PQCP_MLDSA_NATIVE_MLDSA44_X86_64_prepare_domain_separation_prefix,/home/home/pqc/liboqs/src/sig/ml_dsa/mldsa-native_ml-dsa-44_x86_64/mldsa/src/sign.c,2160,8,src/sig/ml_dsa/CMakeFiles/ml_dsa_44_x86_64.dir/mldsa-native_ml-dsa-44_x86_64/mldsa/src/sign.c.su
64,static,PQCP_MLDSA_NATIVE_MLDSA44_X86_64_unpack_sk,/home/home/pqc/liboqs/src/sig/ml_dsa/mldsa-native_ml-dsa-44_x86_64/mldsa/src/packing.c,63,6,src/sig/ml_dsa/CMakeFiles/ml_dsa_44_x86_64.dir/mldsa-native_ml-dsa-44_x86_64/mldsa/src/packing.c.su
64,static,PQCP_MLDSA_NATIVE_MLDSA44_X86_64_polyvec_matrix_pointwise_montgomery_yvec_eager,/home/home/pqc/liboqs/src/sig/ml_dsa/mldsa-native_ml-dsa-44_x86_64/mldsa/src/polyvec_lazy.c,157,6,src/sig/ml_dsa/CMakeFiles/ml_dsa_44_x86_64.dir/mldsa-native_ml-dsa-44_x86_64/mldsa/src/polyvec_lazy.c.su
64,static,OQS_KAT_PRNG_new,/home/home/pqc/liboqs/tests/test_helpers.c,81,15,tests/CMakeFiles/test_kem.dir/test_helpers.c.su
64,static,cleanup_heap,/home/home/pqc/liboqs/tests/example_sig.c,170,6,tests/CMakeFiles/example_sig.dir/example_sig.c.su
64,static,cleanup_heap,/home/home/pqc/liboqs/tests/example_kem.c,175,6,tests/CMakeFiles/example_kem.dir/example_kem.c.su
64,static,OQS_KAT_PRNG_new,/home/home/pqc/liboqs/tests/test_helpers.c,81,15,tests/CMakeFiles/test_kem_mem.dir/test_helpers.c.su
64,static,test_create_keys,/home/home/pqc/liboqs/tests/test_sig_stfl.c,1078,7,tests/CMakeFiles/test_sig_stfl.dir/test_sig_stfl.c.su
64,static,sig_stfl_keypair_from_KATs,/home/home/pqc/liboqs/tests/test_sig_stfl.c,209,12,tests/CMakeFiles/test_sig_stfl.dir/test_sig_stfl.c.su
64,static,OQS_KAT_PRNG_new,/home/home/pqc/liboqs/tests/test_helpers.c,81,15,tests/CMakeFiles/test_sig_stfl.dir/test_helpers.c.su
64,static,OQS_KAT_PRNG_new,/home/home/pqc/liboqs/tests/test_helpers.c,81,15,tests/CMakeFiles/test_sig.dir/test_helpers.c.su
64,static,OQS_KAT_PRNG_new,/home/home/pqc/liboqs/tests/test_helpers.c,81,15,tests/CMakeFiles/kat_kem.dir/test_helpers.c.su
64,static,OQS_KAT_PRNG_new,/home/home/pqc/liboqs/tests/test_helpers.c,81,15,tests/CMakeFiles/kat_sig.dir/test_helpers.c.su
64,static,OQS_KAT_PRNG_new,/home/home/pqc/liboqs/tests/test_helpers.c,81,15,tests/CMakeFiles/kat_sig_stfl.dir/test_helpers.c.su
56,static,br_aes_ct64_bitslice_Sbox,/home/home/pqc/liboqs/src/common/aes/aes_c.c,106,13,src/common/CMakeFiles/common.dir/aes/aes_c.c.su
56,static,br_aes_ct64_bitslice_Sbox,/home/home/pqc/liboqs/src/common/aes/aes_c.c,106,13,src/common/CMakeFiles/internal.dir/aes/aes_c.c.su
56,static,KeccakP1600times4_ExtractAndAddLanesAll_avx2,/home/home/pqc/liboqs/src/common/sha3/xkcp_low/KeccakP-1600times4/avx2/KeccakP-1600-times4-SIMD256.c,415,6,src/common/sha3/xkcp_low/CMakeFiles/xkcp_low_keccakp_1600times4_avx2.dir/KeccakP-1600times4/avx2/KeccakP-1600-times4-SIMD256.c.su
56,static,PQCP_MLDSA_NATIVE_MLDSA44_C_poly_ntt,/home/home/pqc/liboqs/src/sig/ml_dsa/mldsa-native_ml-dsa-44_ref/mldsa/src/poly.c,319,6,src/sig/ml_dsa/CMakeFiles/ml_dsa_44_ref.dir/mldsa-native_ml-dsa-44_ref/mldsa/src/poly.c.su
56,static,PQCP_MLDSA_NATIVE_MLDSA44_C_poly_invntt_tomont,/home/home/pqc/liboqs/src/sig/ml_dsa/mldsa-native_ml-dsa-44_ref/mldsa/src/poly.c,444,6,src/sig/ml_dsa/CMakeFiles/ml_dsa_44_ref.dir/mldsa-native_ml-dsa-44_ref/mldsa/src/poly.c.su
56,static,PQCP_MLDSA_NATIVE_MLDSA44_C_polyt0_pack,/home/home/pqc/liboqs/src/sig/ml_dsa/mldsa-native_ml-dsa-44_ref/mldsa/src/poly.c,803,6,src/sig/ml_dsa/CMakeFiles/ml_dsa_44_ref.dir/mldsa-native_ml-dsa-44_ref/mldsa/src/poly.c.su
56,static,PQCP_MLDSA_NATIVE_MLDSA44_X86_64_polyt0_pack,/home/home/pqc/liboqs/src/sig/ml_dsa/mldsa-native_ml-dsa-44_x86_64/mldsa/src/poly.c,803,6,src/sig/ml_dsa/CMakeFiles/ml_dsa_44_x86_64.dir/mldsa-native_ml-dsa-44_x86_64/mldsa/src/poly.c.su
48,"dynamic,bounded",OQS_SIG_sign_with_ctx_str,/home/home/pqc/liboqs/src/sig/sig.c,3078,20,src/CMakeFiles/oqs.dir/sig/sig.c.su
48,"dynamic,bounded",OQS_SIG_verify_with_ctx_str,/home/home/pqc/liboqs/src/sig/sig.c,3094,20,src/CMakeFiles/oqs.dir/sig/sig.c.su
48,static,SHA3_sha3_512_inc_finalize,/home/home/pqc/liboqs/src/common/sha3/xkcp_sha3.c,294,13,src/common/CMakeFiles/common.dir/sha3/xkcp_sha3.c.su
48,static,SHA3_sha3_256_inc_finalize,/home/home/pqc/liboqs/src/common/sha3/xkcp_sha3.c,221,13,src/common/CMakeFiles/common.dir/sha3/xkcp_sha3.c.su
48,static,SHA3_sha3_384_inc_finalize,/home/home/pqc/liboqs/src/common/sha3/xkcp_sha3.c,257,13,src/common/CMakeFiles/common.dir/sha3/xkcp_sha3.c.su
48,static,oqs_sha2_sha512_inc_blocks_c,/home/home/pqc/liboqs/src/common/sha2/sha2_c.c,670,6,src/common/CMakeFiles/common.dir/sha2/sha2_c.c.su
48,static,oqs_sha2_sha384_inc_blocks_c,/home/home/pqc/liboqs/src/common/sha2/sha2_c.c,679,6,src/common/CMakeFiles/common.dir/sha2/sha2_c.c.su
48,static,OQS_SHA3_shake128_absorb_once,/home/home/pqc/liboqs/src/common/pqclean_shims/fips202.c,5,6,src/common/CMakeFiles/common.dir/pqclean_shims/fips202.c.su
48,static,OQS_SHA3_shake256_absorb_once,/home/home/pqc/liboqs/src/common/pqclean_shims/fips202.c,11,6,src/common/CMakeFiles/common.dir/pqclean_shims/fips202.c.su
48,static,oqs_aes128_ctr_enc_sch_ni,/home/home/pqc/liboqs/src/common/aes/aes128_ni.c,170,6,src/common/CMakeFiles/common.dir/aes/aes128_ni.c.su
48,static,oqs_aes256_ctr_enc_sch_ni,/home/home/pqc/liboqs/src/common/aes/aes256_ni.c,204,6,src/common/CMakeFiles/common.dir/aes/aes256_ni.c.su
48,static,AES256_CTR_inc_stream_blks,/home/home/pqc/liboqs/src/common/aes/aes_impl.c,163,13,src/common/CMakeFiles/common.dir/aes/aes_impl.c.su
48,static,AES256_CTR_inc_ivu64,/home/home/pqc/liboqs/src/common/aes/aes_impl.c,97,13,src/common/CMakeFiles/common.dir/aes/aes_impl.c.su
48,static,AES256_CTR_inc_iv,/home/home/pqc/liboqs/src/common/aes/aes_impl.c,89,13,src/common/CMakeFiles/common.dir/aes/aes_impl.c.su
48,static,AES256_ECB_load_schedule,/home/home/pqc/liboqs/src/common/aes/aes_impl.c,77,13,src/common/CMakeFiles/common.dir/aes/aes_impl.c.su
48,static,AES128_CTR_inc_ivu64,/home/home/pqc/liboqs/src/common/aes/aes_impl.c,61,13,src/common/CMakeFiles/common.dir/aes/aes_impl.c.su
48,static,AES128_CTR_inc_iv,/home/home/pqc/liboqs/src/common/aes/aes_impl.c,53,13,src/common/CMakeFiles/common.dir/aes/aes_impl.c.su
48,static,AES128_ECB_load_schedule,/home/home/pqc/liboqs/src/common/aes/aes_impl.c,41,13,src/common/CMakeFiles/common.dir/aes/aes_impl.c.su
48,static,AES256_CTR_inc_init,/home/home/pqc/liboqs/src/common/aes/aes_impl.c,85,13,src/common/CMakeFiles/common.dir/aes/aes_impl.c.su
48,static,AES128_CTR_inc_init,/home/home/pqc/liboqs/src/common/aes/aes_impl.c,49,13,src/common/CMakeFiles/common.dir/aes/aes_impl.c.su
48,static,br_aes_ct64_ortho,/home/home/pqc/liboqs/src/common/aes/aes_c.c,280,13,src/common/CMakeFiles/common.dir/aes/aes_c.c.su
48,static,SHA3_sha3_512_inc_finalize,/home/home/pqc/liboqs/src/common/sha3/xkcp_sha3.c,294,13,src/common/CMakeFiles/internal.dir/sha3/xkcp_sha3.c.su
48,static,SHA3_sha3_256_inc_finalize,/home/home/pqc/liboqs/src/common/sha3/xkcp_sha3.c,221,13,src/common/CMakeFiles/internal.dir/sha3/xkcp_sha3.c.su
48,static,SHA3_sha3_384_inc_finalize,/home/home/pqc/liboqs/src/common/sha3/xkcp_sha3.c,257,13,src/common/CMakeFiles/internal.dir/sha3/xkcp_sha3.c.su
48,static,oqs_sha2_sha512_inc_blocks_c,/home/home/pqc/liboqs/src/common/sha2/sha2_c.c,670,6,src/common/CMakeFiles/internal.dir/sha2/sha2_c.c.su
48,static,oqs_aes128_ecb_enc_sch_ni,/home/home/pqc/liboqs/src/common/aes/aes128_ni.c,140,6,src/common/CMakeFiles/internal.dir/aes/aes128_ni.c.su
48,static,oqs_aes128_ctr_enc_sch_ni,/home/home/pqc/liboqs/src/common/aes/aes128_ni.c,170,6,src/common/CMakeFiles/internal.dir/aes/aes128_ni.c.su
48,static,oqs_aes256_ecb_enc_sch_ni,/home/home/pqc/liboqs/src/common/aes/aes256_ni.c,174,6,src/common/CMakeFiles/internal.dir/aes/aes256_ni.c.su
48,static,oqs_aes256_ctr_enc_sch_ni,/home/home/pqc/liboqs/src/common/aes/aes256_ni.c,204,6,src/common/CMakeFiles/internal.dir/aes/aes256_ni.c.su
48,static,AES256_CTR_inc_stream_blks,/home/home/pqc/liboqs/src/common/aes/aes_impl.c,163,13,src/common/CMakeFiles/internal.dir/aes/aes_impl.c.su
48,static,AES256_CTR_inc_ivu64,/home/home/pqc/liboqs/src/common/aes/aes_impl.c,97,13,src/common/CMakeFiles/internal.dir/aes/aes_impl.c.su
48,static,AES256_CTR_inc_iv,/home/home/pqc/liboqs/src/common/aes/aes_impl.c,89,13,src/common/CMakeFiles/internal.dir/aes/aes_impl.c.su
48,static,AES256_ECB_load_schedule,/home/home/pqc/liboqs/src/common/aes/aes_impl.c,77,13,src/common/CMakeFiles/internal.dir/aes/aes_impl.c.su
48,static,AES128_CTR_inc_ivu64,/home/home/pqc/liboqs/src/common/aes/aes_impl.c,61,13,src/common/CMakeFiles/internal.dir/aes/aes_impl.c.su
48,static,AES128_CTR_inc_iv,/home/home/pqc/liboqs/src/common/aes/aes_impl.c,53,13,src/common/CMakeFiles/internal.dir/aes/aes_impl.c.su
48,static,AES128_ECB_load_schedule,/home/home/pqc/liboqs/src/common/aes/aes_impl.c,41,13,src/common/CMakeFiles/internal.dir/aes/aes_impl.c.su
48,static,AES256_CTR_inc_init,/home/home/pqc/liboqs/src/common/aes/aes_impl.c,85,13,src/common/CMakeFiles/internal.dir/aes/aes_impl.c.su
48,static,AES128_CTR_inc_init,/home/home/pqc/liboqs/src/common/aes/aes_impl.c,49,13,src/common/CMakeFiles/internal.dir/aes/aes_impl.c.su
48,static,br_aes_ct64_ortho,/home/home/pqc/liboqs/src/common/aes/aes_c.c,280,13,src/common/CMakeFiles/internal.dir/aes/aes_c.c.su
48,static,KeccakP1600_AddBytesInLane,/home/home/pqc/liboqs/src/common/sha3/xkcp_low/KeccakP-1600/plain-64bits/KeccakP-1600-opt64.c,97,6,src/common/sha3/xkcp_low/CMakeFiles/xkcp_low_keccakp_1600_plain64.dir/KeccakP-1600/plain-64bits/KeccakP-1600-opt64.c.su
48,"dynamic,bounded",PQCP_MLDSA_NATIVE_MLDSA44_C_sign,/home/home/pqc/liboqs/src/sig/ml_dsa/mldsa-native_ml-dsa-44_ref/mldsa/src/sign.c,1675,5,src/sig/ml_dsa/CMakeFiles/ml_dsa_44_ref.dir/mldsa-native_ml-dsa-44_ref/mldsa/src/sign.c.su
48,"dynamic,bounded",PQCP_MLDSA_NATIVE_MLDSA44_C_polyvecl_uniform_gamma1,/home/home/pqc/liboqs/src/sig/ml_dsa/mldsa-native_ml-dsa-44_ref/mldsa/src/polyvec.c,31,6,src/sig/ml_dsa/CMakeFiles/ml_dsa_44_ref.dir/mldsa-native_ml-dsa-44_ref/mldsa/src/polyvec.c.su
48,static,PQCP_MLDSA_NATIVE_MLDSA44_C_polyvecl_chknorm,/home/home/pqc/liboqs/src/sig/ml_dsa/mldsa-native_ml-dsa-44_ref/mldsa/src/polyvec.c,213,10,src/sig/ml_dsa/CMakeFiles/ml_dsa_44_ref.dir/mldsa-native_ml-dsa-44_ref/mldsa/src/polyvec.c.su
48,static,PQCP_MLDSA_NATIVE_MLDSA44_C_polyveck_chknorm,/home/home/pqc/liboqs/src/sig/ml_dsa/mldsa-native_ml-dsa-44_ref/mldsa/src/polyvec.c,340,10,src/sig/ml_dsa/CMakeFiles/ml_dsa_44_ref.dir/mldsa-native_ml-dsa-44_ref/mldsa/src/polyvec.c.su
48,static,PQCP_MLDSA_NATIVE_MLDSA44_C_polyveck_decompose,/home/home/pqc/liboqs/src/sig/ml_dsa/mldsa-native_ml-dsa-44_ref/mldsa/src/polyvec.c,369,6,src/sig/ml_dsa/CMakeFiles/ml_dsa_44_ref.dir/mldsa-native_ml-dsa-44_ref/mldsa/src/polyvec.c.su
48,static,PQCP_MLDSA_NATIVE_MLDSA44_C_polyveck_pack_w1,/home/home/pqc/liboqs/src/sig/ml_dsa/mldsa-native_ml-dsa-44_ref/mldsa/src/polyvec.c,398,6,src/sig/ml_dsa/CMakeFiles/ml_dsa_44_ref.dir/mldsa-native_ml-dsa-44_ref/mldsa/src/polyvec.c.su
48,static,PQCP_MLDSA_NATIVE_MLDSA44_C_polyveck_pack_eta,/home/home/pqc/liboqs/src/sig/ml_dsa/mldsa-native_ml-dsa-44_ref/mldsa/src/polyvec.c,419,6,src/sig/ml_dsa/CMakeFiles/ml_dsa_44_ref.dir/mldsa-native_ml-dsa-44_ref/mldsa/src/polyvec.c.su
48,static,PQCP_MLDSA_NATIVE_MLDSA44_C_polyvecl_pack_eta,/home/home/pqc/liboqs/src/sig/ml_dsa/mldsa-native_ml-dsa-44_ref/mldsa/src/polyvec.c,436,6,src/sig/ml_dsa/CMakeFiles/ml_dsa_44_ref.dir/mldsa-native_ml-dsa-44_ref/mldsa/src/polyvec.c.su
48,static,PQCP_MLDSA_NATIVE_MLDSA44_C_polyvecl_unpack_eta,/home/home/pqc/liboqs/src/sig/ml_dsa/mldsa-native_ml-dsa-44_ref/mldsa/src/polyvec.c,458,6,src/sig/ml_dsa/CMakeFiles/ml_dsa_44_ref.dir/mldsa-native_ml-dsa-44_ref/mldsa/src/polyvec.c.su
48,static,PQCP_MLDSA_NATIVE_MLDSA44_C_polyvecl_unpack_z,/home/home/pqc/liboqs/src/sig/ml_dsa/mldsa-native_ml-dsa-44_ref/mldsa/src/polyvec.c,475,6,src/sig/ml_dsa/CMakeFiles/ml_dsa_44_ref.dir/mldsa-native_ml-dsa-44_ref/mldsa/src/polyvec.c.su
48,static,PQCP_MLDSA_NATIVE_MLDSA44_C_polyveck_unpack_eta,/home/home/pqc/liboqs/src/sig/ml_dsa/mldsa-native_ml-dsa-44_ref/mldsa/src/polyvec.c,493,6,src/sig/ml_dsa/CMakeFiles/ml_dsa_44_ref.dir/mldsa-native_ml-dsa-44_ref/mldsa/src/polyvec.c.su
48,static,PQCP_MLDSA_NATIVE_MLDSA44_C_unpack_sk,/home/home/pqc/liboqs/src/sig/ml_dsa/mldsa-native_ml-dsa-44_ref/mldsa/src/packing.c,63,6,src/sig/ml_dsa/CMakeFiles/ml_dsa_44_ref.dir/mldsa-native_ml-dsa-44_ref/mldsa/src/packing.c.su
48,static,PQCP_MLDSA_NATIVE_MLDSA44_C_polyt0_unpack,/home/home/pqc/liboqs/src/sig/ml_dsa/mldsa-native_ml-dsa-44_ref/mldsa/src/poly.c,853,6,src/sig/ml_dsa/CMakeFiles/ml_dsa_44_ref.dir/mldsa-native_ml-dsa-44_ref/mldsa/src/poly.c.su
48,"dynamic,bounded",PQCP_MLDSA_NATIVE_MLDSA44_X86_64_sign,/home/home/pqc/liboqs/src/sig/ml_dsa/mldsa-native_ml-dsa-44_x86_64/mldsa/src/sign.c,1675,5,src/sig/ml_dsa/CMakeFiles/ml_dsa_44_x86_64.dir/mldsa-native_ml-dsa-44_x86_64/mldsa/src/sign.c.su
48,static,mld_rej_eta.constprop,/home/home/pqc/liboqs/src/sig/ml_dsa/mldsa-native_ml-dsa-44_x86_64/mldsa/src/poly_kl.c,278,21,src/sig/ml_dsa/CMakeFiles/ml_dsa_44_x86_64.dir/mldsa-native_ml-dsa-44_x86_64/mldsa/src/poly_kl.c.su
48,"dynamic,bounded",PQCP_MLDSA_NATIVE_MLDSA44_X86_64_polyvecl_uniform_gamma1,/home/home/pqc/liboqs/src/sig/ml_dsa/mldsa-native_ml-dsa-44_x86_64/mldsa/src/polyvec.c,31,6,src/sig/ml_dsa/CMakeFiles/ml_dsa_44_x86_64.dir/mldsa-native_ml-dsa-44_x86_64/mldsa/src/polyvec.c.su
48,static,PQCP_MLDSA_NATIVE_MLDSA44_X86_64_polyvecl_chknorm,/home/home/pqc/liboqs/src/sig/ml_dsa/mldsa-native_ml-dsa-44_x86_64/mldsa/src/polyvec.c,213,10,src/sig/ml_dsa/CMakeFiles/ml_dsa_44_x86_64.dir/mldsa-native_ml-dsa-44_x86_64/mldsa/src/polyvec.c.su
48,static,PQCP_MLDSA_NATIVE_MLDSA44_X86_64_polyveck_chknorm,/home/home/pqc/liboqs/src/sig/ml_dsa/mldsa-native_ml-dsa-44_x86_64/mldsa/src/polyvec.c,340,10,src/sig/ml_dsa/CMakeFiles/ml_dsa_44_x86_64.dir/mldsa-native_ml-dsa-44_x86_64/mldsa/src/polyvec.c.su
48,static,PQCP_MLDSA_NATIVE_MLDSA44_X86_64_polyveck_decompose,/home/home/pqc/liboqs/src/sig/ml_dsa/mldsa-native_ml-dsa-44_x86_64/mldsa/src/polyvec.c,369,6,src/sig/ml_dsa/CMakeFiles/ml_dsa_44_x86_64.dir/mldsa-native_ml-dsa-44_x86_64/mldsa/src/polyvec.c.su
48,static,PQCP_MLDSA_NATIVE_MLDSA44_X86_64_polyveck_pack_w1,/home/home/pqc/liboqs/src/sig/ml_dsa/mldsa-native_ml-dsa-44_x86_64/mldsa/src/polyvec.c,398,6,src/sig/ml_dsa/CMakeFiles/ml_dsa_44_x86_64.dir/mldsa-native_ml-dsa-44_x86_64/mldsa/src/polyvec.c.su
48,static,PQCP_MLDSA_NATIVE_MLDSA44_X86_64_polyveck_pack_eta,/home/home/pqc/liboqs/src/sig/ml_dsa/mldsa-native_ml-dsa-44_x86_64/mldsa/src/polyvec.c,419,6,src/sig/ml_dsa/CMakeFiles/ml_dsa_44_x86_64.dir/mldsa-native_ml-dsa-44_x86_64/mldsa/src/polyvec.c.su
48,static,PQCP_MLDSA_NATIVE_MLDSA44_X86_64_polyvecl_pack_eta,/home/home/pqc/liboqs/src/sig/ml_dsa/mldsa-native_ml-dsa-44_x86_64/mldsa/src/polyvec.c,436,6,src/sig/ml_dsa/CMakeFiles/ml_dsa_44_x86_64.dir/mldsa-native_ml-dsa-44_x86_64/mldsa/src/polyvec.c.su
48,static,PQCP_MLDSA_NATIVE_MLDSA44_X86_64_polyvecl_unpack_eta,/home/home/pqc/liboqs/src/sig/ml_dsa/mldsa-native_ml-dsa-44_x86_64/mldsa/src/polyvec.c,458,6,src/sig/ml_dsa/CMakeFiles/ml_dsa_44_x86_64.dir/mldsa-native_ml-dsa-44_x86_64/mldsa/src/polyvec.c.su
48,static,PQCP_MLDSA_NATIVE_MLDSA44_X86_64_polyvecl_unpack_z,/home/home/pqc/liboqs/src/sig/ml_dsa/mldsa-native_ml-dsa-44_x86_64/mldsa/src/polyvec.c,475,6,src/sig/ml_dsa/CMakeFiles/ml_dsa_44_x86_64.dir/mldsa-native_ml-dsa-44_x86_64/mldsa/src/polyvec.c.su
48,static,PQCP_MLDSA_NATIVE_MLDSA44_X86_64_polyveck_unpack_eta,/home/home/pqc/liboqs/src/sig/ml_dsa/mldsa-native_ml-dsa-44_x86_64/mldsa/src/polyvec.c,493,6,src/sig/ml_dsa/CMakeFiles/ml_dsa_44_x86_64.dir/mldsa-native_ml-dsa-44_x86_64/mldsa/src/polyvec.c.su
48,static,mld_rej_uniform.constprop,/home/home/pqc/liboqs/src/sig/ml_dsa/mldsa-native_ml-dsa-44_x86_64/mldsa/src/poly.c,607,21,src/sig/ml_dsa/CMakeFiles/ml_dsa_44_x86_64.dir/mldsa-native_ml-dsa-44_x86_64/mldsa/src/poly.c.su
48,static,PQCP_MLDSA_NATIVE_MLDSA44_X86_64_polyt0_unpack,/home/home/pqc/liboqs/src/sig/ml_dsa/mldsa-native_ml-dsa-44_x86_64/mldsa/src/poly.c,853,6,src/sig/ml_dsa/CMakeFiles/ml_dsa_44_x86_64.dir/mldsa-native_ml-dsa-44_x86_64/mldsa/src/poly.c.su
48,static,hqc_prng_seed,/home/home/pqc/liboqs/tests/test_helpers.c,24,13,tests/CMakeFiles/test_kem.dir/test_helpers.c.su
48,static,OQS_fprintBstr,/home/home/pqc/liboqs/tests/test_helpers.c,147,6,tests/CMakeFiles/test_kem.dir/test_helpers.c.su
48,static,cleanup_stack,/home/home/pqc/liboqs/tests/example_kem.c,167,6,tests/CMakeFiles/example_kem.dir/example_kem.c.su
48,static,hqc_prng_seed,/home/home/pqc/liboqs/tests/test_helpers.c,24,13,tests/CMakeFiles/test_kem_mem.dir/test_helpers.c.su
48,static,OQS_fprintBstr,/home/home/pqc/liboqs/tests/test_helpers.c,147,6,tests/CMakeFiles/test_kem_mem.dir/test_helpers.c.su
48,static,test_query_key,/home/home/pqc/liboqs/tests/test_sig_stfl.c,1060,7,tests/CMakeFiles/test_sig_stfl.dir/test_sig_stfl.c.su
48,static,hqc_prng_seed,/home/home/pqc/liboqs/tests/test_helpers.c,24,13,tests/CMakeFiles/test_sig_stfl.dir/test_helpers.c.su
48,static,OQS_fprintBstr,/home/home/pqc/liboqs/tests/test_helpers.c,147,6,tests/CMakeFiles/test_sig_stfl.dir/test_helpers.c.su
48,static,hqc_prng_seed,/home/home/pqc/liboqs/tests/test_helpers.c,24,13,tests/CMakeFiles/test_sig.dir/test_helpers.c.su
48,static,OQS_fprintBstr,/home/home/pqc/liboqs/tests/test_helpers.c,147,6,tests/CMakeFiles/test_sig.dir/test_helpers.c.su
48,static,hqc_prng_seed,/home/home/pqc/liboqs/tests/test_helpers.c,24,13,tests/CMakeFiles/kat_kem.dir/test_helpers.c.su
48,static,OQS_fprintBstr,/home/home/pqc/liboqs/tests/test_helpers.c,147,6,tests/CMakeFiles/kat_kem.dir/test_helpers.c.su
48,static,is_ml_dsa,/home/home/pqc/liboqs/tests/vectors_sig.c,198,20,tests/CMakeFiles/vectors_sig.dir/vectors_sig.c.su
48,static,fprintBstr,/home/home/pqc/liboqs/tests/vectors_sig.c,159,13,tests/CMakeFiles/vectors_sig.dir/vectors_sig.c.su
48,static,hexStringToByteArray,/home/home/pqc/liboqs/tests/vectors_sig.c,184,13,tests/CMakeFiles/vectors_sig.dir/vectors_sig.c.su
48,static,hqc_prng_seed,/home/home/pqc/liboqs/tests/test_helpers.c,24,13,tests/CMakeFiles/kat_sig.dir/test_helpers.c.su
48,static,OQS_fprintBstr,/home/home/pqc/liboqs/tests/test_helpers.c,147,6,tests/CMakeFiles/kat_sig.dir/test_helpers.c.su
48,static,main,/home/home/pqc/liboqs/tests/dump_alg_info.c,16,5,tests/CMakeFiles/dump_alg_info.dir/dump_alg_info.c.su
48,static,fprint_l_str,/home/home/pqc/liboqs/tests/kat_sig_stfl.c,143,6,tests/CMakeFiles/kat_sig_stfl.dir/kat_sig_stfl.c.su
48,static,hqc_prng_seed,/home/home/pqc/liboqs/tests/test_helpers.c,24,13,tests/CMakeFiles/kat_sig_stfl.dir/test_helpers.c.su
48,static,OQS_fprintBstr,/home/home/pqc/liboqs/tests/test_helpers.c,147,6,tests/CMakeFiles/kat_sig_stfl.dir/test_helpers.c.su
48,static,is_ml_kem,/home/home/pqc/liboqs/tests/vectors_kem.c,30,20,tests/CMakeFiles/vectors_kem.dir/vectors_kem.c.su
48,static,fprintBstr,/home/home/pqc/liboqs/tests/vectors_kem.c,36,13,tests/CMakeFiles/vectors_kem.dir/vectors_kem.c.su
48,static,hexStringToByteArray,/home/home/pqc/liboqs/tests/vectors_kem.c,61,13,tests/CMakeFiles/vectors_kem.dir/vectors_kem.c.su
48,static,read_stdin,/home/home/pqc/liboqs/tests/test_hash.c,19,12,tests/CMakeFiles/test_hash.dir/test_hash.c.su
40,static,KeccakP1600times4_OverwriteBytes_avx2,/home/home/pqc/liboqs/src/common/sha3/xkcp_low/KeccakP-1600times4/avx2/KeccakP-1600-times4-SIMD256.c,201,6,src/common/sha3/xkcp_low/CMakeFiles/xkcp_low_keccakp_1600times4_avx2.dir/KeccakP-1600times4/avx2/KeccakP-1600-times4-SIMD256.c.su
40,static,KeccakP1600times4_ExtractAndAddBytes_avx2,/home/home/pqc/liboqs/src/common/sha3/xkcp_low/KeccakP-1600times4/avx2/KeccakP-1600-times4-SIMD256.c,376,6,src/common/sha3/xkcp_low/CMakeFiles/xkcp_low_keccakp_1600times4_avx2.dir/KeccakP-1600times4/avx2/KeccakP-1600-times4-SIMD256.c.su
40,static,PQCP_MLDSA_NATIVE_MLDSA44_C_polyeta_pack,/home/home/pqc/liboqs/src/sig/ml_dsa/mldsa-native_ml-dsa-44_ref/mldsa/src/poly_kl.c,648,6,src/sig/ml_dsa/CMakeFiles/ml_dsa_44_ref.dir/mldsa-native_ml-dsa-44_ref/mldsa/src/poly_kl.c.su
40,static,PQCP_MLDSA_NATIVE_MLDSA44_C_polyz_pack,/home/home/pqc/liboqs/src/sig/ml_dsa/mldsa-native_ml-dsa-44_ref/mldsa/src/poly_kl.c,749,6,src/sig/ml_dsa/CMakeFiles/ml_dsa_44_ref.dir/mldsa-native_ml-dsa-44_ref/mldsa/src/poly_kl.c.su
40,static,PQCP_MLDSA_NATIVE_MLDSA44_X86_64_polyeta_pack,/home/home/pqc/liboqs/src/sig/ml_dsa/mldsa-native_ml-dsa-44_x86_64/mldsa/src/poly_kl.c,648,6,src/sig/ml_dsa/CMakeFiles/ml_dsa_44_x86_64.dir/mldsa-native_ml-dsa-44_x86_64/mldsa/src/poly_kl.c.su
40,static,PQCP_MLDSA_NATIVE_MLDSA44_X86_64_polyz_pack,/home/home/pqc/liboqs/src/sig/ml_dsa/mldsa-native_ml-dsa-44_x86_64/mldsa/src/poly_kl.c,749,6,src/sig/ml_dsa/CMakeFiles/ml_dsa_44_x86_64.dir/mldsa-native_ml-dsa-44_x86_64/mldsa/src/poly_kl.c.su
32,static,OQS_SIG_STFL_SECRET_KEY_free,/home/home/pqc/liboqs/src/sig_stfl/sig_stfl.c,1525,14,src/CMakeFiles/oqs.dir/sig_stfl/sig_stfl.c.su
32,static,OQS_SIG_sign,/home/home/pqc/liboqs/src/sig/sig.c,3070,20,src/CMakeFiles/oqs.dir/sig/sig.c.su
32,static,OQS_SIG_verify,/home/home/pqc/liboqs/src/sig/sig.c,3086,20,src/CMakeFiles/oqs.dir/sig/sig.c.su
32,static,OQS_SIG_supports_ctx_str,/home/home/pqc/liboqs/src/sig/sig.c,3102,14,src/CMakeFiles/oqs.dir/sig/sig.c.su
32,static,OQS_CPU_has_extension,/home/home/pqc/liboqs/src/common/common.c,219,13,src/common/CMakeFiles/internal.dir/common.c.su
32,static,OQS_MEM_secure_free,/home/home/pqc/liboqs/src/common/common.c,294,14,src/common/CMakeFiles/internal.dir/common.c.su
32,static,OQS_MEM_aligned_secure_free,/home/home/pqc/liboqs/src/common/common.c,414,6,src/common/CMakeFiles/internal.dir/common.c.su
32,static,OQS_CPU_has_extension,/home/home/pqc/liboqs/src/common/common.c,219,13,src/common/CMakeFiles/common.dir/common.c.su
32,static,OQS_MEM_secure_free,/home/home/pqc/liboqs/src/common/common.c,294,14,src/common/CMakeFiles/common.dir/common.c.su
32,static,OQS_MEM_aligned_secure_free,/home/home/pqc/liboqs/src/common/common.c,414,6,src/common/CMakeFiles/common.dir/common.c.su
32,static,OQS_randombytes_system,/home/home/pqc/liboqs/src/common/rand/rand.c,95,6,src/common/CMakeFiles/common.dir/rand/rand.c.su
32,"dynamic,bounded",SHA3_shake128_x4_inc_absorb,/home/home/pqc/liboqs/src/common/sha3/xkcp_sha3x4.c,183,13,src/common/CMakeFiles/common.dir/sha3/xkcp_sha3x4.c.su
32,"dynamic,bounded",SHA3_shake128_x4_inc_squeeze,/home/home/pqc/liboqs/src/common/sha3/xkcp_sha3x4.c,191,13,src/common/CMakeFiles/common.dir/sha3/xkcp_sha3x4.c.su
32,"dynamic,bounded",SHA3_shake256_x4_inc_absorb,/home/home/pqc/liboqs/src/common/sha3/xkcp_sha3x4.c,226,13,src/common/CMakeFiles/common.dir/sha3/xkcp_sha3x4.c.su
32,"dynamic,bounded",SHA3_shake256_x4_inc_squeeze,/home/home/pqc/liboqs/src/common/sha3/xkcp_sha3x4.c,234,13,src/common/CMakeFiles/common.dir/sha3/xkcp_sha3x4.c.su
32,static,SHA3_shake128_x4_inc_init,/home/home/pqc/liboqs/src/common/sha3/xkcp_sha3x4.c,178,13,src/common/CMakeFiles/common.dir/sha3/xkcp_sha3x4.c.su
32,static,keccak_x4_inc_finalize.constprop,/home/home/pqc/liboqs/src/common/sha3/xkcp_sha3x4.c,126,13,src/common/CMakeFiles/common.dir/sha3/xkcp_sha3x4.c.su
32,static,SHA3_shake256_x4_inc_ctx_reset,/home/home/pqc/liboqs/src/common/sha3/xkcp_sha3x4.c,246,13,src/common/CMakeFiles/common.dir/sha3/xkcp_sha3x4.c.su
32,static,SHA3_shake128_x4_inc_ctx_reset,/home/home/pqc/liboqs/src/common/sha3/xkcp_sha3x4.c,203,13,src/common/CMakeFiles/common.dir/sha3/xkcp_sha3x4.c.su
32,static,SHA3_shake256_x4_inc_init,/home/home/pqc/liboqs/src/common/sha3/xkcp_sha3x4.c,220,13,src/common/CMakeFiles/common.dir/sha3/xkcp_sha3x4.c.su
32,static,SHA3_shake256_x4_inc_ctx_release_avx512vl,/home/home/pqc/liboqs/src/common/sha3/avx512vl_sha3x4.c,111,1,src/common/CMakeFiles/common.dir/sha3/avx512vl_sha3x4.c.su
32,static,SHA3_shake128_x4_inc_ctx_release_avx512vl,/home/home/pqc/liboqs/src/common/sha3/avx512vl_sha3x4.c,66,1,src/common/CMakeFiles/common.dir/sha3/avx512vl_sha3x4.c.su
32,static,SHA3_shake256_x4_inc_init_avx512vl,/home/home/pqc/liboqs/src/common/sha3/avx512vl_sha3x4.c,98,1,src/common/CMakeFiles/common.dir/sha3/avx512vl_sha3x4.c.su
32,static,SHA3_shake128_x4_inc_init_avx512vl,/home/home/pqc/liboqs/src/common/sha3/avx512vl_sha3x4.c,53,1,src/common/CMakeFiles/common.dir/sha3/avx512vl_sha3x4.c.su
32,static,SHA3_shake256_inc_ctx_release_avx512vl,/home/home/pqc/liboqs/src/common/sha3/avx512vl_sha3.c,193,1,src/common/CMakeFiles/common.dir/sha3/avx512vl_sha3.c.su
32,static,SHA3_shake128_inc_ctx_release_avx512vl,/home/home/pqc/liboqs/src/common/sha3/avx512vl_sha3.c,178,1,src/common/CMakeFiles/common.dir/sha3/avx512vl_sha3.c.su
32,static,SHA3_sha3_512_inc_ctx_release_avx512vl,/home/home/pqc/liboqs/src/common/sha3/avx512vl_sha3.c,151,1,src/common/CMakeFiles/common.dir/sha3/avx512vl_sha3.c.su
32,static,SHA3_sha3_384_inc_ctx_release_avx512vl,/home/home/pqc/liboqs/src/common/sha3/avx512vl_sha3.c,130,1,src/common/CMakeFiles/common.dir/sha3/avx512vl_sha3.c.su
32,static,SHA3_sha3_256_inc_ctx_release_avx512vl,/home/home/pqc/liboqs/src/common/sha3/avx512vl_sha3.c,109,1,src/common/CMakeFiles/common.dir/sha3/avx512vl_sha3.c.su
32,static,SHA3_shake256_inc_init_avx512vl,/home/home/pqc/liboqs/src/common/sha3/avx512vl_sha3.c,186,13,src/common/CMakeFiles/common.dir/sha3/avx512vl_sha3.c.su
32,static,SHA3_shake128_inc_init_avx512vl,/home/home/pqc/liboqs/src/common/sha3/avx512vl_sha3.c,165,13,src/common/CMakeFiles/common.dir/sha3/avx512vl_sha3.c.su
32,static,SHA3_sha3_512_inc_init_avx512vl,/home/home/pqc/liboqs/src/common/sha3/avx512vl_sha3.c,144,13,src/common/CMakeFiles/common.dir/sha3/avx512vl_sha3.c.su
32,static,SHA3_sha3_384_inc_init_avx512vl,/home/home/pqc/liboqs/src/common/sha3/avx512vl_sha3.c,123,13,src/common/CMakeFiles/common.dir/sha3/avx512vl_sha3.c.su
32,static,SHA3_sha3_256_inc_init_avx512vl,/home/home/pqc/liboqs/src/common/sha3/avx512vl_sha3.c,102,13,src/common/CMakeFiles/common.dir/sha3/avx512vl_sha3.c.su
32,static,SHA3_sha3_256_inc_init,/home/home/pqc/liboqs/src/common/sha3/xkcp_sha3.c,210,13,src/common/CMakeFiles/common.dir/sha3/xkcp_sha3.c.su
32,static,SHA3_shake128_inc_finalize,/home/home/pqc/liboqs/src/common/sha3/xkcp_sha3.c,334,13,src/common/CMakeFiles/common.dir/sha3/xkcp_sha3.c.su
32,static,SHA3_shake256_inc_finalize,/home/home/pqc/liboqs/src/common/sha3/xkcp_sha3.c,377,13,src/common/CMakeFiles/common.dir/sha3/xkcp_sha3.c.su
32,static,SHA3_shake256_inc_ctx_reset,/home/home/pqc/liboqs/src/common/sha3/xkcp_sha3.c,393,13,src/common/CMakeFiles/common.dir/sha3/xkcp_sha3.c.su
32,static,SHA3_shake128_inc_ctx_reset,/home/home/pqc/liboqs/src/common/sha3/xkcp_sha3.c,350,13,src/common/CMakeFiles/common.dir/sha3/xkcp_sha3.c.su
32,static,SHA3_sha3_512_inc_ctx_reset,/home/home/pqc/liboqs/src/common/sha3/xkcp_sha3.c,307,13,src/common/CMakeFiles/common.dir/sha3/xkcp_sha3.c.su
32,static,SHA3_sha3_384_inc_ctx_reset,/home/home/pqc/liboqs/src/common/sha3/xkcp_sha3.c,270,13,src/common/CMakeFiles/common.dir/sha3/xkcp_sha3.c.su
32,static,SHA3_sha3_256_inc_ctx_reset,/home/home/pqc/liboqs/src/common/sha3/xkcp_sha3.c,234,13,src/common/CMakeFiles/common.dir/sha3/xkcp_sha3.c.su
32,static,SHA3_shake256_inc_init,/home/home/pqc/liboqs/src/common/sha3/xkcp_sha3.c,367,13,src/common/CMakeFiles/common.dir/sha3/xkcp_sha3.c.su
32,static,SHA3_shake128_inc_init,/home/home/pqc/liboqs/src/common/sha3/xkcp_sha3.c,324,13,src/common/CMakeFiles/common.dir/sha3/xkcp_sha3.c.su
32,static,SHA3_sha3_512_inc_init,/home/home/pqc/liboqs/src/common/sha3/xkcp_sha3.c,284,13,src/common/CMakeFiles/common.dir/sha3/xkcp_sha3.c.su
32,static,SHA3_sha3_384_inc_init,/home/home/pqc/liboqs/src/common/sha3/xkcp_sha3.c,248,13,src/common/CMakeFiles/common.dir/sha3/xkcp_sha3.c.su
32,static,oqs_sha2_sha224_inc_init_c,/home/home/pqc/liboqs/src/common/sha2/sha2_c.c,504,6,src/common/CMakeFiles/common.dir/sha2/sha2_c.c.su
32,static,oqs_sha2_sha256_inc_init_c,/home/home/pqc/liboqs/src/common/sha2/sha2_c.c,517,6,src/common/CMakeFiles/common.dir/sha2/sha2_c.c.su
32,static,oqs_sha2_sha384_inc_init_c,/home/home/pqc/liboqs/src/common/sha2/sha2_c.c,531,6,src/common/CMakeFiles/common.dir/sha2/sha2_c.c.su
32,static,oqs_sha2_sha512_inc_init_c,/home/home/pqc/liboqs/src/common/sha2/sha2_c.c,544,6,src/common/CMakeFiles/common.dir/sha2/sha2_c.c.su
32,static,oqs_sha2_sha224_inc_ctx_clone_c,/home/home/pqc/liboqs/src/common/sha2/sha2_c.c,557,6,src/common/CMakeFiles/common.dir/sha2/sha2_c.c.su
32,static,oqs_sha2_sha256_inc_ctx_clone_c,/home/home/pqc/liboqs/src/common/sha2/sha2_c.c,565,6,src/common/CMakeFiles/common.dir/sha2/sha2_c.c.su
32,static,oqs_sha2_sha384_inc_ctx_clone_c,/home/home/pqc/liboqs/src/common/sha2/sha2_c.c,573,6,src/common/CMakeFiles/common.dir/sha2/sha2_c.c.su
32,static,oqs_sha2_sha512_inc_ctx_clone_c,/home/home/pqc/liboqs/src/common/sha2/sha2_c.c,581,6,src/common/CMakeFiles/common.dir/sha2/sha2_c.c.su
32,static,oqs_aes128_load_schedule_ni,/home/home/pqc/liboqs/src/common/aes/aes128_ni.c,51,6,src/common/CMakeFiles/common.dir/aes/aes128_ni.c.su
32,static,oqs_aes256_load_schedule_ni,/home/home/pqc/liboqs/src/common/aes/aes256_ni.c,78,6,src/common/CMakeFiles/common.dir/aes/aes256_ni.c.su
32,static,AES256_free_schedule,/home/home/pqc/liboqs/src/common/aes/aes_impl.c,105,13,src/common/CMakeFiles/common.dir/aes/aes_impl.c.su
32,static,AES128_free_schedule,/home/home/pqc/liboqs/src/common/aes/aes_impl.c,69,13,src/common/CMakeFiles/common.dir/aes/aes_impl.c.su
32,static,aes_ctr4x,/home/home/pqc/liboqs/src/common/aes/aes_c.c,547,13,src/common/CMakeFiles/common.dir/aes/aes_c.c.su
32,static,oqs_aes256_load_schedule_no_bitslice,/home/home/pqc/liboqs/src/common/aes/aes_c.c,721,6,src/common/CMakeFiles/common.dir/aes/aes_c.c.su
32,static,oqs_aes128_load_schedule_no_bitslice,/home/home/pqc/liboqs/src/common/aes/aes_c.c,754,6,src/common/CMakeFiles/common.dir/aes/aes_c.c.su
32,"dynamic,bounded",SHA3_shake128_x4_inc_absorb,/home/home/pqc/liboqs/src/common/sha3/xkcp_sha3x4.c,183,13,src/common/CMakeFiles/internal.dir/sha3/xkcp_sha3x4.c.su
32,"dynamic,bounded",SHA3_shake128_x4_inc_squeeze,/home/home/pqc/liboqs/src/common/sha3/xkcp_sha3x4.c,191,13,src/common/CMakeFiles/internal.dir/sha3/xkcp_sha3x4.c.su
32,"dynamic,bounded",SHA3_shake256_x4_inc_absorb,/home/home/pqc/liboqs/src/common/sha3/xkcp_sha3x4.c,226,13,src/common/CMakeFiles/internal.dir/sha3/xkcp_sha3x4.c.su
32,"dynamic,bounded",SHA3_shake256_x4_inc_squeeze,/home/home/pqc/liboqs/src/common/sha3/xkcp_sha3x4.c,234,13,src/common/CMakeFiles/internal.dir/sha3/xkcp_sha3x4.c.su
32,static,SHA3_shake128_x4_inc_init,/home/home/pqc/liboqs/src/common/sha3/xkcp_sha3x4.c,178,13,src/common/CMakeFiles/internal.dir/sha3/xkcp_sha3x4.c.su
32,static,keccak_x4_inc_finalize.constprop,/home/home/pqc/liboqs/src/common/sha3/xkcp_sha3x4.c,126,13,src/common/CMakeFiles/internal.dir/sha3/xkcp_sha3x4.c.su
32,static,SHA3_shake256_x4_inc_ctx_reset,/home/home/pqc/liboqs/src/common/sha3/xkcp_sha3x4.c,246,13,src/common/CMakeFiles/internal.dir/sha3/xkcp_sha3x4.c.su
32,static,SHA3_shake128_x4_inc_ctx_reset,/home/home/pqc/liboqs/src/common/sha3/xkcp_sha3x4.c,203,13,src/common/CMakeFiles/internal.dir/sha3/xkcp_sha3x4.c.su
32,static,SHA3_shake256_x4_inc_init,/home/home/pqc/liboqs/src/common/sha3/xkcp_sha3x4.c,220,13,src/common/CMakeFiles/internal.dir/sha3/xkcp_sha3x4.c.su
32,static,SHA3_shake256_x4_inc_ctx_release_avx512vl,/home/home/pqc/liboqs/src/common/sha3/avx512vl_sha3x4.c,111,1,src/common/CMakeFiles/internal.dir/sha3/avx512vl_sha3x4.c.su
32,static,SHA3_shake128_x4_inc_ctx_release_avx512vl,/home/home/pqc/liboqs/src/common/sha3/avx512vl_sha3x4.c,66,1,src/common/CMakeFiles/internal.dir/sha3/avx512vl_sha3x4.c.su
32,static,SHA3_shake256_x4_inc_init_avx512vl,/home/home/pqc/liboqs/src/common/sha3/avx512vl_sha3x4.c,98,1,src/common/CMakeFiles/internal.dir/sha3/avx512vl_sha3x4.c.su
32,static,SHA3_shake128_x4_inc_init_avx512vl,/home/home/pqc/liboqs/src/common/sha3/avx512vl_sha3x4.c,53,1,src/common/CMakeFiles/internal.dir/sha3/avx512vl_sha3x4.c.su
32,static,SHA3_shake256_inc_ctx_release_avx512vl,/home/home/pqc/liboqs/src/common/sha3/avx512vl_sha3.c,193,1,src/common/CMakeFiles/internal.dir/sha3/avx512vl_sha3.c.su
32,static,SHA3_shake128_inc_ctx_release_avx512vl,/home/home/pqc/liboqs/src/common/sha3/avx512vl_sha3.c,178,1,src/common/CMakeFiles/internal.dir/sha3/avx512vl_sha3.c.su
32,static,SHA3_sha3_512_inc_ctx_release_avx512vl,/home/home/pqc/liboqs/src/common/sha3/avx512vl_sha3.c,151,1,src/common/CMakeFiles/internal.dir/sha3/avx512vl_sha3.c.su
32,static,SHA3_sha3_384_inc_ctx_release_avx512vl,/home/home/pqc/liboqs/src/common/sha3/avx512vl_sha3.c,130,1,src/common/CMakeFiles/internal.dir/sha3/avx512vl_sha3.c.su
32,static,SHA3_sha3_256_inc_ctx_release_avx512vl,/home/home/pqc/liboqs/src/common/sha3/avx512vl_sha3.c,109,1,src/common/CMakeFiles/internal.dir/sha3/avx512vl_sha3.c.su
32,static,SHA3_shake256_inc_init_avx512vl,/home/home/pqc/liboqs/src/common/sha3/avx512vl_sha3.c,186,13,src/common/CMakeFiles/internal.dir/sha3/avx512vl_sha3.c.su
32,static,SHA3_shake128_inc_init_avx512vl,/home/home/pqc/liboqs/src/common/sha3/avx512vl_sha3.c,165,13,src/common/CMakeFiles/internal.dir/sha3/avx512vl_sha3.c.su
32,static,SHA3_sha3_512_inc_init_avx512vl,/home/home/pqc/liboqs/src/common/sha3/avx512vl_sha3.c,144,13,src/common/CMakeFiles/internal.dir/sha3/avx512vl_sha3.c.su
32,static,SHA3_sha3_384_inc_init_avx512vl,/home/home/pqc/liboqs/src/common/sha3/avx512vl_sha3.c,123,13,src/common/CMakeFiles/internal.dir/sha3/avx512vl_sha3.c.su
32,static,SHA3_sha3_256_inc_init_avx512vl,/home/home/pqc/liboqs/src/common/sha3/avx512vl_sha3.c,102,13,src/common/CMakeFiles/internal.dir/sha3/avx512vl_sha3.c.su
32,static,SHA3_sha3_256_inc_init,/home/home/pqc/liboqs/src/common/sha3/xkcp_sha3.c,210,13,src/common/CMakeFiles/internal.dir/sha3/xkcp_sha3.c.su
32,static,SHA3_shake128_inc_finalize,/home/home/pqc/liboqs/src/common/sha3/xkcp_sha3.c,334,13,src/common/CMakeFiles/internal.dir/sha3/xkcp_sha3.c.su
32,static,SHA3_shake256_inc_finalize,/home/home/pqc/liboqs/src/common/sha3/xkcp_sha3.c,377,13,src/common/CMakeFiles/internal.dir/sha3/xkcp_sha3.c.su
32,static,SHA3_shake256_inc_ctx_reset,/home/home/pqc/liboqs/src/common/sha3/xkcp_sha3.c,393,13,src/common/CMakeFiles/internal.dir/sha3/xkcp_sha3.c.su
32,static,SHA3_shake128_inc_ctx_reset,/home/home/pqc/liboqs/src/common/sha3/xkcp_sha3.c,350,13,src/common/CMakeFiles/internal.dir/sha3/xkcp_sha3.c.su
32,static,SHA3_sha3_512_inc_ctx_reset,/home/home/pqc/liboqs/src/common/sha3/xkcp_sha3.c,307,13,src/common/CMakeFiles/internal.dir/sha3/xkcp_sha3.c.su
32,static,SHA3_sha3_384_inc_ctx_reset,/home/home/pqc/liboqs/src/common/sha3/xkcp_sha3.c,270,13,src/common/CMakeFiles/internal.dir/sha3/xkcp_sha3.c.su
32,static,SHA3_sha3_256_inc_ctx_reset,/home/home/pqc/liboqs/src/common/sha3/xkcp_sha3.c,234,13,src/common/CMakeFiles/internal.dir/sha3/xkcp_sha3.c.su
32,static,SHA3_shake256_inc_init,/home/home/pqc/liboqs/src/common/sha3/xkcp_sha3.c,367,13,src/common/CMakeFiles/internal.dir/sha3/xkcp_sha3.c.su
32,static,SHA3_shake128_inc_init,/home/home/pqc/liboqs/src/common/sha3/xkcp_sha3.c,324,13,src/common/CMakeFiles/internal.dir/sha3/xkcp_sha3.c.su
32,static,SHA3_sha3_512_inc_init,/home/home/pqc/liboqs/src/common/sha3/xkcp_sha3.c,284,13,src/common/CMakeFiles/internal.dir/sha3/xkcp_sha3.c.su
32,static,SHA3_sha3_384_inc_init,/home/home/pqc/liboqs/src/common/sha3/xkcp_sha3.c,248,13,src/common/CMakeFiles/internal.dir/sha3/xkcp_sha3.c.su
32,static,oqs_sha2_sha224_inc_init_c,/home/home/pqc/liboqs/src/common/sha2/sha2_c.c,504,6,src/common/CMakeFiles/internal.dir/sha2/sha2_c.c.su
32,static,oqs_sha2_sha256_inc_init_c,/home/home/pqc/liboqs/src/common/sha2/sha2_c.c,517,6,src/common/CMakeFiles/internal.dir/sha2/sha2_c.c.su
32,static,oqs_sha2_sha384_inc_init_c,/home/home/pqc/liboqs/src/common/sha2/sha2_c.c,531,6,src/common/CMakeFiles/internal.dir/sha2/sha2_c.c.su
32,static,oqs_sha2_sha512_inc_init_c,/home/home/pqc/liboqs/src/common/sha2/sha2_c.c,544,6,src/common/CMakeFiles/internal.dir/sha2/sha2_c.c.su
32,static,oqs_sha2_sha224_inc_ctx_clone_c,/home/home/pqc/liboqs/src/common/sha2/sha2_c.c,557,6,src/common/CMakeFiles/internal.dir/sha2/sha2_c.c.su
32,static,oqs_sha2_sha256_inc_ctx_clone_c,/home/home/pqc/liboqs/src/common/sha2/sha2_c.c,565,6,src/common/CMakeFiles/internal.dir/sha2/sha2_c.c.su
32,static,oqs_sha2_sha384_inc_ctx_clone_c,/home/home/pqc/liboqs/src/common/sha2/sha2_c.c,573,6,src/common/CMakeFiles/internal.dir/sha2/sha2_c.c.su
32,static,oqs_sha2_sha512_inc_ctx_clone_c,/home/home/pqc/liboqs/src/common/sha2/sha2_c.c,581,6,src/common/CMakeFiles/internal.dir/sha2/sha2_c.c.su
32,static,oqs_aes128_load_schedule_ni,/home/home/pqc/liboqs/src/common/aes/aes128_ni.c,51,6,src/common/CMakeFiles/internal.dir/aes/aes128_ni.c.su
32,static,oqs_aes256_load_schedule_ni,/home/home/pqc/liboqs/src/common/aes/aes256_ni.c,78,6,src/common/CMakeFiles/internal.dir/aes/aes256_ni.c.su
32,static,AES256_free_schedule,/home/home/pqc/liboqs/src/common/aes/aes_impl.c,105,13,src/common/CMakeFiles/internal.dir/aes/aes_impl.c.su
32,static,AES128_free_schedule,/home/home/pqc/liboqs/src/common/aes/aes_impl.c,69,13,src/common/CMakeFiles/internal.dir/aes/aes_impl.c.su
32,static,aes_ctr4x,/home/home/pqc/liboqs/src/common/aes/aes_c.c,547,13,src/common/CMakeFiles/internal.dir/aes/aes_c.c.su
32,static,oqs_aes256_load_schedule_no_bitslice,/home/home/pqc/liboqs/src/common/aes/aes_c.c,721,6,src/common/CMakeFiles/internal.dir/aes/aes_c.c.su
32,static,oqs_aes128_load_schedule_no_bitslice,/home/home/pqc/liboqs/src/common/aes/aes_c.c,754,6,src/common/CMakeFiles/internal.dir/aes/aes_c.c.su
32,static,KeccakP1600_ExtractBytesInLane,/home/home/pqc/liboqs/src/common/sha3/xkcp_low/KeccakP-1600/plain-64bits/KeccakP-1600-opt64.c,341,6,src/common/sha3/xkcp_low/CMakeFiles/xkcp_low_keccakp_1600_plain64.dir/KeccakP-1600/plain-64bits/KeccakP-1600-opt64.c.su
32,static,KeccakP1600_ExtractLanes,/home/home/pqc/liboqs/src/common/sha3/xkcp_low/KeccakP-1600/plain-64bits/KeccakP-1600-opt64.c,374,6,src/common/sha3/xkcp_low/CMakeFiles/xkcp_low_keccakp_1600_plain64.dir/KeccakP-1600/plain-64bits/KeccakP-1600-opt64.c.su
32,static,KeccakP1600_ExtractAndAddBytesInLane,/home/home/pqc/liboqs/src/common/sha3/xkcp_low/KeccakP-1600/plain-64bits/KeccakP-1600-opt64.c,412,6,src/common/sha3/xkcp_low/CMakeFiles/xkcp_low_keccakp_1600_plain64.dir/KeccakP-1600/plain-64bits/KeccakP-1600-opt64.c.su
32,static,KeccakP1600times4_InitializeAll_serial,/home/home/pqc/liboqs/src/common/sha3/xkcp_low/KeccakP-1600times4/serial/PlSnP-Fallback.inc,79,6,src/common/sha3/xkcp_low/CMakeFiles/xkcp_low_keccakp_1600times4_serial.dir/KeccakP-1600times4/serial/KeccakP-1600-times4-on1.c.su
32,static,KeccakP1600times4_PermuteAll_24rounds_serial,/home/home/pqc/liboqs/src/common/sha3/xkcp_low/KeccakP-1600times4/serial/PlSnP-Fallback.inc,155,6,src/common/sha3/xkcp_low/CMakeFiles/xkcp_low_keccakp_1600times4_serial.dir/KeccakP-1600times4/serial/KeccakP-1600-times4-on1.c.su
32,static,KeccakP1600times4_PermuteAll_12rounds_serial,/home/home/pqc/liboqs/src/common/sha3/xkcp_low/KeccakP-1600times4/serial/PlSnP-Fallback.inc,169,6,src/common/sha3/xkcp_low/CMakeFiles/xkcp_low_keccakp_1600times4_serial.dir/KeccakP-1600times4/serial/KeccakP-1600-times4-on1.c.su
32,static,KeccakP1600times4_PermuteAll_6rounds_serial,/home/home/pqc/liboqs/src/common/sha3/xkcp_low/KeccakP-1600times4/serial/PlSnP-Fallback.inc,184,6,src/common/sha3/xkcp_low/CMakeFiles/xkcp_low_keccakp_1600times4_serial.dir/KeccakP-1600times4/serial/KeccakP-1600-times4-on1.c.su
32,static,KeccakP1600times4_PermuteAll_4rounds_serial,/home/home/pqc/liboqs/src/common/sha3/xkcp_low/KeccakP-1600times4/serial/PlSnP-Fallback.inc,199,6,src/common/sha3/xkcp_low/CMakeFiles/xkcp_low_keccakp_1600times4_serial.dir/KeccakP-1600times4/serial/KeccakP-1600-times4-on1.c.su
32,static,KeccakP1600times4_AddLanesAll_avx2,/home/home/pqc/liboqs/src/common/sha3/xkcp_low/KeccakP-1600times4/avx2/KeccakP-1600-times4-SIMD256.c,153,6,src/common/sha3/xkcp_low/CMakeFiles/xkcp_low_keccakp_1600times4_avx2.dir/KeccakP-1600times4/avx2/KeccakP-1600-times4-SIMD256.c.su
32,static,KeccakP1600times4_OverwriteLanesAll_avx2,/home/home/pqc/liboqs/src/common/sha3/xkcp_low/KeccakP-1600times4/avx2/KeccakP-1600-times4-SIMD256.c,232,6,src/common/sha3/xkcp_low/CMakeFiles/xkcp_low_keccakp_1600times4_avx2.dir/KeccakP-1600times4/avx2/KeccakP-1600-times4-SIMD256.c.su
32,static,KeccakP1600times4_ExtractBytes_avx2,/home/home/pqc/liboqs/src/common/sha3/xkcp_low/KeccakP-1600times4/avx2/KeccakP-1600-times4-SIMD256.c,296,6,src/common/sha3/xkcp_low/CMakeFiles/xkcp_low_keccakp_1600times4_avx2.dir/KeccakP-1600times4/avx2/KeccakP-1600-times4-SIMD256.c.su
32,static,OQS_SIG_ml_dsa_44_keypair,/home/home/pqc/liboqs/src/sig/ml_dsa/sig_ml_dsa_44.c,51,20,src/sig/ml_dsa/CMakeFiles/ml_dsa_44_ref.dir/sig_ml_dsa_44.c.su
32,static,PQCP_MLDSA_NATIVE_MLDSA44_C_v17b_sign_workspace_set,/home/home/pqc/liboqs/src/sig/ml_dsa/mldsa-native_ml-dsa-44_ref/mldsa/src/sign.c,192,5,src/sig/ml_dsa/CMakeFiles/ml_dsa_44_ref.dir/mldsa-native_ml-dsa-44_ref/mldsa/src/sign.c.su
32,static,PQCP_MLDSA_NATIVE_MLDSA44_C_v23b_keygen_workspace_set,/home/home/pqc/liboqs/src/sig/ml_dsa/mldsa-native_ml-dsa-44_ref/mldsa/src/sign.c,547,5,src/sig/ml_dsa/CMakeFiles/ml_dsa_44_ref.dir/mldsa-native_ml-dsa-44_ref/mldsa/src/sign.c.su
32,static,PQCP_MLDSA_NATIVE_MLDSA44_C_v19b_attempt_workspace_set,/home/home/pqc/liboqs/src/sig/ml_dsa/mldsa-native_ml-dsa-44_ref/mldsa/src/sign.c,960,5,src/sig/ml_dsa/CMakeFiles/ml_dsa_44_ref.dir/mldsa-native_ml-dsa-44_ref/mldsa/src/sign.c.su
32,static,PQCP_MLDSA_NATIVE_MLDSA44_C_v21_sign_workspace_set,/home/home/pqc/liboqs/src/sig/ml_dsa/mldsa-native_ml-dsa-44_ref/mldsa/src/sign.c,1026,5,src/sig/ml_dsa/CMakeFiles/ml_dsa_44_ref.dir/mldsa-native_ml-dsa-44_ref/mldsa/src/sign.c.su
32,static,PQCP_MLDSA_NATIVE_MLDSA44_C_v22b_verify_workspace_set,/home/home/pqc/liboqs/src/sig/ml_dsa/mldsa-native_ml-dsa-44_ref/mldsa/src/sign.c,1083,5,src/sig/ml_dsa/CMakeFiles/ml_dsa_44_ref.dir/mldsa-native_ml-dsa-44_ref/mldsa/src/sign.c.su
32,static,PQCP_MLDSA_NATIVE_MLDSA44_C_v24_lifecycle_workspace_set,/home/home/pqc/liboqs/src/sig/ml_dsa/mldsa-native_ml-dsa-44_ref/mldsa/src/sign.c,1185,5,src/sig/ml_dsa/CMakeFiles/ml_dsa_44_ref.dir/mldsa-native_ml-dsa-44_ref/mldsa/src/sign.c.su
32,"dynamic,bounded",PQCP_MLDSA_NATIVE_MLDSA44_C_verify_extmu,/home/home/pqc/liboqs/src/sig/ml_dsa/mldsa-native_ml-dsa-44_ref/mldsa/src/sign.c,1898,5,src/sig/ml_dsa/CMakeFiles/ml_dsa_44_ref.dir/mldsa-native_ml-dsa-44_ref/mldsa/src/sign.c.su
32,static,PQCP_MLDSA_NATIVE_MLDSA44_C_polyeta_unpack,/home/home/pqc/liboqs/src/sig/ml_dsa/mldsa-native_ml-dsa-44_ref/mldsa/src/poly_kl.c,697,6,src/sig/ml_dsa/CMakeFiles/ml_dsa_44_ref.dir/mldsa-native_ml-dsa-44_ref/mldsa/src/poly_kl.c.su
32,static,PQCP_MLDSA_NATIVE_MLDSA44_C_polyvecl_ntt,/home/home/pqc/liboqs/src/sig/ml_dsa/mldsa-native_ml-dsa-44_ref/mldsa/src/polyvec.c,80,6,src/sig/ml_dsa/CMakeFiles/ml_dsa_44_ref.dir/mldsa-native_ml-dsa-44_ref/mldsa/src/polyvec.c.su
32,static,PQCP_MLDSA_NATIVE_MLDSA44_C_polyveck_caddq,/home/home/pqc/liboqs/src/sig/ml_dsa/mldsa-native_ml-dsa-44_ref/mldsa/src/polyvec.c,273,6,src/sig/ml_dsa/CMakeFiles/ml_dsa_44_ref.dir/mldsa-native_ml-dsa-44_ref/mldsa/src/polyvec.c.su
32,static,PQCP_MLDSA_NATIVE_MLDSA44_C_polyveck_ntt,/home/home/pqc/liboqs/src/sig/ml_dsa/mldsa-native_ml-dsa-44_ref/mldsa/src/polyvec.c,296,6,src/sig/ml_dsa/CMakeFiles/ml_dsa_44_ref.dir/mldsa-native_ml-dsa-44_ref/mldsa/src/polyvec.c.su
32,static,PQCP_MLDSA_NATIVE_MLDSA44_C_polyveck_invntt_tomont,/home/home/pqc/liboqs/src/sig/ml_dsa/mldsa-native_ml-dsa-44_ref/mldsa/src/polyvec.c,318,6,src/sig/ml_dsa/CMakeFiles/ml_dsa_44_ref.dir/mldsa-native_ml-dsa-44_ref/mldsa/src/polyvec.c.su
32,static,PQCP_MLDSA_NATIVE_MLDSA44_C_sig_unpack_hints,/home/home/pqc/liboqs/src/sig/ml_dsa/mldsa-native_ml-dsa-44_ref/mldsa/src/packing.c,168,5,src/sig/ml_dsa/CMakeFiles/ml_dsa_44_ref.dir/mldsa-native_ml-dsa-44_ref/mldsa/src/packing.c.su
32,static,PQCP_MLDSA_NATIVE_MLDSA44_X86_64_v17b_sign_workspace_set,/home/home/pqc/liboqs/src/sig/ml_dsa/mldsa-native_ml-dsa-44_x86_64/mldsa/src/sign.c,192,5,src/sig/ml_dsa/CMakeFiles/ml_dsa_44_x86_64.dir/mldsa-native_ml-dsa-44_x86_64/mldsa/src/sign.c.su
32,static,PQCP_MLDSA_NATIVE_MLDSA44_X86_64_v23b_keygen_workspace_set,/home/home/pqc/liboqs/src/sig/ml_dsa/mldsa-native_ml-dsa-44_x86_64/mldsa/src/sign.c,547,5,src/sig/ml_dsa/CMakeFiles/ml_dsa_44_x86_64.dir/mldsa-native_ml-dsa-44_x86_64/mldsa/src/sign.c.su
32,static,PQCP_MLDSA_NATIVE_MLDSA44_X86_64_v19b_attempt_workspace_set,/home/home/pqc/liboqs/src/sig/ml_dsa/mldsa-native_ml-dsa-44_x86_64/mldsa/src/sign.c,960,5,src/sig/ml_dsa/CMakeFiles/ml_dsa_44_x86_64.dir/mldsa-native_ml-dsa-44_x86_64/mldsa/src/sign.c.su
32,static,PQCP_MLDSA_NATIVE_MLDSA44_X86_64_v21_sign_workspace_set,/home/home/pqc/liboqs/src/sig/ml_dsa/mldsa-native_ml-dsa-44_x86_64/mldsa/src/sign.c,1026,5,src/sig/ml_dsa/CMakeFiles/ml_dsa_44_x86_64.dir/mldsa-native_ml-dsa-44_x86_64/mldsa/src/sign.c.su
32,static,PQCP_MLDSA_NATIVE_MLDSA44_X86_64_v22b_verify_workspace_set,/home/home/pqc/liboqs/src/sig/ml_dsa/mldsa-native_ml-dsa-44_x86_64/mldsa/src/sign.c,1083,5,src/sig/ml_dsa/CMakeFiles/ml_dsa_44_x86_64.dir/mldsa-native_ml-dsa-44_x86_64/mldsa/src/sign.c.su
32,static,PQCP_MLDSA_NATIVE_MLDSA44_X86_64_v24_lifecycle_workspace_set,/home/home/pqc/liboqs/src/sig/ml_dsa/mldsa-native_ml-dsa-44_x86_64/mldsa/src/sign.c,1185,5,src/sig/ml_dsa/CMakeFiles/ml_dsa_44_x86_64.dir/mldsa-native_ml-dsa-44_x86_64/mldsa/src/sign.c.su
32,"dynamic,bounded",PQCP_MLDSA_NATIVE_MLDSA44_X86_64_verify_extmu,/home/home/pqc/liboqs/src/sig/ml_dsa/mldsa-native_ml-dsa-44_x86_64/mldsa/src/sign.c,1898,5,src/sig/ml_dsa/CMakeFiles/ml_dsa_44_x86_64.dir/mldsa-native_ml-dsa-44_x86_64/mldsa/src/sign.c.su
32,static,PQCP_MLDSA_NATIVE_MLDSA44_X86_64_polyeta_unpack,/home/home/pqc/liboqs/src/sig/ml_dsa/mldsa-native_ml-dsa-44_x86_64/mldsa/src/poly_kl.c,697,6,src/sig/ml_dsa/CMakeFiles/ml_dsa_44_x86_64.dir/mldsa-native_ml-dsa-44_x86_64/mldsa/src/poly_kl.c.su
32,static,PQCP_MLDSA_NATIVE_MLDSA44_X86_64_polyvecl_ntt,/home/home/pqc/liboqs/src/sig/ml_dsa/mldsa-native_ml-dsa-44_x86_64/mldsa/src/polyvec.c,80,6,src/sig/ml_dsa/CMakeFiles/ml_dsa_44_x86_64.dir/mldsa-native_ml-dsa-44_x86_64/mldsa/src/polyvec.c.su
32,static,PQCP_MLDSA_NATIVE_MLDSA44_X86_64_polyveck_caddq,/home/home/pqc/liboqs/src/sig/ml_dsa/mldsa-native_ml-dsa-44_x86_64/mldsa/src/polyvec.c,273,6,src/sig/ml_dsa/CMakeFiles/ml_dsa_44_x86_64.dir/mldsa-native_ml-dsa-44_x86_64/mldsa/src/polyvec.c.su
32,static,PQCP_MLDSA_NATIVE_MLDSA44_X86_64_polyveck_ntt,/home/home/pqc/liboqs/src/sig/ml_dsa/mldsa-native_ml-dsa-44_x86_64/mldsa/src/polyvec.c,296,6,src/sig/ml_dsa/CMakeFiles/ml_dsa_44_x86_64.dir/mldsa-native_ml-dsa-44_x86_64/mldsa/src/polyvec.c.su
32,static,PQCP_MLDSA_NATIVE_MLDSA44_X86_64_polyveck_invntt_tomont,/home/home/pqc/liboqs/src/sig/ml_dsa/mldsa-native_ml-dsa-44_x86_64/mldsa/src/polyvec.c,318,6,src/sig/ml_dsa/CMakeFiles/ml_dsa_44_x86_64.dir/mldsa-native_ml-dsa-44_x86_64/mldsa/src/polyvec.c.su
32,static,PQCP_MLDSA_NATIVE_MLDSA44_X86_64_sig_unpack_hints,/home/home/pqc/liboqs/src/sig/ml_dsa/mldsa-native_ml-dsa-44_x86_64/mldsa/src/packing.c,168,5,src/sig/ml_dsa/CMakeFiles/ml_dsa_44_x86_64.dir/mldsa-native_ml-dsa-44_x86_64/mldsa/src/packing.c.su
32,static,PQCP_MLDSA_NATIVE_MLDSA44_X86_64_poly_chknorm,/home/home/pqc/liboqs/src/sig/ml_dsa/mldsa-native_ml-dsa-44_x86_64/mldsa/src/poly.c,969,10,src/sig/ml_dsa/CMakeFiles/ml_dsa_44_x86_64.dir/mldsa-native_ml-dsa-44_x86_64/mldsa/src/poly.c.su
32,static,test_wrapper,/home/home/pqc/liboqs/tests/test_kem.c,376,7,tests/CMakeFiles/test_kem.dir/test_kem.c.su
32,static,OQS_KAT_PRNG_free,/home/home/pqc/liboqs/tests/test_helpers.c,128,6,tests/CMakeFiles/test_kem.dir/test_helpers.c.su
32,static,OQS_print_hex_string,/home/home/pqc/liboqs/tests/test_helpers.c,139,6,tests/CMakeFiles/test_kem.dir/test_helpers.c.su
32,static,OQS_print_hex_string,/home/home/pqc/liboqs/tests/test_aes.c,22,13,tests/CMakeFiles/test_aes.dir/test_aes.c.su
32,static,OQS_KAT_PRNG_free,/home/home/pqc/liboqs/tests/test_helpers.c,128,6,tests/CMakeFiles/test_kem_mem.dir/test_helpers.c.su
32,static,OQS_print_hex_string,/home/home/pqc/liboqs/tests/test_helpers.c,139,6,tests/CMakeFiles/test_kem_mem.dir/test_helpers.c.su
32,static,convert_method_name_to_file_name,/home/home/pqc/liboqs/tests/test_sig_stfl.c,357,14,tests/CMakeFiles/test_sig_stfl.dir/test_sig_stfl.c.su
32,static,save_secret_key,/home/home/pqc/liboqs/tests/test_sig_stfl.c,138,19,tests/CMakeFiles/test_sig_stfl.dir/test_sig_stfl.c.su
32,static,OQS_KAT_PRNG_free,/home/home/pqc/liboqs/tests/test_helpers.c,128,6,tests/CMakeFiles/test_sig_stfl.dir/test_helpers.c.su
32,static,OQS_print_hex_string,/home/home/pqc/liboqs/tests/test_helpers.c,139,6,tests/CMakeFiles/test_sig_stfl.dir/test_helpers.c.su
32,static,OQS_KAT_PRNG_free,/home/home/pqc/liboqs/tests/test_helpers.c,128,6,tests/CMakeFiles/test_sig.dir/test_helpers.c.su
32,static,OQS_print_hex_string,/home/home/pqc/liboqs/tests/test_helpers.c,139,6,tests/CMakeFiles/test_sig.dir/test_helpers.c.su
32,static,test_wrapper,/home/home/pqc/liboqs/tests/test_sig.c,271,7,tests/CMakeFiles/test_sig.dir/test_sig.c.su
32,static,OQS_KAT_PRNG_free,/home/home/pqc/liboqs/tests/test_helpers.c,128,6,tests/CMakeFiles/kat_kem.dir/test_helpers.c.su
32,static,OQS_print_hex_string,/home/home/pqc/liboqs/tests/test_helpers.c,139,6,tests/CMakeFiles/kat_kem.dir/test_helpers.c.su
32,static,MLDSA_randombytes,/home/home/pqc/liboqs/tests/vectors_sig.c,209,13,tests/CMakeFiles/vectors_sig.dir/vectors_sig.c.su
32,static,SLHDSA_randombytes,/home/home/pqc/liboqs/tests/vectors_sig.c,228,13,tests/CMakeFiles/vectors_sig.dir/vectors_sig.c.su
32,static,prehash_id_from_string,/home/home/pqc/liboqs/tests/vectors_sig.c,277,5,tests/CMakeFiles/vectors_sig.dir/vectors_sig.c.su
32,static,main,/home/home/pqc/liboqs/tests/example_sig_stfl.c,123,5,tests/CMakeFiles/example_sig_stfl.dir/example_sig_stfl.c.su
32,static,OQS_KAT_PRNG_free,/home/home/pqc/liboqs/tests/test_helpers.c,128,6,tests/CMakeFiles/kat_sig.dir/test_helpers.c.su
32,static,OQS_print_hex_string,/home/home/pqc/liboqs/tests/test_helpers.c,139,6,tests/CMakeFiles/kat_sig.dir/test_helpers.c.su
32,static,main,/home/home/pqc/liboqs/tests/kat_sig.c,834,5,tests/CMakeFiles/kat_sig.dir/kat_sig.c.su
32,static,OQS_KAT_PRNG_free,/home/home/pqc/liboqs/tests/test_helpers.c,128,6,tests/CMakeFiles/kat_sig_stfl.dir/test_helpers.c.su
32,static,OQS_print_hex_string,/home/home/pqc/liboqs/tests/test_helpers.c,139,6,tests/CMakeFiles/kat_sig_stfl.dir/test_helpers.c.su
32,static,reset_secret_key,/home/home/pqc/liboqs/tests/speed_sig_stfl.c,29,26,tests/CMakeFiles/speed_sig_stfl.dir/speed_sig_stfl.c.su
32,static,print_hex,/home/home/pqc/liboqs/tests/test_hash.c,38,13,tests/CMakeFiles/test_hash.dir/test_hash.c.su
24,static,set_available_cpu_extensions,/home/home/pqc/liboqs/src/common/common.c,47,13,src/common/CMakeFiles/internal.dir/common.c.su
24,static,set_available_cpu_extensions,/home/home/pqc/liboqs/src/common/common.c,47,13,src/common/CMakeFiles/common.dir/common.c.su
24,static,br_aes_ct64_interleave_in,/home/home/pqc/liboqs/src/common/aes/aes_c.c,310,13,src/common/CMakeFiles/common.dir/aes/aes_c.c.su
24,static,br_aes_ct64_interleave_in,/home/home/pqc/liboqs/src/common/aes/aes_c.c,310,13,src/common/CMakeFiles/internal.dir/aes/aes_c.c.su
24,static,KeccakP1600times4_ExtractLanesAll_avx2,/home/home/pqc/liboqs/src/common/sha3/xkcp_low/KeccakP-1600times4/avx2/KeccakP-1600-times4-SIMD256.c,326,6,src/common/sha3/xkcp_low/CMakeFiles/xkcp_low_keccakp_1600times4_avx2.dir/KeccakP-1600times4/avx2/KeccakP-1600-times4-SIMD256.c.su
24,static,PQCP_MLDSA_NATIVE_MLDSA44_C_poly_use_hint,/home/home/pqc/liboqs/src/sig/ml_dsa/mldsa-native_ml-dsa-44_ref/mldsa/src/poly_kl.c,135,6,src/sig/ml_dsa/CMakeFiles/ml_dsa_44_ref.dir/mldsa-native_ml-dsa-44_ref/mldsa/src/poly_kl.c.su
24,static,PQCP_MLDSA_NATIVE_MLDSA44_C_polyvecl_pointwise_acc_montgomery,/home/home/pqc/liboqs/src/sig/ml_dsa/mldsa-native_ml-dsa-44_ref/mldsa/src/polyvec.c,150,6,src/sig/ml_dsa/CMakeFiles/ml_dsa_44_ref.dir/mldsa-native_ml-dsa-44_ref/mldsa/src/polyvec.c.su
24,static,PQCP_MLDSA_NATIVE_MLDSA44_X86_64_mld_rej_uniform_eta2_avx2,/home/home/pqc/liboqs/src/sig/ml_dsa/mldsa-native_ml-dsa-44_x86_64/mldsa/src/native/x86_64/src/rej_uniform_eta2_avx2.c,38,14,src/sig/ml_dsa/CMakeFiles/ml_dsa_44_x86_64.dir/mldsa-native_ml-dsa-44_x86_64/mldsa/src/native/x86_64/src/rej_uniform_eta2_avx2.c.su
16,static,OQS_SIG_STFL_keypair,/home/home/pqc/liboqs/src/sig_stfl/sig_stfl.c,1006,20,src/CMakeFiles/oqs.dir/sig_stfl/sig_stfl.c.su
16,static,OQS_SIG_STFL_sign,/home/home/pqc/liboqs/src/sig_stfl/sig_stfl.c,1023,20,src/CMakeFiles/oqs.dir/sig_stfl/sig_stfl.c.su
16,static,OQS_SIG_STFL_verify,/home/home/pqc/liboqs/src/sig_stfl/sig_stfl.c,1043,20,src/CMakeFiles/oqs.dir/sig_stfl/sig_stfl.c.su
16,static,OQS_SIG_STFL_sigs_remaining,/home/home/pqc/liboqs/src/sig_stfl/sig_stfl.c,1051,20,src/CMakeFiles/oqs.dir/sig_stfl/sig_stfl.c.su
16,static,OQS_SIG_STFL_sigs_total,/home/home/pqc/liboqs/src/sig_stfl/sig_stfl.c,1067,20,src/CMakeFiles/oqs.dir/sig_stfl/sig_stfl.c.su
16,static,OQS_SIG_alg_is_enabled,/home/home/pqc/liboqs/src/sig/sig.c,253,13,src/CMakeFiles/oqs.dir/sig/sig.c.su
16,static,OQS_SIG_new,/home/home/pqc/liboqs/src/sig/sig.c,1657,18,src/CMakeFiles/oqs.dir/sig/sig.c.su
16,static,OQS_SIG_keypair,/home/home/pqc/liboqs/src/sig/sig.c,3062,20,src/CMakeFiles/oqs.dir/sig/sig.c.su
16,static,OQS_randombytes_switch_algorithm,/home/home/pqc/liboqs/src/common/rand/rand.c,42,20,src/common/CMakeFiles/common.dir/rand/rand.c.su
16,static,Keccak_X4_Dispatch,/home/home/pqc/liboqs/src/common/sha3/xkcp_sha3x4.c,36,13,src/common/CMakeFiles/common.dir/sha3/xkcp_sha3x4.c.su
16,static,SHA3_shake256_x4_inc_init.part.0,/home/home/pqc/liboqs/src/common/sha3/xkcp_sha3x4.c,220,13,src/common/CMakeFiles/common.dir/sha3/xkcp_sha3x4.c.su
16,static,SHA3_shake256_x4_inc_init_avx512vl.part.0,/home/home/pqc/liboqs/src/common/sha3/avx512vl_sha3x4.c,98,1,src/common/CMakeFiles/common.dir/sha3/avx512vl_sha3x4.c.su
16,static,SHA3_shake256_inc_init_avx512vl.part.0,/home/home/pqc/liboqs/src/common/sha3/avx512vl_sha3.c,186,13,src/common/CMakeFiles/common.dir/sha3/avx512vl_sha3.c.su
16,static,Keccak_Dispatch,/home/home/pqc/liboqs/src/common/sha3/xkcp_sha3.c,42,13,src/common/CMakeFiles/common.dir/sha3/xkcp_sha3.c.su
16,static,SHA3_shake256_inc_init.part.0,/home/home/pqc/liboqs/src/common/sha3/xkcp_sha3.c,367,13,src/common/CMakeFiles/common.dir/sha3/xkcp_sha3.c.su
16,static,oqs_aes128_load_iv_ni,/home/home/pqc/liboqs/src/common/aes/aes128_ni.c,59,6,src/common/CMakeFiles/common.dir/aes/aes128_ni.c.su
16,static,oqs_aes256_load_iv_ni,/home/home/pqc/liboqs/src/common/aes/aes256_ni.c,86,6,src/common/CMakeFiles/common.dir/aes/aes256_ni.c.su
16,static,oqs_aes256_load_iv_c,/home/home/pqc/liboqs/src/common/aes/aes_c.c,728,6,src/common/CMakeFiles/common.dir/aes/aes_c.c.su
16,static,oqs_aes256_load_iv_u64_c,/home/home/pqc/liboqs/src/common/aes/aes_c.c,740,6,src/common/CMakeFiles/common.dir/aes/aes_c.c.su
16,static,oqs_aes128_load_iv_c,/home/home/pqc/liboqs/src/common/aes/aes_c.c,761,6,src/common/CMakeFiles/common.dir/aes/aes_c.c.su
16,static,oqs_aes128_load_iv_u64_c,/home/home/pqc/liboqs/src/common/aes/aes_c.c,773,6,src/common/CMakeFiles/common.dir/aes/aes_c.c.su
16,static,Keccak_X4_Dispatch,/home/home/pqc/liboqs/src/common/sha3/xkcp_sha3x4.c,36,13,src/common/CMakeFiles/internal.dir/sha3/xkcp_sha3x4.c.su
16,static,SHA3_shake256_x4_inc_init.part.0,/home/home/pqc/liboqs/src/common/sha3/xkcp_sha3x4.c,220,13,src/common/CMakeFiles/internal.dir/sha3/xkcp_sha3x4.c.su
16,static,SHA3_shake256_x4_inc_init_avx512vl.part.0,/home/home/pqc/liboqs/src/common/sha3/avx512vl_sha3x4.c,98,1,src/common/CMakeFiles/internal.dir/sha3/avx512vl_sha3x4.c.su
16,static,SHA3_shake256_inc_init_avx512vl.part.0,/home/home/pqc/liboqs/src/common/sha3/avx512vl_sha3.c,186,13,src/common/CMakeFiles/internal.dir/sha3/avx512vl_sha3.c.su
16,static,Keccak_Dispatch,/home/home/pqc/liboqs/src/common/sha3/xkcp_sha3.c,42,13,src/common/CMakeFiles/internal.dir/sha3/xkcp_sha3.c.su
16,static,SHA3_shake256_inc_init.part.0,/home/home/pqc/liboqs/src/common/sha3/xkcp_sha3.c,367,13,src/common/CMakeFiles/internal.dir/sha3/xkcp_sha3.c.su
16,static,oqs_aes128_load_iv_ni,/home/home/pqc/liboqs/src/common/aes/aes128_ni.c,59,6,src/common/CMakeFiles/internal.dir/aes/aes128_ni.c.su
16,static,oqs_aes256_load_iv_ni,/home/home/pqc/liboqs/src/common/aes/aes256_ni.c,86,6,src/common/CMakeFiles/internal.dir/aes/aes256_ni.c.su
16,static,oqs_aes256_load_iv_c,/home/home/pqc/liboqs/src/common/aes/aes_c.c,728,6,src/common/CMakeFiles/internal.dir/aes/aes_c.c.su
16,static,oqs_aes256_load_iv_u64_c,/home/home/pqc/liboqs/src/common/aes/aes_c.c,740,6,src/common/CMakeFiles/internal.dir/aes/aes_c.c.su
16,static,oqs_aes128_load_iv_c,/home/home/pqc/liboqs/src/common/aes/aes_c.c,761,6,src/common/CMakeFiles/internal.dir/aes/aes_c.c.su
16,static,oqs_aes128_load_iv_u64_c,/home/home/pqc/liboqs/src/common/aes/aes_c.c,773,6,src/common/CMakeFiles/internal.dir/aes/aes_c.c.su
16,static,OQS_SIG_ml_dsa_44_new,/home/home/pqc/liboqs/src/sig/ml_dsa/sig_ml_dsa_44.c,8,10,src/sig/ml_dsa/CMakeFiles/ml_dsa_44_ref.dir/sig_ml_dsa_44.c.su
16,static,hqc_prng_free,/home/home/pqc/liboqs/tests/test_helpers.c,49,13,tests/CMakeFiles/test_kem.dir/test_helpers.c.su
16,static,flip_bit,/home/home/pqc/liboqs/tests/test_helpers.c,160,12,tests/CMakeFiles/test_kem.dir/test_helpers.c.su
16,static,main,/home/home/pqc/liboqs/tests/example_sig.c,155,5,tests/CMakeFiles/example_sig.dir/example_sig.c.su
16,static,hqc_prng_free,/home/home/pqc/liboqs/tests/test_helpers.c,49,13,tests/CMakeFiles/test_kem_mem.dir/test_helpers.c.su
16,static,flip_bit,/home/home/pqc/liboqs/tests/test_helpers.c,160,12,tests/CMakeFiles/test_kem_mem.dir/test_helpers.c.su
16,static,unlock_sk_key,/home/home/pqc/liboqs/tests/test_sig_stfl.c,178,19,tests/CMakeFiles/test_sig_stfl.dir/test_sig_stfl.c.su
16,static,lock_sk_key,/home/home/pqc/liboqs/tests/test_sig_stfl.c,167,19,tests/CMakeFiles/test_sig_stfl.dir/test_sig_stfl.c.su
16,static,sig_stfl_keypair_from_keygen,/home/home/pqc/liboqs/tests/test_sig_stfl.c,198,12,tests/CMakeFiles/test_sig_stfl.dir/test_sig_stfl.c.su
16,static,sig_stfl_KATs_keygen,/home/home/pqc/liboqs/tests/test_sig_stfl.c,254,12,tests/CMakeFiles/test_sig_stfl.dir/test_sig_stfl.c.su
16,static,hqc_prng_free,/home/home/pqc/liboqs/tests/test_helpers.c,49,13,tests/CMakeFiles/test_sig_stfl.dir/test_helpers.c.su
16,static,flip_bit,/home/home/pqc/liboqs/tests/test_helpers.c,160,12,tests/CMakeFiles/test_sig_stfl.dir/test_helpers.c.su
16,static,hqc_prng_free,/home/home/pqc/liboqs/tests/test_helpers.c,49,13,tests/CMakeFiles/test_sig.dir/test_helpers.c.su
16,static,flip_bit,/home/home/pqc/liboqs/tests/test_helpers.c,160,12,tests/CMakeFiles/test_sig.dir/test_helpers.c.su
16,static,hqc_prng_free,/home/home/pqc/liboqs/tests/test_helpers.c,49,13,tests/CMakeFiles/kat_kem.dir/test_helpers.c.su
16,static,flip_bit,/home/home/pqc/liboqs/tests/test_helpers.c,160,12,tests/CMakeFiles/kat_kem.dir/test_helpers.c.su
16,static,hqc_prng_free,/home/home/pqc/liboqs/tests/test_helpers.c,49,13,tests/CMakeFiles/kat_sig.dir/test_helpers.c.su
16,static,flip_bit,/home/home/pqc/liboqs/tests/test_helpers.c,160,12,tests/CMakeFiles/kat_sig.dir/test_helpers.c.su
16,static,hqc_prng_free,/home/home/pqc/liboqs/tests/test_helpers.c,49,13,tests/CMakeFiles/kat_sig_stfl.dir/test_helpers.c.su
16,static,flip_bit,/home/home/pqc/liboqs/tests/test_helpers.c,160,12,tests/CMakeFiles/kat_sig_stfl.dir/test_helpers.c.su
8,static,main,CMakeCCompilerId.c,907,5,CMakeFiles/4.2.3/CompilerIdC/a-CMakeCCompilerId.su
8,static,OQS_KEM_alg_count,/home/home/pqc/liboqs/src/kem/kem.c,68,13,src/CMakeFiles/oqs.dir/kem/kem.c.su
8,static,OQS_KEM_alg_is_enabled,/home/home/pqc/liboqs/src/kem/kem.c,72,13,src/CMakeFiles/oqs.dir/kem/kem.c.su
8,static,OQS_KEM_new,/home/home/pqc/liboqs/src/kem/kem.c,348,18,src/CMakeFiles/oqs.dir/kem/kem.c.su
8,static,OQS_KEM_keypair_derand,/home/home/pqc/liboqs/src/kem/kem.c,625,20,src/CMakeFiles/oqs.dir/kem/kem.c.su
8,static,OQS_KEM_keypair,/home/home/pqc/liboqs/src/kem/kem.c,633,20,src/CMakeFiles/oqs.dir/kem/kem.c.su
8,static,OQS_KEM_encaps_derand,/home/home/pqc/liboqs/src/kem/kem.c,641,20,src/CMakeFiles/oqs.dir/kem/kem.c.su
8,static,OQS_KEM_encaps,/home/home/pqc/liboqs/src/kem/kem.c,649,20,src/CMakeFiles/oqs.dir/kem/kem.c.su
8,static,OQS_KEM_decaps,/home/home/pqc/liboqs/src/kem/kem.c,657,20,src/CMakeFiles/oqs.dir/kem/kem.c.su
8,static,OQS_KEM_free,/home/home/pqc/liboqs/src/kem/kem.c,665,14,src/CMakeFiles/oqs.dir/kem/kem.c.su
8,static,OQS_SIG_STFL_alg_count,/home/home/pqc/liboqs/src/sig_stfl/sig_stfl.c,116,13,src/CMakeFiles/oqs.dir/sig_stfl/sig_stfl.c.su
8,static,OQS_SIG_STFL_keygen_and_sign_supported,/home/home/pqc/liboqs/src/sig_stfl/sig_stfl.c,120,13,src/CMakeFiles/oqs.dir/sig_stfl/sig_stfl.c.su
8,static,OQS_SIG_STFL_alg_is_enabled,/home/home/pqc/liboqs/src/sig_stfl/sig_stfl.c,128,13,src/CMakeFiles/oqs.dir/sig_stfl/sig_stfl.c.su
8,static,OQS_SIG_STFL_new,/home/home/pqc/liboqs/src/sig_stfl/sig_stfl.c,570,23,src/CMakeFiles/oqs.dir/sig_stfl/sig_stfl.c.su
8,static,OQS_SIG_STFL_free,/home/home/pqc/liboqs/src/sig_stfl/sig_stfl.c,1083,14,src/CMakeFiles/oqs.dir/sig_stfl/sig_stfl.c.su
8,static,OQS_SIG_STFL_SECRET_KEY_new,/home/home/pqc/liboqs/src/sig_stfl/sig_stfl.c,1089,34,src/CMakeFiles/oqs.dir/sig_stfl/sig_stfl.c.su
8,static,OQS_SIG_STFL_SECRET_KEY_SET_store_cb,/home/home/pqc/liboqs/src/sig_stfl/sig_stfl.c,1537,14,src/CMakeFiles/oqs.dir/sig_stfl/sig_stfl.c.su
8,static,OQS_SIG_STFL_SECRET_KEY_serialize,/home/home/pqc/liboqs/src/sig_stfl/sig_stfl.c,1545,20,src/CMakeFiles/oqs.dir/sig_stfl/sig_stfl.c.su
8,static,OQS_SIG_STFL_SECRET_KEY_deserialize,/home/home/pqc/liboqs/src/sig_stfl/sig_stfl.c,1554,20,src/CMakeFiles/oqs.dir/sig_stfl/sig_stfl.c.su
8,static,OQS_SIG_STFL_SECRET_KEY_SET_lock,/home/home/pqc/liboqs/src/sig_stfl/sig_stfl.c,1563,14,src/CMakeFiles/oqs.dir/sig_stfl/sig_stfl.c.su
8,static,OQS_SIG_STFL_SECRET_KEY_SET_unlock,/home/home/pqc/liboqs/src/sig_stfl/sig_stfl.c,1571,14,src/CMakeFiles/oqs.dir/sig_stfl/sig_stfl.c.su
8,static,OQS_SIG_STFL_SECRET_KEY_SET_mutex,/home/home/pqc/liboqs/src/sig_stfl/sig_stfl.c,1579,14,src/CMakeFiles/oqs.dir/sig_stfl/sig_stfl.c.su
8,static,OQS_SIG_STFL_SECRET_KEY_lock,/home/home/pqc/liboqs/src/sig_stfl/sig_stfl.c,1587,12,src/CMakeFiles/oqs.dir/sig_stfl/sig_stfl.c.su
8,static,OQS_SIG_STFL_SECRET_KEY_unlock,/home/home/pqc/liboqs/src/sig_stfl/sig_stfl.c,1604,12,src/CMakeFiles/oqs.dir/sig_stfl/sig_stfl.c.su
8,static,OQS_SIG_alg_count,/home/home/pqc/liboqs/src/sig/sig.c,249,13,src/CMakeFiles/oqs.dir/sig/sig.c.su
8,static,OQS_SIG_free,/home/home/pqc/liboqs/src/sig/sig.c,3112,14,src/CMakeFiles/oqs.dir/sig/sig.c.su
8,static,OQS_init,/home/home/pqc/liboqs/src/common/common.c,237,14,src/common/CMakeFiles/internal.dir/common.c.su
8,static,OQS_thread_stop,/home/home/pqc/liboqs/src/common/common.c,243,14,src/common/CMakeFiles/internal.dir/common.c.su
8,static,OQS_version,/home/home/pqc/liboqs/src/common/common.c,249,21,src/common/CMakeFiles/internal.dir/common.c.su
8,static,OQS_destroy,/home/home/pqc/liboqs/src/common/common.c,253,14,src/common/CMakeFiles/internal.dir/common.c.su
8,static,OQS_MEM_secure_bcmp,/home/home/pqc/liboqs/src/common/common.c,259,13,src/common/CMakeFiles/internal.dir/common.c.su
8,static,OQS_MEM_cleanse,/home/home/pqc/liboqs/src/common/common.c,271,14,src/common/CMakeFiles/internal.dir/common.c.su
8,static,OQS_MEM_insecure_free,/home/home/pqc/liboqs/src/common/common.c,301,14,src/common/CMakeFiles/internal.dir/common.c.su
8,static,OQS_MEM_aligned_alloc,/home/home/pqc/liboqs/src/common/common.c,309,7,src/common/CMakeFiles/internal.dir/common.c.su
8,static,OQS_MEM_aligned_free,/home/home/pqc/liboqs/src/common/common.c,392,6,src/common/CMakeFiles/internal.dir/common.c.su
8,static,OQS_MEM_malloc,/home/home/pqc/liboqs/src/common/common.c,419,15,src/common/CMakeFiles/internal.dir/common.c.su
8,static,OQS_MEM_calloc,/home/home/pqc/liboqs/src/common/common.c,427,15,src/common/CMakeFiles/internal.dir/common.c.su
8,static,OQS_MEM_strdup,/home/home/pqc/liboqs/src/common/common.c,439,15,src/common/CMakeFiles/internal.dir/common.c.su
8,static,OQS_init,/home/home/pqc/liboqs/src/common/common.c,237,14,src/common/CMakeFiles/common.dir/common.c.su
8,static,OQS_thread_stop,/home/home/pqc/liboqs/src/common/common.c,243,14,src/common/CMakeFiles/common.dir/common.c.su
8,static,OQS_version,/home/home/pqc/liboqs/src/common/common.c,249,21,src/common/CMakeFiles/common.dir/common.c.su
8,static,OQS_destroy,/home/home/pqc/liboqs/src/common/common.c,253,14,src/common/CMakeFiles/common.dir/common.c.su
8,static,OQS_MEM_secure_bcmp,/home/home/pqc/liboqs/src/common/common.c,259,13,src/common/CMakeFiles/common.dir/common.c.su
8,static,OQS_MEM_cleanse,/home/home/pqc/liboqs/src/common/common.c,271,14,src/common/CMakeFiles/common.dir/common.c.su
8,static,OQS_MEM_insecure_free,/home/home/pqc/liboqs/src/common/common.c,301,14,src/common/CMakeFiles/common.dir/common.c.su
8,static,OQS_MEM_aligned_alloc,/home/home/pqc/liboqs/src/common/common.c,309,7,src/common/CMakeFiles/common.dir/common.c.su
8,static,OQS_MEM_aligned_free,/home/home/pqc/liboqs/src/common/common.c,392,6,src/common/CMakeFiles/common.dir/common.c.su
8,static,OQS_MEM_malloc,/home/home/pqc/liboqs/src/common/common.c,419,15,src/common/CMakeFiles/common.dir/common.c.su
8,static,OQS_MEM_calloc,/home/home/pqc/liboqs/src/common/common.c,427,15,src/common/CMakeFiles/common.dir/common.c.su
8,static,OQS_MEM_strdup,/home/home/pqc/liboqs/src/common/common.c,439,15,src/common/CMakeFiles/common.dir/common.c.su
8,static,OQS_randombytes_custom_algorithm,/home/home/pqc/liboqs/src/common/rand/rand.c,58,14,src/common/CMakeFiles/common.dir/rand/rand.c.su
8,static,OQS_randombytes,/home/home/pqc/liboqs/src/common/rand/rand.c,62,14,src/common/CMakeFiles/common.dir/rand/rand.c.su
8,static,OQS_SHA3_set_callbacks,/home/home/pqc/liboqs/src/common/sha3/sha3.c,11,14,src/common/CMakeFiles/common.dir/sha3/sha3.c.su
8,static,OQS_SHA3_sha3_256,/home/home/pqc/liboqs/src/common/sha3/sha3.c,15,6,src/common/CMakeFiles/common.dir/sha3/sha3.c.su
8,static,OQS_SHA3_sha3_256_inc_init,/home/home/pqc/liboqs/src/common/sha3/sha3.c,19,6,src/common/CMakeFiles/common.dir/sha3/sha3.c.su
8,static,OQS_SHA3_sha3_256_inc_absorb,/home/home/pqc/liboqs/src/common/sha3/sha3.c,23,6,src/common/CMakeFiles/common.dir/sha3/sha3.c.su
8,static,OQS_SHA3_sha3_256_inc_finalize,/home/home/pqc/liboqs/src/common/sha3/sha3.c,27,6,src/common/CMakeFiles/common.dir/sha3/sha3.c.su
8,static,OQS_SHA3_sha3_256_inc_ctx_release,/home/home/pqc/liboqs/src/common/sha3/sha3.c,31,6,src/common/CMakeFiles/common.dir/sha3/sha3.c.su
8,static,OQS_SHA3_sha3_256_inc_ctx_reset,/home/home/pqc/liboqs/src/common/sha3/sha3.c,35,6,src/common/CMakeFiles/common.dir/sha3/sha3.c.su
8,static,OQS_SHA3_sha3_256_inc_ctx_clone,/home/home/pqc/liboqs/src/common/sha3/sha3.c,39,6,src/common/CMakeFiles/common.dir/sha3/sha3.c.su
8,static,OQS_SHA3_sha3_384,/home/home/pqc/liboqs/src/common/sha3/sha3.c,43,6,src/common/CMakeFiles/common.dir/sha3/sha3.c.su
8,static,OQS_SHA3_sha3_384_inc_init,/home/home/pqc/liboqs/src/common/sha3/sha3.c,47,6,src/common/CMakeFiles/common.dir/sha3/sha3.c.su
8,static,OQS_SHA3_sha3_384_inc_absorb,/home/home/pqc/liboqs/src/common/sha3/sha3.c,51,6,src/common/CMakeFiles/common.dir/sha3/sha3.c.su
8,static,OQS_SHA3_sha3_384_inc_finalize,/home/home/pqc/liboqs/src/common/sha3/sha3.c,55,6,src/common/CMakeFiles/common.dir/sha3/sha3.c.su
8,static,OQS_SHA3_sha3_384_inc_ctx_release,/home/home/pqc/liboqs/src/common/sha3/sha3.c,59,6,src/common/CMakeFiles/common.dir/sha3/sha3.c.su
8,static,OQS_SHA3_sha3_384_inc_ctx_reset,/home/home/pqc/liboqs/src/common/sha3/sha3.c,63,6,src/common/CMakeFiles/common.dir/sha3/sha3.c.su
8,static,OQS_SHA3_sha3_384_inc_ctx_clone,/home/home/pqc/liboqs/src/common/sha3/sha3.c,67,6,src/common/CMakeFiles/common.dir/sha3/sha3.c.su
8,static,OQS_SHA3_sha3_512,/home/home/pqc/liboqs/src/common/sha3/sha3.c,71,6,src/common/CMakeFiles/common.dir/sha3/sha3.c.su
8,static,OQS_SHA3_sha3_512_inc_init,/home/home/pqc/liboqs/src/common/sha3/sha3.c,75,6,src/common/CMakeFiles/common.dir/sha3/sha3.c.su
8,static,OQS_SHA3_sha3_512_inc_absorb,/home/home/pqc/liboqs/src/common/sha3/sha3.c,79,6,src/common/CMakeFiles/common.dir/sha3/sha3.c.su
8,static,OQS_SHA3_sha3_512_inc_finalize,/home/home/pqc/liboqs/src/common/sha3/sha3.c,83,6,src/common/CMakeFiles/common.dir/sha3/sha3.c.su
8,static,OQS_SHA3_sha3_512_inc_ctx_release,/home/home/pqc/liboqs/src/common/sha3/sha3.c,87,6,src/common/CMakeFiles/common.dir/sha3/sha3.c.su
8,static,OQS_SHA3_sha3_512_inc_ctx_reset,/home/home/pqc/liboqs/src/common/sha3/sha3.c,91,6,src/common/CMakeFiles/common.dir/sha3/sha3.c.su
8,static,OQS_SHA3_sha3_512_inc_ctx_clone,/home/home/pqc/liboqs/src/common/sha3/sha3.c,95,6,src/common/CMakeFiles/common.dir/sha3/sha3.c.su
8,static,OQS_SHA3_shake128,/home/home/pqc/liboqs/src/common/sha3/sha3.c,99,6,src/common/CMakeFiles/common.dir/sha3/sha3.c.su
8,static,OQS_SHA3_shake128_inc_init,/home/home/pqc/liboqs/src/common/sha3/sha3.c,103,6,src/common/CMakeFiles/common.dir/sha3/sha3.c.su
8,static,OQS_SHA3_shake128_inc_absorb,/home/home/pqc/liboqs/src/common/sha3/sha3.c,107,6,src/common/CMakeFiles/common.dir/sha3/sha3.c.su
8,static,OQS_SHA3_shake128_inc_finalize,/home/home/pqc/liboqs/src/common/sha3/sha3.c,111,6,src/common/CMakeFiles/common.dir/sha3/sha3.c.su
8,static,OQS_SHA3_shake128_inc_squeeze,/home/home/pqc/liboqs/src/common/sha3/sha3.c,115,6,src/common/CMakeFiles/common.dir/sha3/sha3.c.su
8,static,OQS_SHA3_shake128_inc_ctx_release,/home/home/pqc/liboqs/src/common/sha3/sha3.c,119,6,src/common/CMakeFiles/common.dir/sha3/sha3.c.su
8,static,OQS_SHA3_shake128_inc_ctx_clone,/home/home/pqc/liboqs/src/common/sha3/sha3.c,123,6,src/common/CMakeFiles/common.dir/sha3/sha3.c.su
8,static,OQS_SHA3_shake128_inc_ctx_reset,/home/home/pqc/liboqs/src/common/sha3/sha3.c,127,6,src/common/CMakeFiles/common.dir/sha3/sha3.c.su
8,static,OQS_SHA3_shake256,/home/home/pqc/liboqs/src/common/sha3/sha3.c,131,6,src/common/CMakeFiles/common.dir/sha3/sha3.c.su
8,static,OQS_SHA3_shake256_inc_init,/home/home/pqc/liboqs/src/common/sha3/sha3.c,135,6,src/common/CMakeFiles/common.dir/sha3/sha3.c.su
8,static,OQS_SHA3_shake256_inc_absorb,/home/home/pqc/liboqs/src/common/sha3/sha3.c,139,6,src/common/CMakeFiles/common.dir/sha3/sha3.c.su
8,static,OQS_SHA3_shake256_inc_finalize,/home/home/pqc/liboqs/src/common/sha3/sha3.c,143,6,src/common/CMakeFiles/common.dir/sha3/sha3.c.su
8,static,OQS_SHA3_shake256_inc_squeeze,/home/home/pqc/liboqs/src/common/sha3/sha3.c,147,6,src/common/CMakeFiles/common.dir/sha3/sha3.c.su
8,static,OQS_SHA3_shake256_inc_ctx_release,/home/home/pqc/liboqs/src/common/sha3/sha3.c,151,6,src/common/CMakeFiles/common.dir/sha3/sha3.c.su
8,static,OQS_SHA3_shake256_inc_ctx_clone,/home/home/pqc/liboqs/src/common/sha3/sha3.c,155,6,src/common/CMakeFiles/common.dir/sha3/sha3.c.su
8,static,OQS_SHA3_shake256_inc_ctx_reset,/home/home/pqc/liboqs/src/common/sha3/sha3.c,159,6,src/common/CMakeFiles/common.dir/sha3/sha3.c.su
8,static,SHA3_shake256_x4_inc_ctx_clone,/home/home/pqc/liboqs/src/common/sha3/xkcp_sha3x4.c,238,13,src/common/CMakeFiles/common.dir/sha3/xkcp_sha3x4.c.su
8,static,SHA3_shake128_x4_inc_ctx_clone,/home/home/pqc/liboqs/src/common/sha3/xkcp_sha3x4.c,195,13,src/common/CMakeFiles/common.dir/sha3/xkcp_sha3x4.c.su
8,static,SHA3_shake256_x4_inc_ctx_release,/home/home/pqc/liboqs/src/common/sha3/xkcp_sha3x4.c,242,13,src/common/CMakeFiles/common.dir/sha3/xkcp_sha3x4.c.su
8,static,SHA3_shake128_x4_inc_ctx_release,/home/home/pqc/liboqs/src/common/sha3/xkcp_sha3x4.c,199,13,src/common/CMakeFiles/common.dir/sha3/xkcp_sha3x4.c.su
8,static,SHA3_shake256_x4_inc_finalize,/home/home/pqc/liboqs/src/common/sha3/xkcp_sha3x4.c,230,13,src/common/CMakeFiles/common.dir/sha3/xkcp_sha3x4.c.su
8,static,SHA3_shake128_x4_inc_finalize,/home/home/pqc/liboqs/src/common/sha3/xkcp_sha3x4.c,187,13,src/common/CMakeFiles/common.dir/sha3/xkcp_sha3x4.c.su
8,static,SHA3_shake256_x4_inc_ctx_clone_avx512vl,/home/home/pqc/liboqs/src/common/sha3/avx512vl_sha3x4.c,105,1,src/common/CMakeFiles/common.dir/sha3/avx512vl_sha3x4.c.su
8,static,SHA3_shake128_x4_inc_ctx_clone_avx512vl,/home/home/pqc/liboqs/src/common/sha3/avx512vl_sha3x4.c,60,1,src/common/CMakeFiles/common.dir/sha3/avx512vl_sha3x4.c.su
8,static,SHA3_shake256_inc_ctx_clone_avx512vl,/home/home/pqc/liboqs/src/common/sha3/avx512vl_sha3.c,199,1,src/common/CMakeFiles/common.dir/sha3/avx512vl_sha3.c.su
8,static,SHA3_shake128_inc_ctx_clone_avx512vl,/home/home/pqc/liboqs/src/common/sha3/avx512vl_sha3.c,172,1,src/common/CMakeFiles/common.dir/sha3/avx512vl_sha3.c.su
8,static,SHA3_sha3_512_inc_ctx_clone_avx512vl,/home/home/pqc/liboqs/src/common/sha3/avx512vl_sha3.c,157,1,src/common/CMakeFiles/common.dir/sha3/avx512vl_sha3.c.su
8,static,SHA3_sha3_384_inc_ctx_clone_avx512vl,/home/home/pqc/liboqs/src/common/sha3/avx512vl_sha3.c,136,1,src/common/CMakeFiles/common.dir/sha3/avx512vl_sha3.c.su
8,static,SHA3_sha3_256_inc_ctx_clone_avx512vl,/home/home/pqc/liboqs/src/common/sha3/avx512vl_sha3.c,115,1,src/common/CMakeFiles/common.dir/sha3/avx512vl_sha3.c.su
8,static,OQS_SHA3_x4_set_callbacks,/home/home/pqc/liboqs/src/common/sha3/sha3x4.c,11,14,src/common/CMakeFiles/common.dir/sha3/sha3x4.c.su
8,static,OQS_SHA3_shake128_x4,/home/home/pqc/liboqs/src/common/sha3/sha3x4.c,15,6,src/common/CMakeFiles/common.dir/sha3/sha3x4.c.su
8,static,OQS_SHA3_shake128_x4_inc_init,/home/home/pqc/liboqs/src/common/sha3/sha3x4.c,19,6,src/common/CMakeFiles/common.dir/sha3/sha3x4.c.su
8,static,OQS_SHA3_shake128_x4_inc_absorb,/home/home/pqc/liboqs/src/common/sha3/sha3x4.c,23,6,src/common/CMakeFiles/common.dir/sha3/sha3x4.c.su
8,static,OQS_SHA3_shake128_x4_inc_finalize,/home/home/pqc/liboqs/src/common/sha3/sha3x4.c,27,6,src/common/CMakeFiles/common.dir/sha3/sha3x4.c.su
8,static,OQS_SHA3_shake128_x4_inc_squeeze,/home/home/pqc/liboqs/src/common/sha3/sha3x4.c,31,6,src/common/CMakeFiles/common.dir/sha3/sha3x4.c.su
8,static,OQS_SHA3_shake128_x4_inc_ctx_release,/home/home/pqc/liboqs/src/common/sha3/sha3x4.c,35,6,src/common/CMakeFiles/common.dir/sha3/sha3x4.c.su
8,static,OQS_SHA3_shake128_x4_inc_ctx_clone,/home/home/pqc/liboqs/src/common/sha3/sha3x4.c,39,6,src/common/CMakeFiles/common.dir/sha3/sha3x4.c.su
8,static,OQS_SHA3_shake128_x4_inc_ctx_reset,/home/home/pqc/liboqs/src/common/sha3/sha3x4.c,43,6,src/common/CMakeFiles/common.dir/sha3/sha3x4.c.su
8,static,OQS_SHA3_shake256_x4,/home/home/pqc/liboqs/src/common/sha3/sha3x4.c,47,6,src/common/CMakeFiles/common.dir/sha3/sha3x4.c.su
8,static,OQS_SHA3_shake256_x4_inc_init,/home/home/pqc/liboqs/src/common/sha3/sha3x4.c,51,6,src/common/CMakeFiles/common.dir/sha3/sha3x4.c.su
8,static,OQS_SHA3_shake256_x4_inc_absorb,/home/home/pqc/liboqs/src/common/sha3/sha3x4.c,55,6,src/common/CMakeFiles/common.dir/sha3/sha3x4.c.su
8,static,OQS_SHA3_shake256_x4_inc_finalize,/home/home/pqc/liboqs/src/common/sha3/sha3x4.c,59,6,src/common/CMakeFiles/common.dir/sha3/sha3x4.c.su
8,static,OQS_SHA3_shake256_x4_inc_squeeze,/home/home/pqc/liboqs/src/common/sha3/sha3x4.c,63,6,src/common/CMakeFiles/common.dir/sha3/sha3x4.c.su
8,static,OQS_SHA3_shake256_x4_inc_ctx_release,/home/home/pqc/liboqs/src/common/sha3/sha3x4.c,67,6,src/common/CMakeFiles/common.dir/sha3/sha3x4.c.su
8,static,OQS_SHA3_shake256_x4_inc_ctx_clone,/home/home/pqc/liboqs/src/common/sha3/sha3x4.c,71,6,src/common/CMakeFiles/common.dir/sha3/sha3x4.c.su
8,static,OQS_SHA3_shake256_x4_inc_ctx_reset,/home/home/pqc/liboqs/src/common/sha3/sha3x4.c,75,6,src/common/CMakeFiles/common.dir/sha3/sha3x4.c.su
8,static,SHA3_sha3_256_inc_absorb,/home/home/pqc/liboqs/src/common/sha3/xkcp_sha3.c,217,13,src/common/CMakeFiles/common.dir/sha3/xkcp_sha3.c.su
8,static,SHA3_sha3_384_inc_absorb,/home/home/pqc/liboqs/src/common/sha3/xkcp_sha3.c,253,13,src/common/CMakeFiles/common.dir/sha3/xkcp_sha3.c.su
8,static,SHA3_sha3_512_inc_absorb,/home/home/pqc/liboqs/src/common/sha3/xkcp_sha3.c,290,13,src/common/CMakeFiles/common.dir/sha3/xkcp_sha3.c.su
8,static,SHA3_shake128_inc_absorb,/home/home/pqc/liboqs/src/common/sha3/xkcp_sha3.c,330,13,src/common/CMakeFiles/common.dir/sha3/xkcp_sha3.c.su
8,static,SHA3_shake128_inc_squeeze,/home/home/pqc/liboqs/src/common/sha3/xkcp_sha3.c,338,13,src/common/CMakeFiles/common.dir/sha3/xkcp_sha3.c.su
8,static,SHA3_shake256_inc_absorb,/home/home/pqc/liboqs/src/common/sha3/xkcp_sha3.c,373,13,src/common/CMakeFiles/common.dir/sha3/xkcp_sha3.c.su
8,static,SHA3_shake256_inc_squeeze,/home/home/pqc/liboqs/src/common/sha3/xkcp_sha3.c,381,13,src/common/CMakeFiles/common.dir/sha3/xkcp_sha3.c.su
8,static,SHA3_shake256_inc_ctx_clone,/home/home/pqc/liboqs/src/common/sha3/xkcp_sha3.c,389,13,src/common/CMakeFiles/common.dir/sha3/xkcp_sha3.c.su
8,static,SHA3_shake128_inc_ctx_clone,/home/home/pqc/liboqs/src/common/sha3/xkcp_sha3.c,342,13,src/common/CMakeFiles/common.dir/sha3/xkcp_sha3.c.su
8,static,SHA3_sha3_512_inc_ctx_clone,/home/home/pqc/liboqs/src/common/sha3/xkcp_sha3.c,303,13,src/common/CMakeFiles/common.dir/sha3/xkcp_sha3.c.su
8,static,SHA3_sha3_384_inc_ctx_clone,/home/home/pqc/liboqs/src/common/sha3/xkcp_sha3.c,266,13,src/common/CMakeFiles/common.dir/sha3/xkcp_sha3.c.su
8,static,SHA3_sha3_256_inc_ctx_clone,/home/home/pqc/liboqs/src/common/sha3/xkcp_sha3.c,230,13,src/common/CMakeFiles/common.dir/sha3/xkcp_sha3.c.su
8,static,SHA3_shake256_inc_ctx_release,/home/home/pqc/liboqs/src/common/sha3/xkcp_sha3.c,385,13,src/common/CMakeFiles/common.dir/sha3/xkcp_sha3.c.su
8,static,SHA3_shake128_inc_ctx_release,/home/home/pqc/liboqs/src/common/sha3/xkcp_sha3.c,346,13,src/common/CMakeFiles/common.dir/sha3/xkcp_sha3.c.su
8,static,SHA3_sha3_512_inc_ctx_release,/home/home/pqc/liboqs/src/common/sha3/xkcp_sha3.c,299,13,src/common/CMakeFiles/common.dir/sha3/xkcp_sha3.c.su
8,static,SHA3_sha3_384_inc_ctx_release,/home/home/pqc/liboqs/src/common/sha3/xkcp_sha3.c,262,13,src/common/CMakeFiles/common.dir/sha3/xkcp_sha3.c.su
8,static,SHA3_sha3_256_inc_ctx_release,/home/home/pqc/liboqs/src/common/sha3/xkcp_sha3.c,226,13,src/common/CMakeFiles/common.dir/sha3/xkcp_sha3.c.su
8,static,OQS_SHA2_set_callbacks,/home/home/pqc/liboqs/src/common/sha2/sha2.c,9,14,src/common/CMakeFiles/common.dir/sha2/sha2.c.su
8,static,OQS_SHA2_sha256_inc_init,/home/home/pqc/liboqs/src/common/sha2/sha2.c,13,6,src/common/CMakeFiles/common.dir/sha2/sha2.c.su
8,static,OQS_SHA2_sha256_inc_ctx_clone,/home/home/pqc/liboqs/src/common/sha2/sha2.c,17,6,src/common/CMakeFiles/common.dir/sha2/sha2.c.su
8,static,OQS_SHA2_sha256_inc_blocks,/home/home/pqc/liboqs/src/common/sha2/sha2.c,21,6,src/common/CMakeFiles/common.dir/sha2/sha2.c.su
8,static,OQS_SHA2_sha256_inc,/home/home/pqc/liboqs/src/common/sha2/sha2.c,25,6,src/common/CMakeFiles/common.dir/sha2/sha2.c.su
8,static,OQS_SHA2_sha256_inc_finalize,/home/home/pqc/liboqs/src/common/sha2/sha2.c,29,6,src/common/CMakeFiles/common.dir/sha2/sha2.c.su
8,static,OQS_SHA2_sha256_inc_ctx_release,/home/home/pqc/liboqs/src/common/sha2/sha2.c,33,6,src/common/CMakeFiles/common.dir/sha2/sha2.c.su
8,static,OQS_SHA2_sha384_inc_init,/home/home/pqc/liboqs/src/common/sha2/sha2.c,37,6,src/common/CMakeFiles/common.dir/sha2/sha2.c.su
8,static,OQS_SHA2_sha384_inc_ctx_clone,/home/home/pqc/liboqs/src/common/sha2/sha2.c,41,6,src/common/CMakeFiles/common.dir/sha2/sha2.c.su
8,static,OQS_SHA2_sha384_inc_blocks,/home/home/pqc/liboqs/src/common/sha2/sha2.c,45,6,src/common/CMakeFiles/common.dir/sha2/sha2.c.su
8,static,OQS_SHA2_sha384_inc_finalize,/home/home/pqc/liboqs/src/common/sha2/sha2.c,49,6,src/common/CMakeFiles/common.dir/sha2/sha2.c.su
8,static,OQS_SHA2_sha384_inc_ctx_release,/home/home/pqc/liboqs/src/common/sha2/sha2.c,53,6,src/common/CMakeFiles/common.dir/sha2/sha2.c.su
8,static,OQS_SHA2_sha512_inc_init,/home/home/pqc/liboqs/src/common/sha2/sha2.c,57,6,src/common/CMakeFiles/common.dir/sha2/sha2.c.su
8,static,OQS_SHA2_sha512_inc_ctx_clone,/home/home/pqc/liboqs/src/common/sha2/sha2.c,61,6,src/common/CMakeFiles/common.dir/sha2/sha2.c.su
8,static,OQS_SHA2_sha512_inc_blocks,/home/home/pqc/liboqs/src/common/sha2/sha2.c,65,6,src/common/CMakeFiles/common.dir/sha2/sha2.c.su
8,static,OQS_SHA2_sha512_inc_finalize,/home/home/pqc/liboqs/src/common/sha2/sha2.c,69,6,src/common/CMakeFiles/common.dir/sha2/sha2.c.su
8,static,OQS_SHA2_sha512_inc_ctx_release,/home/home/pqc/liboqs/src/common/sha2/sha2.c,73,6,src/common/CMakeFiles/common.dir/sha2/sha2.c.su
8,static,OQS_SHA2_sha256,/home/home/pqc/liboqs/src/common/sha2/sha2.c,77,6,src/common/CMakeFiles/common.dir/sha2/sha2.c.su
8,static,OQS_SHA2_sha384,/home/home/pqc/liboqs/src/common/sha2/sha2.c,81,6,src/common/CMakeFiles/common.dir/sha2/sha2.c.su
8,static,OQS_SHA2_sha512,/home/home/pqc/liboqs/src/common/sha2/sha2.c,85,6,src/common/CMakeFiles/common.dir/sha2/sha2.c.su
8,static,load_bigendian_64,/home/home/pqc/liboqs/src/common/sha2/sha2_c.c,24,17,src/common/CMakeFiles/common.dir/sha2/sha2_c.c.su
8,static,oqs_sha2_sha224_inc_ctx_release_c,/home/home/pqc/liboqs/src/common/sha2/sha2_c.c,590,6,src/common/CMakeFiles/common.dir/sha2/sha2_c.c.su
8,static,oqs_sha2_sha256_inc_ctx_release_c,/home/home/pqc/liboqs/src/common/sha2/sha2_c.c,595,6,src/common/CMakeFiles/common.dir/sha2/sha2_c.c.su
8,static,oqs_sha2_sha384_inc_ctx_release_c,/home/home/pqc/liboqs/src/common/sha2/sha2_c.c,600,6,src/common/CMakeFiles/common.dir/sha2/sha2_c.c.su
8,static,oqs_sha2_sha512_inc_ctx_release_c,/home/home/pqc/liboqs/src/common/sha2/sha2_c.c,605,6,src/common/CMakeFiles/common.dir/sha2/sha2_c.c.su
8,static,oqs_sha2_sha224_inc_blocks_c,/home/home/pqc/liboqs/src/common/sha2/sha2_c.c,666,6,src/common/CMakeFiles/common.dir/sha2/sha2_c.c.su
8,static,SHA2_sha512_inc_ctx_release,/home/home/pqc/liboqs/src/common/sha2/sha2_impl.c,92,13,src/common/CMakeFiles/common.dir/sha2/sha2_impl.c.su
8,static,SHA2_sha512_inc_finalize,/home/home/pqc/liboqs/src/common/sha2/sha2_impl.c,88,13,src/common/CMakeFiles/common.dir/sha2/sha2_impl.c.su
8,static,SHA2_sha512_inc_blocks,/home/home/pqc/liboqs/src/common/sha2/sha2_impl.c,84,13,src/common/CMakeFiles/common.dir/sha2/sha2_impl.c.su
8,static,SHA2_sha512_inc_ctx_clone,/home/home/pqc/liboqs/src/common/sha2/sha2_impl.c,80,13,src/common/CMakeFiles/common.dir/sha2/sha2_impl.c.su
8,static,SHA2_sha512_inc_init,/home/home/pqc/liboqs/src/common/sha2/sha2_impl.c,76,13,src/common/CMakeFiles/common.dir/sha2/sha2_impl.c.su
8,static,SHA2_sha512,/home/home/pqc/liboqs/src/common/sha2/sha2_impl.c,107,13,src/common/CMakeFiles/common.dir/sha2/sha2_impl.c.su
8,static,SHA2_sha384_inc_ctx_release,/home/home/pqc/liboqs/src/common/sha2/sha2_impl.c,72,13,src/common/CMakeFiles/common.dir/sha2/sha2_impl.c.su
8,static,SHA2_sha384_inc_finalize,/home/home/pqc/liboqs/src/common/sha2/sha2_impl.c,68,13,src/common/CMakeFiles/common.dir/sha2/sha2_impl.c.su
8,static,SHA2_sha384_inc_blocks,/home/home/pqc/liboqs/src/common/sha2/sha2_impl.c,64,13,src/common/CMakeFiles/common.dir/sha2/sha2_impl.c.su
8,static,SHA2_sha384_inc_ctx_clone,/home/home/pqc/liboqs/src/common/sha2/sha2_impl.c,60,13,src/common/CMakeFiles/common.dir/sha2/sha2_impl.c.su
8,static,SHA2_sha384_inc_init,/home/home/pqc/liboqs/src/common/sha2/sha2_impl.c,56,13,src/common/CMakeFiles/common.dir/sha2/sha2_impl.c.su
8,static,SHA2_sha384,/home/home/pqc/liboqs/src/common/sha2/sha2_impl.c,103,13,src/common/CMakeFiles/common.dir/sha2/sha2_impl.c.su
8,static,SHA2_sha256_inc_ctx_release,/home/home/pqc/liboqs/src/common/sha2/sha2_impl.c,52,13,src/common/CMakeFiles/common.dir/sha2/sha2_impl.c.su
8,static,SHA2_sha256_inc_finalize,/home/home/pqc/liboqs/src/common/sha2/sha2_impl.c,48,13,src/common/CMakeFiles/common.dir/sha2/sha2_impl.c.su
8,static,SHA2_sha256_inc_blocks,/home/home/pqc/liboqs/src/common/sha2/sha2_impl.c,41,13,src/common/CMakeFiles/common.dir/sha2/sha2_impl.c.su
8,static,SHA2_sha256_inc,/home/home/pqc/liboqs/src/common/sha2/sha2_impl.c,34,13,src/common/CMakeFiles/common.dir/sha2/sha2_impl.c.su
8,static,SHA2_sha256_inc_ctx_clone,/home/home/pqc/liboqs/src/common/sha2/sha2_impl.c,30,13,src/common/CMakeFiles/common.dir/sha2/sha2_impl.c.su
8,static,SHA2_sha256_inc_init,/home/home/pqc/liboqs/src/common/sha2/sha2_impl.c,26,13,src/common/CMakeFiles/common.dir/sha2/sha2_impl.c.su
8,static,SHA2_sha256,/home/home/pqc/liboqs/src/common/sha2/sha2_impl.c,96,13,src/common/CMakeFiles/common.dir/sha2/sha2_impl.c.su
8,static,oqs_aes128_load_iv_u64_ni,/home/home/pqc/liboqs/src/common/aes/aes128_ni.c,72,6,src/common/CMakeFiles/common.dir/aes/aes128_ni.c.su
8,static,oqs_aes128_free_schedule_ni,/home/home/pqc/liboqs/src/common/aes/aes128_ni.c,77,6,src/common/CMakeFiles/common.dir/aes/aes128_ni.c.su
8,static,oqs_aes128_enc_sch_block_ni,/home/home/pqc/liboqs/src/common/aes/aes128_ni.c,135,6,src/common/CMakeFiles/common.dir/aes/aes128_ni.c.su
8,static,oqs_aes128_ecb_enc_sch_ni,/home/home/pqc/liboqs/src/common/aes/aes128_ni.c,140,6,src/common/CMakeFiles/common.dir/aes/aes128_ni.c.su
8,static,oqs_aes128_ctr_enc_sch_upd_blks_ni,/home/home/pqc/liboqs/src/common/aes/aes128_ni.c,147,6,src/common/CMakeFiles/common.dir/aes/aes128_ni.c.su
8,static,OQS_AES_set_callbacks,/home/home/pqc/liboqs/src/common/aes/aes.c,14,14,src/common/CMakeFiles/common.dir/aes/aes.c.su
8,static,OQS_AES128_ECB_load_schedule,/home/home/pqc/liboqs/src/common/aes/aes.c,18,6,src/common/CMakeFiles/common.dir/aes/aes.c.su
8,static,OQS_AES128_CTR_inc_init,/home/home/pqc/liboqs/src/common/aes/aes.c,22,6,src/common/CMakeFiles/common.dir/aes/aes.c.su
8,static,OQS_AES128_CTR_inc_iv,/home/home/pqc/liboqs/src/common/aes/aes.c,26,6,src/common/CMakeFiles/common.dir/aes/aes.c.su
8,static,OQS_AES128_CTR_inc_ivu64,/home/home/pqc/liboqs/src/common/aes/aes.c,30,6,src/common/CMakeFiles/common.dir/aes/aes.c.su
8,static,OQS_AES128_free_schedule,/home/home/pqc/liboqs/src/common/aes/aes.c,34,6,src/common/CMakeFiles/common.dir/aes/aes.c.su
8,static,OQS_AES256_ECB_load_schedule,/home/home/pqc/liboqs/src/common/aes/aes.c,38,6,src/common/CMakeFiles/common.dir/aes/aes.c.su
8,static,OQS_AES256_CTR_inc_init,/home/home/pqc/liboqs/src/common/aes/aes.c,42,6,src/common/CMakeFiles/common.dir/aes/aes.c.su
8,static,OQS_AES256_CTR_inc_iv,/home/home/pqc/liboqs/src/common/aes/aes.c,46,6,src/common/CMakeFiles/common.dir/aes/aes.c.su
8,static,OQS_AES256_CTR_inc_ivu64,/home/home/pqc/liboqs/src/common/aes/aes.c,50,6,src/common/CMakeFiles/common.dir/aes/aes.c.su
8,static,OQS_AES256_free_schedule,/home/home/pqc/liboqs/src/common/aes/aes.c,54,6,src/common/CMakeFiles/common.dir/aes/aes.c.su
8,static,OQS_AES128_ECB_enc,/home/home/pqc/liboqs/src/common/aes/aes.c,58,6,src/common/CMakeFiles/common.dir/aes/aes.c.su
8,static,OQS_AES128_ECB_enc_sch,/home/home/pqc/liboqs/src/common/aes/aes.c,62,6,src/common/CMakeFiles/common.dir/aes/aes.c.su
8,static,OQS_AES128_CTR_inc_stream_iv,/home/home/pqc/liboqs/src/common/aes/aes.c,66,6,src/common/CMakeFiles/common.dir/aes/aes.c.su
8,static,OQS_AES256_ECB_enc,/home/home/pqc/liboqs/src/common/aes/aes.c,70,6,src/common/CMakeFiles/common.dir/aes/aes.c.su
8,static,OQS_AES256_ECB_enc_sch,/home/home/pqc/liboqs/src/common/aes/aes.c,74,6,src/common/CMakeFiles/common.dir/aes/aes.c.su
8,static,OQS_AES256_CTR_inc_stream_iv,/home/home/pqc/liboqs/src/common/aes/aes.c,78,6,src/common/CMakeFiles/common.dir/aes/aes.c.su
8,static,OQS_AES256_CTR_inc_stream_blks,/home/home/pqc/liboqs/src/common/aes/aes.c,82,6,src/common/CMakeFiles/common.dir/aes/aes.c.su
8,static,oqs_aes256_load_iv_u64_ni,/home/home/pqc/liboqs/src/common/aes/aes256_ni.c,99,6,src/common/CMakeFiles/common.dir/aes/aes256_ni.c.su
8,static,oqs_aes256_free_schedule_ni,/home/home/pqc/liboqs/src/common/aes/aes256_ni.c,104,6,src/common/CMakeFiles/common.dir/aes/aes256_ni.c.su
8,static,oqs_aes256_enc_sch_block_ni,/home/home/pqc/liboqs/src/common/aes/aes256_ni.c,169,6,src/common/CMakeFiles/common.dir/aes/aes256_ni.c.su
8,static,oqs_aes256_ecb_enc_sch_ni,/home/home/pqc/liboqs/src/common/aes/aes256_ni.c,174,6,src/common/CMakeFiles/common.dir/aes/aes256_ni.c.su
8,static,oqs_aes256_ctr_enc_sch_upd_blks_ni,/home/home/pqc/liboqs/src/common/aes/aes256_ni.c,181,6,src/common/CMakeFiles/common.dir/aes/aes256_ni.c.su
8,static,OQS_AES_init,/home/home/pqc/liboqs/src/common/aes/aes_impl.c,191,6,src/common/CMakeFiles/common.dir/aes/aes_impl.c.su
8,static,br_aes_ct64_skey_expand,/home/home/pqc/liboqs/src/common/aes/aes_c.c,423,13,src/common/CMakeFiles/common.dir/aes/aes_c.c.su
8,static,oqs_aes128_ecb_enc_sch_c,/home/home/pqc/liboqs/src/common/aes/aes_c.c,787,6,src/common/CMakeFiles/common.dir/aes/aes_c.c.su
8,static,oqs_aes128_ctr_enc_sch_c,/home/home/pqc/liboqs/src/common/aes/aes_c.c,793,6,src/common/CMakeFiles/common.dir/aes/aes_c.c.su
8,static,oqs_aes256_ecb_enc_sch_c,/home/home/pqc/liboqs/src/common/aes/aes_c.c,803,6,src/common/CMakeFiles/common.dir/aes/aes_c.c.su
8,static,oqs_aes256_ctr_enc_sch_c,/home/home/pqc/liboqs/src/common/aes/aes_c.c,809,6,src/common/CMakeFiles/common.dir/aes/aes_c.c.su
8,static,oqs_aes128_free_schedule_c,/home/home/pqc/liboqs/src/common/aes/aes_c.c,819,6,src/common/CMakeFiles/common.dir/aes/aes_c.c.su
8,static,oqs_aes256_free_schedule_c,/home/home/pqc/liboqs/src/common/aes/aes_c.c,826,6,src/common/CMakeFiles/common.dir/aes/aes_c.c.su
8,static,oqs_aes256_free_schedule_no_bitslice,/home/home/pqc/liboqs/src/common/aes/aes_c.c,833,6,src/common/CMakeFiles/common.dir/aes/aes_c.c.su
8,static,oqs_aes128_free_schedule_no_bitslice,/home/home/pqc/liboqs/src/common/aes/aes_c.c,839,6,src/common/CMakeFiles/common.dir/aes/aes_c.c.su
8,static,OQS_randombytes_nist_kat_get_state,/home/home/pqc/liboqs/src/common/rand/rand_nist.c,104,6,src/common/CMakeFiles/internal.dir/rand/rand_nist.c.su
8,static,OQS_randombytes_nist_kat_set_state,/home/home/pqc/liboqs/src/common/rand/rand_nist.c,113,6,src/common/CMakeFiles/internal.dir/rand/rand_nist.c.su
8,static,OQS_SHA3_set_callbacks,/home/home/pqc/liboqs/src/common/sha3/sha3.c,11,14,src/common/CMakeFiles/internal.dir/sha3/sha3.c.su
8,static,OQS_SHA3_sha3_256,/home/home/pqc/liboqs/src/common/sha3/sha3.c,15,6,src/common/CMakeFiles/internal.dir/sha3/sha3.c.su
8,static,OQS_SHA3_sha3_256_inc_init,/home/home/pqc/liboqs/src/common/sha3/sha3.c,19,6,src/common/CMakeFiles/internal.dir/sha3/sha3.c.su
8,static,OQS_SHA3_sha3_256_inc_absorb,/home/home/pqc/liboqs/src/common/sha3/sha3.c,23,6,src/common/CMakeFiles/internal.dir/sha3/sha3.c.su
8,static,OQS_SHA3_sha3_256_inc_finalize,/home/home/pqc/liboqs/src/common/sha3/sha3.c,27,6,src/common/CMakeFiles/internal.dir/sha3/sha3.c.su
8,static,OQS_SHA3_sha3_256_inc_ctx_release,/home/home/pqc/liboqs/src/common/sha3/sha3.c,31,6,src/common/CMakeFiles/internal.dir/sha3/sha3.c.su
8,static,OQS_SHA3_sha3_256_inc_ctx_reset,/home/home/pqc/liboqs/src/common/sha3/sha3.c,35,6,src/common/CMakeFiles/internal.dir/sha3/sha3.c.su
8,static,OQS_SHA3_sha3_256_inc_ctx_clone,/home/home/pqc/liboqs/src/common/sha3/sha3.c,39,6,src/common/CMakeFiles/internal.dir/sha3/sha3.c.su
8,static,OQS_SHA3_sha3_384,/home/home/pqc/liboqs/src/common/sha3/sha3.c,43,6,src/common/CMakeFiles/internal.dir/sha3/sha3.c.su
8,static,OQS_SHA3_sha3_384_inc_init,/home/home/pqc/liboqs/src/common/sha3/sha3.c,47,6,src/common/CMakeFiles/internal.dir/sha3/sha3.c.su
8,static,OQS_SHA3_sha3_384_inc_absorb,/home/home/pqc/liboqs/src/common/sha3/sha3.c,51,6,src/common/CMakeFiles/internal.dir/sha3/sha3.c.su
8,static,OQS_SHA3_sha3_384_inc_finalize,/home/home/pqc/liboqs/src/common/sha3/sha3.c,55,6,src/common/CMakeFiles/internal.dir/sha3/sha3.c.su
8,static,OQS_SHA3_sha3_384_inc_ctx_release,/home/home/pqc/liboqs/src/common/sha3/sha3.c,59,6,src/common/CMakeFiles/internal.dir/sha3/sha3.c.su
8,static,OQS_SHA3_sha3_384_inc_ctx_reset,/home/home/pqc/liboqs/src/common/sha3/sha3.c,63,6,src/common/CMakeFiles/internal.dir/sha3/sha3.c.su
8,static,OQS_SHA3_sha3_384_inc_ctx_clone,/home/home/pqc/liboqs/src/common/sha3/sha3.c,67,6,src/common/CMakeFiles/internal.dir/sha3/sha3.c.su
8,static,OQS_SHA3_sha3_512,/home/home/pqc/liboqs/src/common/sha3/sha3.c,71,6,src/common/CMakeFiles/internal.dir/sha3/sha3.c.su
8,static,OQS_SHA3_sha3_512_inc_init,/home/home/pqc/liboqs/src/common/sha3/sha3.c,75,6,src/common/CMakeFiles/internal.dir/sha3/sha3.c.su
8,static,OQS_SHA3_sha3_512_inc_absorb,/home/home/pqc/liboqs/src/common/sha3/sha3.c,79,6,src/common/CMakeFiles/internal.dir/sha3/sha3.c.su
8,static,OQS_SHA3_sha3_512_inc_finalize,/home/home/pqc/liboqs/src/common/sha3/sha3.c,83,6,src/common/CMakeFiles/internal.dir/sha3/sha3.c.su
8,static,OQS_SHA3_sha3_512_inc_ctx_release,/home/home/pqc/liboqs/src/common/sha3/sha3.c,87,6,src/common/CMakeFiles/internal.dir/sha3/sha3.c.su
8,static,OQS_SHA3_sha3_512_inc_ctx_reset,/home/home/pqc/liboqs/src/common/sha3/sha3.c,91,6,src/common/CMakeFiles/internal.dir/sha3/sha3.c.su
8,static,OQS_SHA3_sha3_512_inc_ctx_clone,/home/home/pqc/liboqs/src/common/sha3/sha3.c,95,6,src/common/CMakeFiles/internal.dir/sha3/sha3.c.su
8,static,OQS_SHA3_shake128,/home/home/pqc/liboqs/src/common/sha3/sha3.c,99,6,src/common/CMakeFiles/internal.dir/sha3/sha3.c.su
8,static,OQS_SHA3_shake128_inc_init,/home/home/pqc/liboqs/src/common/sha3/sha3.c,103,6,src/common/CMakeFiles/internal.dir/sha3/sha3.c.su
8,static,OQS_SHA3_shake128_inc_absorb,/home/home/pqc/liboqs/src/common/sha3/sha3.c,107,6,src/common/CMakeFiles/internal.dir/sha3/sha3.c.su
8,static,OQS_SHA3_shake128_inc_finalize,/home/home/pqc/liboqs/src/common/sha3/sha3.c,111,6,src/common/CMakeFiles/internal.dir/sha3/sha3.c.su
8,static,OQS_SHA3_shake128_inc_squeeze,/home/home/pqc/liboqs/src/common/sha3/sha3.c,115,6,src/common/CMakeFiles/internal.dir/sha3/sha3.c.su
8,static,OQS_SHA3_shake128_inc_ctx_release,/home/home/pqc/liboqs/src/common/sha3/sha3.c,119,6,src/common/CMakeFiles/internal.dir/sha3/sha3.c.su
8,static,OQS_SHA3_shake128_inc_ctx_clone,/home/home/pqc/liboqs/src/common/sha3/sha3.c,123,6,src/common/CMakeFiles/internal.dir/sha3/sha3.c.su
8,static,OQS_SHA3_shake128_inc_ctx_reset,/home/home/pqc/liboqs/src/common/sha3/sha3.c,127,6,src/common/CMakeFiles/internal.dir/sha3/sha3.c.su
8,static,OQS_SHA3_shake256,/home/home/pqc/liboqs/src/common/sha3/sha3.c,131,6,src/common/CMakeFiles/internal.dir/sha3/sha3.c.su
8,static,OQS_SHA3_shake256_inc_init,/home/home/pqc/liboqs/src/common/sha3/sha3.c,135,6,src/common/CMakeFiles/internal.dir/sha3/sha3.c.su
8,static,OQS_SHA3_shake256_inc_absorb,/home/home/pqc/liboqs/src/common/sha3/sha3.c,139,6,src/common/CMakeFiles/internal.dir/sha3/sha3.c.su
8,static,OQS_SHA3_shake256_inc_finalize,/home/home/pqc/liboqs/src/common/sha3/sha3.c,143,6,src/common/CMakeFiles/internal.dir/sha3/sha3.c.su
8,static,OQS_SHA3_shake256_inc_squeeze,/home/home/pqc/liboqs/src/common/sha3/sha3.c,147,6,src/common/CMakeFiles/internal.dir/sha3/sha3.c.su
8,static,OQS_SHA3_shake256_inc_ctx_release,/home/home/pqc/liboqs/src/common/sha3/sha3.c,151,6,src/common/CMakeFiles/internal.dir/sha3/sha3.c.su
8,static,OQS_SHA3_shake256_inc_ctx_clone,/home/home/pqc/liboqs/src/common/sha3/sha3.c,155,6,src/common/CMakeFiles/internal.dir/sha3/sha3.c.su
8,static,OQS_SHA3_shake256_inc_ctx_reset,/home/home/pqc/liboqs/src/common/sha3/sha3.c,159,6,src/common/CMakeFiles/internal.dir/sha3/sha3.c.su
8,static,SHA3_shake256_x4_inc_ctx_clone,/home/home/pqc/liboqs/src/common/sha3/xkcp_sha3x4.c,238,13,src/common/CMakeFiles/internal.dir/sha3/xkcp_sha3x4.c.su
8,static,SHA3_shake128_x4_inc_ctx_clone,/home/home/pqc/liboqs/src/common/sha3/xkcp_sha3x4.c,195,13,src/common/CMakeFiles/internal.dir/sha3/xkcp_sha3x4.c.su
8,static,SHA3_shake256_x4_inc_ctx_release,/home/home/pqc/liboqs/src/common/sha3/xkcp_sha3x4.c,242,13,src/common/CMakeFiles/internal.dir/sha3/xkcp_sha3x4.c.su
8,static,SHA3_shake128_x4_inc_ctx_release,/home/home/pqc/liboqs/src/common/sha3/xkcp_sha3x4.c,199,13,src/common/CMakeFiles/internal.dir/sha3/xkcp_sha3x4.c.su
8,static,SHA3_shake256_x4_inc_finalize,/home/home/pqc/liboqs/src/common/sha3/xkcp_sha3x4.c,230,13,src/common/CMakeFiles/internal.dir/sha3/xkcp_sha3x4.c.su
8,static,SHA3_shake128_x4_inc_finalize,/home/home/pqc/liboqs/src/common/sha3/xkcp_sha3x4.c,187,13,src/common/CMakeFiles/internal.dir/sha3/xkcp_sha3x4.c.su
8,static,SHA3_shake256_x4_inc_ctx_clone_avx512vl,/home/home/pqc/liboqs/src/common/sha3/avx512vl_sha3x4.c,105,1,src/common/CMakeFiles/internal.dir/sha3/avx512vl_sha3x4.c.su
8,static,SHA3_shake128_x4_inc_ctx_clone_avx512vl,/home/home/pqc/liboqs/src/common/sha3/avx512vl_sha3x4.c,60,1,src/common/CMakeFiles/internal.dir/sha3/avx512vl_sha3x4.c.su
8,static,SHA3_shake256_inc_ctx_clone_avx512vl,/home/home/pqc/liboqs/src/common/sha3/avx512vl_sha3.c,199,1,src/common/CMakeFiles/internal.dir/sha3/avx512vl_sha3.c.su
8,static,SHA3_shake128_inc_ctx_clone_avx512vl,/home/home/pqc/liboqs/src/common/sha3/avx512vl_sha3.c,172,1,src/common/CMakeFiles/internal.dir/sha3/avx512vl_sha3.c.su
8,static,SHA3_sha3_512_inc_ctx_clone_avx512vl,/home/home/pqc/liboqs/src/common/sha3/avx512vl_sha3.c,157,1,src/common/CMakeFiles/internal.dir/sha3/avx512vl_sha3.c.su
8,static,SHA3_sha3_384_inc_ctx_clone_avx512vl,/home/home/pqc/liboqs/src/common/sha3/avx512vl_sha3.c,136,1,src/common/CMakeFiles/internal.dir/sha3/avx512vl_sha3.c.su
8,static,SHA3_sha3_256_inc_ctx_clone_avx512vl,/home/home/pqc/liboqs/src/common/sha3/avx512vl_sha3.c,115,1,src/common/CMakeFiles/internal.dir/sha3/avx512vl_sha3.c.su
8,static,OQS_SHA3_x4_set_callbacks,/home/home/pqc/liboqs/src/common/sha3/sha3x4.c,11,14,src/common/CMakeFiles/internal.dir/sha3/sha3x4.c.su
8,static,OQS_SHA3_shake128_x4,/home/home/pqc/liboqs/src/common/sha3/sha3x4.c,15,6,src/common/CMakeFiles/internal.dir/sha3/sha3x4.c.su
8,static,OQS_SHA3_shake128_x4_inc_init,/home/home/pqc/liboqs/src/common/sha3/sha3x4.c,19,6,src/common/CMakeFiles/internal.dir/sha3/sha3x4.c.su
8,static,OQS_SHA3_shake128_x4_inc_absorb,/home/home/pqc/liboqs/src/common/sha3/sha3x4.c,23,6,src/common/CMakeFiles/internal.dir/sha3/sha3x4.c.su
8,static,OQS_SHA3_shake128_x4_inc_finalize,/home/home/pqc/liboqs/src/common/sha3/sha3x4.c,27,6,src/common/CMakeFiles/internal.dir/sha3/sha3x4.c.su
8,static,OQS_SHA3_shake128_x4_inc_squeeze,/home/home/pqc/liboqs/src/common/sha3/sha3x4.c,31,6,src/common/CMakeFiles/internal.dir/sha3/sha3x4.c.su
8,static,OQS_SHA3_shake128_x4_inc_ctx_release,/home/home/pqc/liboqs/src/common/sha3/sha3x4.c,35,6,src/common/CMakeFiles/internal.dir/sha3/sha3x4.c.su
8,static,OQS_SHA3_shake128_x4_inc_ctx_clone,/home/home/pqc/liboqs/src/common/sha3/sha3x4.c,39,6,src/common/CMakeFiles/internal.dir/sha3/sha3x4.c.su
8,static,OQS_SHA3_shake128_x4_inc_ctx_reset,/home/home/pqc/liboqs/src/common/sha3/sha3x4.c,43,6,src/common/CMakeFiles/internal.dir/sha3/sha3x4.c.su
8,static,OQS_SHA3_shake256_x4,/home/home/pqc/liboqs/src/common/sha3/sha3x4.c,47,6,src/common/CMakeFiles/internal.dir/sha3/sha3x4.c.su
8,static,OQS_SHA3_shake256_x4_inc_init,/home/home/pqc/liboqs/src/common/sha3/sha3x4.c,51,6,src/common/CMakeFiles/internal.dir/sha3/sha3x4.c.su
8,static,OQS_SHA3_shake256_x4_inc_absorb,/home/home/pqc/liboqs/src/common/sha3/sha3x4.c,55,6,src/common/CMakeFiles/internal.dir/sha3/sha3x4.c.su
8,static,OQS_SHA3_shake256_x4_inc_finalize,/home/home/pqc/liboqs/src/common/sha3/sha3x4.c,59,6,src/common/CMakeFiles/internal.dir/sha3/sha3x4.c.su
8,static,OQS_SHA3_shake256_x4_inc_squeeze,/home/home/pqc/liboqs/src/common/sha3/sha3x4.c,63,6,src/common/CMakeFiles/internal.dir/sha3/sha3x4.c.su
8,static,OQS_SHA3_shake256_x4_inc_ctx_release,/home/home/pqc/liboqs/src/common/sha3/sha3x4.c,67,6,src/common/CMakeFiles/internal.dir/sha3/sha3x4.c.su
8,static,OQS_SHA3_shake256_x4_inc_ctx_clone,/home/home/pqc/liboqs/src/common/sha3/sha3x4.c,71,6,src/common/CMakeFiles/internal.dir/sha3/sha3x4.c.su
8,static,OQS_SHA3_shake256_x4_inc_ctx_reset,/home/home/pqc/liboqs/src/common/sha3/sha3x4.c,75,6,src/common/CMakeFiles/internal.dir/sha3/sha3x4.c.su
8,static,SHA3_sha3_256_inc_absorb,/home/home/pqc/liboqs/src/common/sha3/xkcp_sha3.c,217,13,src/common/CMakeFiles/internal.dir/sha3/xkcp_sha3.c.su
8,static,SHA3_sha3_384_inc_absorb,/home/home/pqc/liboqs/src/common/sha3/xkcp_sha3.c,253,13,src/common/CMakeFiles/internal.dir/sha3/xkcp_sha3.c.su
8,static,SHA3_sha3_512_inc_absorb,/home/home/pqc/liboqs/src/common/sha3/xkcp_sha3.c,290,13,src/common/CMakeFiles/internal.dir/sha3/xkcp_sha3.c.su
8,static,SHA3_shake128_inc_absorb,/home/home/pqc/liboqs/src/common/sha3/xkcp_sha3.c,330,13,src/common/CMakeFiles/internal.dir/sha3/xkcp_sha3.c.su
8,static,SHA3_shake128_inc_squeeze,/home/home/pqc/liboqs/src/common/sha3/xkcp_sha3.c,338,13,src/common/CMakeFiles/internal.dir/sha3/xkcp_sha3.c.su
8,static,SHA3_shake256_inc_absorb,/home/home/pqc/liboqs/src/common/sha3/xkcp_sha3.c,373,13,src/common/CMakeFiles/internal.dir/sha3/xkcp_sha3.c.su
8,static,SHA3_shake256_inc_squeeze,/home/home/pqc/liboqs/src/common/sha3/xkcp_sha3.c,381,13,src/common/CMakeFiles/internal.dir/sha3/xkcp_sha3.c.su
8,static,SHA3_shake256_inc_ctx_clone,/home/home/pqc/liboqs/src/common/sha3/xkcp_sha3.c,389,13,src/common/CMakeFiles/internal.dir/sha3/xkcp_sha3.c.su
8,static,SHA3_shake128_inc_ctx_clone,/home/home/pqc/liboqs/src/common/sha3/xkcp_sha3.c,342,13,src/common/CMakeFiles/internal.dir/sha3/xkcp_sha3.c.su
8,static,SHA3_sha3_512_inc_ctx_clone,/home/home/pqc/liboqs/src/common/sha3/xkcp_sha3.c,303,13,src/common/CMakeFiles/internal.dir/sha3/xkcp_sha3.c.su
8,static,SHA3_sha3_384_inc_ctx_clone,/home/home/pqc/liboqs/src/common/sha3/xkcp_sha3.c,266,13,src/common/CMakeFiles/internal.dir/sha3/xkcp_sha3.c.su
8,static,SHA3_sha3_256_inc_ctx_clone,/home/home/pqc/liboqs/src/common/sha3/xkcp_sha3.c,230,13,src/common/CMakeFiles/internal.dir/sha3/xkcp_sha3.c.su
8,static,SHA3_shake256_inc_ctx_release,/home/home/pqc/liboqs/src/common/sha3/xkcp_sha3.c,385,13,src/common/CMakeFiles/internal.dir/sha3/xkcp_sha3.c.su
8,static,SHA3_shake128_inc_ctx_release,/home/home/pqc/liboqs/src/common/sha3/xkcp_sha3.c,346,13,src/common/CMakeFiles/internal.dir/sha3/xkcp_sha3.c.su
8,static,SHA3_sha3_512_inc_ctx_release,/home/home/pqc/liboqs/src/common/sha3/xkcp_sha3.c,299,13,src/common/CMakeFiles/internal.dir/sha3/xkcp_sha3.c.su
8,static,SHA3_sha3_384_inc_ctx_release,/home/home/pqc/liboqs/src/common/sha3/xkcp_sha3.c,262,13,src/common/CMakeFiles/internal.dir/sha3/xkcp_sha3.c.su
8,static,SHA3_sha3_256_inc_ctx_release,/home/home/pqc/liboqs/src/common/sha3/xkcp_sha3.c,226,13,src/common/CMakeFiles/internal.dir/sha3/xkcp_sha3.c.su
8,static,OQS_SHA2_set_callbacks,/home/home/pqc/liboqs/src/common/sha2/sha2.c,9,14,src/common/CMakeFiles/internal.dir/sha2/sha2.c.su
8,static,OQS_SHA2_sha256_inc_init,/home/home/pqc/liboqs/src/common/sha2/sha2.c,13,6,src/common/CMakeFiles/internal.dir/sha2/sha2.c.su
8,static,OQS_SHA2_sha256_inc_ctx_clone,/home/home/pqc/liboqs/src/common/sha2/sha2.c,17,6,src/common/CMakeFiles/internal.dir/sha2/sha2.c.su
8,static,OQS_SHA2_sha256_inc_blocks,/home/home/pqc/liboqs/src/common/sha2/sha2.c,21,6,src/common/CMakeFiles/internal.dir/sha2/sha2.c.su
8,static,OQS_SHA2_sha256_inc,/home/home/pqc/liboqs/src/common/sha2/sha2.c,25,6,src/common/CMakeFiles/internal.dir/sha2/sha2.c.su
8,static,OQS_SHA2_sha256_inc_finalize,/home/home/pqc/liboqs/src/common/sha2/sha2.c,29,6,src/common/CMakeFiles/internal.dir/sha2/sha2.c.su
8,static,OQS_SHA2_sha256_inc_ctx_release,/home/home/pqc/liboqs/src/common/sha2/sha2.c,33,6,src/common/CMakeFiles/internal.dir/sha2/sha2.c.su
8,static,OQS_SHA2_sha384_inc_init,/home/home/pqc/liboqs/src/common/sha2/sha2.c,37,6,src/common/CMakeFiles/internal.dir/sha2/sha2.c.su
8,static,OQS_SHA2_sha384_inc_ctx_clone,/home/home/pqc/liboqs/src/common/sha2/sha2.c,41,6,src/common/CMakeFiles/internal.dir/sha2/sha2.c.su
8,static,OQS_SHA2_sha384_inc_blocks,/home/home/pqc/liboqs/src/common/sha2/sha2.c,45,6,src/common/CMakeFiles/internal.dir/sha2/sha2.c.su
8,static,OQS_SHA2_sha384_inc_finalize,/home/home/pqc/liboqs/src/common/sha2/sha2.c,49,6,src/common/CMakeFiles/internal.dir/sha2/sha2.c.su
8,static,OQS_SHA2_sha384_inc_ctx_release,/home/home/pqc/liboqs/src/common/sha2/sha2.c,53,6,src/common/CMakeFiles/internal.dir/sha2/sha2.c.su
8,static,OQS_SHA2_sha512_inc_init,/home/home/pqc/liboqs/src/common/sha2/sha2.c,57,6,src/common/CMakeFiles/internal.dir/sha2/sha2.c.su
8,static,OQS_SHA2_sha512_inc_ctx_clone,/home/home/pqc/liboqs/src/common/sha2/sha2.c,61,6,src/common/CMakeFiles/internal.dir/sha2/sha2.c.su
8,static,OQS_SHA2_sha512_inc_blocks,/home/home/pqc/liboqs/src/common/sha2/sha2.c,65,6,src/common/CMakeFiles/internal.dir/sha2/sha2.c.su
8,static,OQS_SHA2_sha512_inc_finalize,/home/home/pqc/liboqs/src/common/sha2/sha2.c,69,6,src/common/CMakeFiles/internal.dir/sha2/sha2.c.su
8,static,OQS_SHA2_sha512_inc_ctx_release,/home/home/pqc/liboqs/src/common/sha2/sha2.c,73,6,src/common/CMakeFiles/internal.dir/sha2/sha2.c.su
8,static,OQS_SHA2_sha256,/home/home/pqc/liboqs/src/common/sha2/sha2.c,77,6,src/common/CMakeFiles/internal.dir/sha2/sha2.c.su
8,static,OQS_SHA2_sha384,/home/home/pqc/liboqs/src/common/sha2/sha2.c,81,6,src/common/CMakeFiles/internal.dir/sha2/sha2.c.su
8,static,OQS_SHA2_sha512,/home/home/pqc/liboqs/src/common/sha2/sha2.c,85,6,src/common/CMakeFiles/internal.dir/sha2/sha2.c.su
8,static,load_bigendian_64,/home/home/pqc/liboqs/src/common/sha2/sha2_c.c,24,17,src/common/CMakeFiles/internal.dir/sha2/sha2_c.c.su
8,static,oqs_sha2_sha224_inc_ctx_release_c,/home/home/pqc/liboqs/src/common/sha2/sha2_c.c,590,6,src/common/CMakeFiles/internal.dir/sha2/sha2_c.c.su
8,static,oqs_sha2_sha256_inc_ctx_release_c,/home/home/pqc/liboqs/src/common/sha2/sha2_c.c,595,6,src/common/CMakeFiles/internal.dir/sha2/sha2_c.c.su
8,static,oqs_sha2_sha384_inc_ctx_release_c,/home/home/pqc/liboqs/src/common/sha2/sha2_c.c,600,6,src/common/CMakeFiles/internal.dir/sha2/sha2_c.c.su
8,static,oqs_sha2_sha512_inc_ctx_release_c,/home/home/pqc/liboqs/src/common/sha2/sha2_c.c,605,6,src/common/CMakeFiles/internal.dir/sha2/sha2_c.c.su
8,static,oqs_sha2_sha224_inc_blocks_c,/home/home/pqc/liboqs/src/common/sha2/sha2_c.c,666,6,src/common/CMakeFiles/internal.dir/sha2/sha2_c.c.su
8,static,oqs_sha2_sha384_inc_blocks_c,/home/home/pqc/liboqs/src/common/sha2/sha2_c.c,679,6,src/common/CMakeFiles/internal.dir/sha2/sha2_c.c.su
8,static,SHA2_sha512_inc_ctx_release,/home/home/pqc/liboqs/src/common/sha2/sha2_impl.c,92,13,src/common/CMakeFiles/internal.dir/sha2/sha2_impl.c.su
8,static,SHA2_sha512_inc_finalize,/home/home/pqc/liboqs/src/common/sha2/sha2_impl.c,88,13,src/common/CMakeFiles/internal.dir/sha2/sha2_impl.c.su
8,static,SHA2_sha512_inc_blocks,/home/home/pqc/liboqs/src/common/sha2/sha2_impl.c,84,13,src/common/CMakeFiles/internal.dir/sha2/sha2_impl.c.su
8,static,SHA2_sha512_inc_ctx_clone,/home/home/pqc/liboqs/src/common/sha2/sha2_impl.c,80,13,src/common/CMakeFiles/internal.dir/sha2/sha2_impl.c.su
8,static,SHA2_sha512_inc_init,/home/home/pqc/liboqs/src/common/sha2/sha2_impl.c,76,13,src/common/CMakeFiles/internal.dir/sha2/sha2_impl.c.su
8,static,SHA2_sha512,/home/home/pqc/liboqs/src/common/sha2/sha2_impl.c,107,13,src/common/CMakeFiles/internal.dir/sha2/sha2_impl.c.su
8,static,SHA2_sha384_inc_ctx_release,/home/home/pqc/liboqs/src/common/sha2/sha2_impl.c,72,13,src/common/CMakeFiles/internal.dir/sha2/sha2_impl.c.su
8,static,SHA2_sha384_inc_finalize,/home/home/pqc/liboqs/src/common/sha2/sha2_impl.c,68,13,src/common/CMakeFiles/internal.dir/sha2/sha2_impl.c.su
8,static,SHA2_sha384_inc_blocks,/home/home/pqc/liboqs/src/common/sha2/sha2_impl.c,64,13,src/common/CMakeFiles/internal.dir/sha2/sha2_impl.c.su
8,static,SHA2_sha384_inc_ctx_clone,/home/home/pqc/liboqs/src/common/sha2/sha2_impl.c,60,13,src/common/CMakeFiles/internal.dir/sha2/sha2_impl.c.su
8,static,SHA2_sha384_inc_init,/home/home/pqc/liboqs/src/common/sha2/sha2_impl.c,56,13,src/common/CMakeFiles/internal.dir/sha2/sha2_impl.c.su
8,static,SHA2_sha384,/home/home/pqc/liboqs/src/common/sha2/sha2_impl.c,103,13,src/common/CMakeFiles/internal.dir/sha2/sha2_impl.c.su
8,static,SHA2_sha256_inc_ctx_release,/home/home/pqc/liboqs/src/common/sha2/sha2_impl.c,52,13,src/common/CMakeFiles/internal.dir/sha2/sha2_impl.c.su
8,static,SHA2_sha256_inc_finalize,/home/home/pqc/liboqs/src/common/sha2/sha2_impl.c,48,13,src/common/CMakeFiles/internal.dir/sha2/sha2_impl.c.su
8,static,SHA2_sha256_inc_blocks,/home/home/pqc/liboqs/src/common/sha2/sha2_impl.c,41,13,src/common/CMakeFiles/internal.dir/sha2/sha2_impl.c.su
8,static,SHA2_sha256_inc,/home/home/pqc/liboqs/src/common/sha2/sha2_impl.c,34,13,src/common/CMakeFiles/internal.dir/sha2/sha2_impl.c.su
8,static,SHA2_sha256_inc_ctx_clone,/home/home/pqc/liboqs/src/common/sha2/sha2_impl.c,30,13,src/common/CMakeFiles/internal.dir/sha2/sha2_impl.c.su
8,static,SHA2_sha256_inc_init,/home/home/pqc/liboqs/src/common/sha2/sha2_impl.c,26,13,src/common/CMakeFiles/internal.dir/sha2/sha2_impl.c.su
8,static,SHA2_sha256,/home/home/pqc/liboqs/src/common/sha2/sha2_impl.c,96,13,src/common/CMakeFiles/internal.dir/sha2/sha2_impl.c.su
8,static,oqs_aes128_load_iv_u64_ni,/home/home/pqc/liboqs/src/common/aes/aes128_ni.c,72,6,src/common/CMakeFiles/internal.dir/aes/aes128_ni.c.su
8,static,oqs_aes128_free_schedule_ni,/home/home/pqc/liboqs/src/common/aes/aes128_ni.c,77,6,src/common/CMakeFiles/internal.dir/aes/aes128_ni.c.su
8,static,oqs_aes128_enc_sch_block_ni,/home/home/pqc/liboqs/src/common/aes/aes128_ni.c,135,6,src/common/CMakeFiles/internal.dir/aes/aes128_ni.c.su
8,static,oqs_aes128_ctr_enc_sch_upd_blks_ni,/home/home/pqc/liboqs/src/common/aes/aes128_ni.c,147,6,src/common/CMakeFiles/internal.dir/aes/aes128_ni.c.su
8,static,OQS_AES_set_callbacks,/home/home/pqc/liboqs/src/common/aes/aes.c,14,14,src/common/CMakeFiles/internal.dir/aes/aes.c.su
8,static,OQS_AES128_ECB_load_schedule,/home/home/pqc/liboqs/src/common/aes/aes.c,18,6,src/common/CMakeFiles/internal.dir/aes/aes.c.su
8,static,OQS_AES128_CTR_inc_init,/home/home/pqc/liboqs/src/common/aes/aes.c,22,6,src/common/CMakeFiles/internal.dir/aes/aes.c.su
8,static,OQS_AES128_CTR_inc_iv,/home/home/pqc/liboqs/src/common/aes/aes.c,26,6,src/common/CMakeFiles/internal.dir/aes/aes.c.su
8,static,OQS_AES128_CTR_inc_ivu64,/home/home/pqc/liboqs/src/common/aes/aes.c,30,6,src/common/CMakeFiles/internal.dir/aes/aes.c.su
8,static,OQS_AES128_free_schedule,/home/home/pqc/liboqs/src/common/aes/aes.c,34,6,src/common/CMakeFiles/internal.dir/aes/aes.c.su
8,static,OQS_AES256_ECB_load_schedule,/home/home/pqc/liboqs/src/common/aes/aes.c,38,6,src/common/CMakeFiles/internal.dir/aes/aes.c.su
8,static,OQS_AES256_CTR_inc_init,/home/home/pqc/liboqs/src/common/aes/aes.c,42,6,src/common/CMakeFiles/internal.dir/aes/aes.c.su
8,static,OQS_AES256_CTR_inc_iv,/home/home/pqc/liboqs/src/common/aes/aes.c,46,6,src/common/CMakeFiles/internal.dir/aes/aes.c.su
8,static,OQS_AES256_CTR_inc_ivu64,/home/home/pqc/liboqs/src/common/aes/aes.c,50,6,src/common/CMakeFiles/internal.dir/aes/aes.c.su
8,static,OQS_AES256_free_schedule,/home/home/pqc/liboqs/src/common/aes/aes.c,54,6,src/common/CMakeFiles/internal.dir/aes/aes.c.su
8,static,OQS_AES128_ECB_enc,/home/home/pqc/liboqs/src/common/aes/aes.c,58,6,src/common/CMakeFiles/internal.dir/aes/aes.c.su
8,static,OQS_AES128_ECB_enc_sch,/home/home/pqc/liboqs/src/common/aes/aes.c,62,6,src/common/CMakeFiles/internal.dir/aes/aes.c.su
8,static,OQS_AES128_CTR_inc_stream_iv,/home/home/pqc/liboqs/src/common/aes/aes.c,66,6,src/common/CMakeFiles/internal.dir/aes/aes.c.su
8,static,OQS_AES256_ECB_enc,/home/home/pqc/liboqs/src/common/aes/aes.c,70,6,src/common/CMakeFiles/internal.dir/aes/aes.c.su
8,static,OQS_AES256_ECB_enc_sch,/home/home/pqc/liboqs/src/common/aes/aes.c,74,6,src/common/CMakeFiles/internal.dir/aes/aes.c.su
8,static,OQS_AES256_CTR_inc_stream_iv,/home/home/pqc/liboqs/src/common/aes/aes.c,78,6,src/common/CMakeFiles/internal.dir/aes/aes.c.su
8,static,OQS_AES256_CTR_inc_stream_blks,/home/home/pqc/liboqs/src/common/aes/aes.c,82,6,src/common/CMakeFiles/internal.dir/aes/aes.c.su
8,static,oqs_aes256_load_iv_u64_ni,/home/home/pqc/liboqs/src/common/aes/aes256_ni.c,99,6,src/common/CMakeFiles/internal.dir/aes/aes256_ni.c.su
8,static,oqs_aes256_free_schedule_ni,/home/home/pqc/liboqs/src/common/aes/aes256_ni.c,104,6,src/common/CMakeFiles/internal.dir/aes/aes256_ni.c.su
8,static,oqs_aes256_enc_sch_block_ni,/home/home/pqc/liboqs/src/common/aes/aes256_ni.c,169,6,src/common/CMakeFiles/internal.dir/aes/aes256_ni.c.su
8,static,oqs_aes256_ctr_enc_sch_upd_blks_ni,/home/home/pqc/liboqs/src/common/aes/aes256_ni.c,181,6,src/common/CMakeFiles/internal.dir/aes/aes256_ni.c.su
8,static,OQS_AES_init,/home/home/pqc/liboqs/src/common/aes/aes_impl.c,191,6,src/common/CMakeFiles/internal.dir/aes/aes_impl.c.su
8,static,br_aes_ct64_skey_expand,/home/home/pqc/liboqs/src/common/aes/aes_c.c,423,13,src/common/CMakeFiles/internal.dir/aes/aes_c.c.su
8,static,oqs_aes128_ecb_enc_sch_c,/home/home/pqc/liboqs/src/common/aes/aes_c.c,787,6,src/common/CMakeFiles/internal.dir/aes/aes_c.c.su
8,static,oqs_aes128_ctr_enc_sch_c,/home/home/pqc/liboqs/src/common/aes/aes_c.c,793,6,src/common/CMakeFiles/internal.dir/aes/aes_c.c.su
8,static,oqs_aes256_ecb_enc_sch_c,/home/home/pqc/liboqs/src/common/aes/aes_c.c,803,6,src/common/CMakeFiles/internal.dir/aes/aes_c.c.su
8,static,oqs_aes256_ctr_enc_sch_c,/home/home/pqc/liboqs/src/common/aes/aes_c.c,809,6,src/common/CMakeFiles/internal.dir/aes/aes_c.c.su
8,static,oqs_aes128_free_schedule_c,/home/home/pqc/liboqs/src/common/aes/aes_c.c,819,6,src/common/CMakeFiles/internal.dir/aes/aes_c.c.su
8,static,oqs_aes256_free_schedule_c,/home/home/pqc/liboqs/src/common/aes/aes_c.c,826,6,src/common/CMakeFiles/internal.dir/aes/aes_c.c.su
8,static,oqs_aes256_free_schedule_no_bitslice,/home/home/pqc/liboqs/src/common/aes/aes_c.c,833,6,src/common/CMakeFiles/internal.dir/aes/aes_c.c.su
8,static,oqs_aes128_free_schedule_no_bitslice,/home/home/pqc/liboqs/src/common/aes/aes_c.c,839,6,src/common/CMakeFiles/internal.dir/aes/aes_c.c.su
8,static,KeccakP1600_StaticInitialize_plain64,/home/home/pqc/liboqs/src/common/sha3/xkcp_low/KeccakP-1600/plain-64bits/KeccakP-1600-opt64.c,81,6,src/common/sha3/xkcp_low/CMakeFiles/xkcp_low_keccakp_1600_plain64.dir/KeccakP-1600/plain-64bits/KeccakP-1600-opt64.c.su
8,static,KeccakP1600_Initialize_plain64,/home/home/pqc/liboqs/src/common/sha3/xkcp_low/KeccakP-1600/plain-64bits/KeccakP-1600-opt64.c,85,6,src/common/sha3/xkcp_low/CMakeFiles/xkcp_low_keccakp_1600_plain64.dir/KeccakP-1600/plain-64bits/KeccakP-1600-opt64.c.su
8,static,KeccakP1600_AddLanes,/home/home/pqc/liboqs/src/common/sha3/xkcp_low/KeccakP-1600/plain-64bits/KeccakP-1600-opt64.c,122,6,src/common/sha3/xkcp_low/CMakeFiles/xkcp_low_keccakp_1600_plain64.dir/KeccakP-1600/plain-64bits/KeccakP-1600-opt64.c.su
8,static,KeccakP1600_AddByte_plain64,/home/home/pqc/liboqs/src/common/sha3/xkcp_low/KeccakP-1600/plain-64bits/KeccakP-1600-opt64.c,176,6,src/common/sha3/xkcp_low/CMakeFiles/xkcp_low_keccakp_1600_plain64.dir/KeccakP-1600/plain-64bits/KeccakP-1600-opt64.c.su
8,static,KeccakP1600_OverwriteBytesInLane,/home/home/pqc/liboqs/src/common/sha3/xkcp_low/KeccakP-1600/plain-64bits/KeccakP-1600-opt64.c,195,6,src/common/sha3/xkcp_low/CMakeFiles/xkcp_low_keccakp_1600_plain64.dir/KeccakP-1600/plain-64bits/KeccakP-1600-opt64.c.su
8,static,KeccakP1600_OverwriteLanes,/home/home/pqc/liboqs/src/common/sha3/xkcp_low/KeccakP-1600/plain-64bits/KeccakP-1600-opt64.c,222,6,src/common/sha3/xkcp_low/CMakeFiles/xkcp_low_keccakp_1600_plain64.dir/KeccakP-1600/plain-64bits/KeccakP-1600-opt64.c.su
8,static,KeccakP1600_OverwriteWithZeroes_plain64,/home/home/pqc/liboqs/src/common/sha3/xkcp_low/KeccakP-1600/plain-64bits/KeccakP-1600-opt64.c,261,6,src/common/sha3/xkcp_low/CMakeFiles/xkcp_low_keccakp_1600_plain64.dir/KeccakP-1600/plain-64bits/KeccakP-1600-opt64.c.su
8,static,KeccakP1600_ExtractAndAddLanes,/home/home/pqc/liboqs/src/common/sha3/xkcp_low/KeccakP-1600/plain-64bits/KeccakP-1600-opt64.c,436,6,src/common/sha3/xkcp_low/CMakeFiles/xkcp_low_keccakp_1600_plain64.dir/KeccakP-1600/plain-64bits/KeccakP-1600-opt64.c.su
8,static,KeccakP1600times4_StaticInitialize_serial,/home/home/pqc/liboqs/src/common/sha3/xkcp_low/KeccakP-1600times4/serial/PlSnP-Fallback.inc,74,6,src/common/sha3/xkcp_low/CMakeFiles/xkcp_low_keccakp_1600times4_serial.dir/KeccakP-1600times4/serial/KeccakP-1600-times4-on1.c.su
8,static,KeccakP1600times4_AddByte_serial,/home/home/pqc/liboqs/src/common/sha3/xkcp_low/KeccakP-1600times4/serial/PlSnP-Fallback.inc,91,6,src/common/sha3/xkcp_low/CMakeFiles/xkcp_low_keccakp_1600times4_serial.dir/KeccakP-1600times4/serial/KeccakP-1600-times4-on1.c.su
8,static,KeccakP1600times4_AddBytes_serial,/home/home/pqc/liboqs/src/common/sha3/xkcp_low/KeccakP-1600times4/serial/PlSnP-Fallback.inc,100,6,src/common/sha3/xkcp_low/CMakeFiles/xkcp_low_keccakp_1600times4_serial.dir/KeccakP-1600times4/serial/KeccakP-1600-times4-on1.c.su
8,static,KeccakP1600times4_OverwriteBytes_serial,/home/home/pqc/liboqs/src/common/sha3/xkcp_low/KeccakP-1600times4/serial/PlSnP-Fallback.inc,123,6,src/common/sha3/xkcp_low/CMakeFiles/xkcp_low_keccakp_1600times4_serial.dir/KeccakP-1600times4/serial/KeccakP-1600-times4-on1.c.su
8,static,KeccakP1600times4_OverwriteWithZeroes_serial,/home/home/pqc/liboqs/src/common/sha3/xkcp_low/KeccakP-1600times4/serial/PlSnP-Fallback.inc,146,6,src/common/sha3/xkcp_low/CMakeFiles/xkcp_low_keccakp_1600times4_serial.dir/KeccakP-1600times4/serial/KeccakP-1600-times4-on1.c.su
8,static,KeccakP1600times4_ExtractBytes_serial,/home/home/pqc/liboqs/src/common/sha3/xkcp_low/KeccakP-1600times4/serial/PlSnP-Fallback.inc,213,6,src/common/sha3/xkcp_low/CMakeFiles/xkcp_low_keccakp_1600times4_serial.dir/KeccakP-1600times4/serial/KeccakP-1600-times4-on1.c.su
8,static,KeccakP1600times4_ExtractAndAddBytes_serial,/home/home/pqc/liboqs/src/common/sha3/xkcp_low/KeccakP-1600times4/serial/PlSnP-Fallback.inc,236,6,src/common/sha3/xkcp_low/CMakeFiles/xkcp_low_keccakp_1600times4_serial.dir/KeccakP-1600times4/serial/KeccakP-1600-times4-on1.c.su
8,static,KeccakP1600times4_InitializeAll_avx2,/home/home/pqc/liboqs/src/common/sha3/xkcp_low/KeccakP-1600times4/avx2/KeccakP-1600-times4-SIMD256.c,108,6,src/common/sha3/xkcp_low/CMakeFiles/xkcp_low_keccakp_1600times4_avx2.dir/KeccakP-1600times4/avx2/KeccakP-1600-times4-SIMD256.c.su
8,static,KeccakP1600times4_AddByte_avx2,/home/home/pqc/liboqs/src/common/sha3/xkcp_low/KeccakP-1600times4/avx2/KeccakP-1600-times4-SIMD256.c,112,6,src/common/sha3/xkcp_low/CMakeFiles/xkcp_low_keccakp_1600times4_avx2.dir/KeccakP-1600times4/avx2/KeccakP-1600-times4-SIMD256.c.su
8,static,KeccakP1600times4_OverwriteWithZeroes_avx2,/home/home/pqc/liboqs/src/common/sha3/xkcp_low/KeccakP-1600times4/avx2/KeccakP-1600-times4-SIMD256.c,280,6,src/common/sha3/xkcp_low/CMakeFiles/xkcp_low_keccakp_1600times4_avx2.dir/KeccakP-1600times4/avx2/KeccakP-1600-times4-SIMD256.c.su
8,static,PQCP_MLDSA_NATIVE_MLDSA44_C_v17b_sign_workspace_bytes,/home/home/pqc/liboqs/src/sig/ml_dsa/mldsa-native_ml-dsa-44_ref/mldsa/src/sign.c,188,8,src/sig/ml_dsa/CMakeFiles/ml_dsa_44_ref.dir/mldsa-native_ml-dsa-44_ref/mldsa/src/sign.c.su
8,static,PQCP_MLDSA_NATIVE_MLDSA44_C_v23b_keygen_workspace_bytes,/home/home/pqc/liboqs/src/sig/ml_dsa/mldsa-native_ml-dsa-44_ref/mldsa/src/sign.c,543,8,src/sig/ml_dsa/CMakeFiles/ml_dsa_44_ref.dir/mldsa-native_ml-dsa-44_ref/mldsa/src/sign.c.su
8,static,PQCP_MLDSA_NATIVE_MLDSA44_C_v19b_attempt_workspace_bytes,/home/home/pqc/liboqs/src/sig/ml_dsa/mldsa-native_ml-dsa-44_ref/mldsa/src/sign.c,956,8,src/sig/ml_dsa/CMakeFiles/ml_dsa_44_ref.dir/mldsa-native_ml-dsa-44_ref/mldsa/src/sign.c.su
8,static,PQCP_MLDSA_NATIVE_MLDSA44_C_v21_sign_workspace_bytes,/home/home/pqc/liboqs/src/sig/ml_dsa/mldsa-native_ml-dsa-44_ref/mldsa/src/sign.c,1018,8,src/sig/ml_dsa/CMakeFiles/ml_dsa_44_ref.dir/mldsa-native_ml-dsa-44_ref/mldsa/src/sign.c.su
8,static,PQCP_MLDSA_NATIVE_MLDSA44_C_v22b_verify_workspace_bytes,/home/home/pqc/liboqs/src/sig/ml_dsa/mldsa-native_ml-dsa-44_ref/mldsa/src/sign.c,1079,8,src/sig/ml_dsa/CMakeFiles/ml_dsa_44_ref.dir/mldsa-native_ml-dsa-44_ref/mldsa/src/sign.c.su
8,static,PQCP_MLDSA_NATIVE_MLDSA44_C_v24_lifecycle_workspace_bytes,/home/home/pqc/liboqs/src/sig/ml_dsa/mldsa-native_ml-dsa-44_ref/mldsa/src/sign.c,1164,8,src/sig/ml_dsa/CMakeFiles/ml_dsa_44_ref.dir/mldsa-native_ml-dsa-44_ref/mldsa/src/sign.c.su
8,static,mld_polyz_unpack_c,/home/home/pqc/liboqs/src/sig/ml_dsa/mldsa-native_ml-dsa-44_ref/mldsa/src/poly_kl.c,803,26,src/sig/ml_dsa/CMakeFiles/ml_dsa_44_ref.dir/mldsa-native_ml-dsa-44_ref/mldsa/src/poly_kl.c.su
8,static,mld_rej_eta_c.constprop,/home/home/pqc/liboqs/src/sig/ml_dsa/mldsa-native_ml-dsa-44_ref/mldsa/src/poly_kl.c,204,34,src/sig/ml_dsa/CMakeFiles/ml_dsa_44_ref.dir/mldsa-native_ml-dsa-44_ref/mldsa/src/poly_kl.c.su
8,static,PQCP_MLDSA_NATIVE_MLDSA44_C_poly_decompose,/home/home/pqc/liboqs/src/sig/ml_dsa/mldsa-native_ml-dsa-44_ref/mldsa/src/poly_kl.c,73,6,src/sig/ml_dsa/CMakeFiles/ml_dsa_44_ref.dir/mldsa-native_ml-dsa-44_ref/mldsa/src/poly_kl.c.su
8,static,PQCP_MLDSA_NATIVE_MLDSA44_C_polyz_unpack,/home/home/pqc/liboqs/src/sig/ml_dsa/mldsa-native_ml-dsa-44_ref/mldsa/src/poly_kl.c,871,6,src/sig/ml_dsa/CMakeFiles/ml_dsa_44_ref.dir/mldsa-native_ml-dsa-44_ref/mldsa/src/poly_kl.c.su
8,static,PQCP_MLDSA_NATIVE_MLDSA44_C_polyw1_pack,/home/home/pqc/liboqs/src/sig/ml_dsa/mldsa-native_ml-dsa-44_ref/mldsa/src/poly_kl.c,898,6,src/sig/ml_dsa/CMakeFiles/ml_dsa_44_ref.dir/mldsa-native_ml-dsa-44_ref/mldsa/src/poly_kl.c.su
8,static,PQCP_MLDSA_NATIVE_MLDSA44_C_unpack_pk_t1,/home/home/pqc/liboqs/src/sig/ml_dsa/mldsa-native_ml-dsa-44_ref/mldsa/src/packing.c,21,6,src/sig/ml_dsa/CMakeFiles/ml_dsa_44_ref.dir/mldsa-native_ml-dsa-44_ref/mldsa/src/packing.c.su
8,static,PQCP_MLDSA_NATIVE_MLDSA44_C_pack_sk_s1,/home/home/pqc/liboqs/src/sig/ml_dsa/mldsa-native_ml-dsa-44_ref/mldsa/src/packing.c,31,6,src/sig/ml_dsa/CMakeFiles/ml_dsa_44_ref.dir/mldsa-native_ml-dsa-44_ref/mldsa/src/packing.c.su
8,static,PQCP_MLDSA_NATIVE_MLDSA44_C_pack_sk_rho_key_tr_s2,/home/home/pqc/liboqs/src/sig/ml_dsa/mldsa-native_ml-dsa-44_ref/mldsa/src/packing.c,38,6,src/sig/ml_dsa/CMakeFiles/ml_dsa_44_ref.dir/mldsa-native_ml-dsa-44_ref/mldsa/src/packing.c.su
8,static,PQCP_MLDSA_NATIVE_MLDSA44_C_pack_sig_c,/home/home/pqc/liboqs/src/sig/ml_dsa/mldsa-native_ml-dsa-44_ref/mldsa/src/packing.c,87,6,src/sig/ml_dsa/CMakeFiles/ml_dsa_44_ref.dir/mldsa-native_ml-dsa-44_ref/mldsa/src/packing.c.su
8,static,PQCP_MLDSA_NATIVE_MLDSA44_C_pack_sig_h,/home/home/pqc/liboqs/src/sig/ml_dsa/mldsa-native_ml-dsa-44_ref/mldsa/src/packing.c,94,5,src/sig/ml_dsa/CMakeFiles/ml_dsa_44_ref.dir/mldsa-native_ml-dsa-44_ref/mldsa/src/packing.c.su
8,static,PQCP_MLDSA_NATIVE_MLDSA44_C_pack_sig_z,/home/home/pqc/liboqs/src/sig/ml_dsa/mldsa-native_ml-dsa-44_ref/mldsa/src/packing.c,157,6,src/sig/ml_dsa/CMakeFiles/ml_dsa_44_ref.dir/mldsa-native_ml-dsa-44_ref/mldsa/src/packing.c.su
8,static,PQCP_MLDSA_NATIVE_MLDSA44_C_polyvec_matrix_pointwise_montgomery_row_eager,/home/home/pqc/liboqs/src/sig/ml_dsa/mldsa-native_ml-dsa-44_ref/mldsa/src/polyvec_lazy.c,147,6,src/sig/ml_dsa/CMakeFiles/ml_dsa_44_ref.dir/mldsa-native_ml-dsa-44_ref/mldsa/src/polyvec_lazy.c.su
8,static,mld_rej_uniform_c.constprop,/home/home/pqc/liboqs/src/sig/ml_dsa/mldsa-native_ml-dsa-44_ref/mldsa/src/poly.c,543,34,src/sig/ml_dsa/CMakeFiles/ml_dsa_44_ref.dir/mldsa-native_ml-dsa-44_ref/mldsa/src/poly.c.su
8,static,PQCP_MLDSA_NATIVE_MLDSA44_C_poly_reduce,/home/home/pqc/liboqs/src/sig/ml_dsa/mldsa-native_ml-dsa-44_ref/mldsa/src/poly.c,34,6,src/sig/ml_dsa/CMakeFiles/ml_dsa_44_ref.dir/mldsa-native_ml-dsa-44_ref/mldsa/src/poly.c.su
8,static,PQCP_MLDSA_NATIVE_MLDSA44_C_poly_caddq,/home/home/pqc/liboqs/src/sig/ml_dsa/mldsa-native_ml-dsa-44_ref/mldsa/src/poly.c,79,6,src/sig/ml_dsa/CMakeFiles/ml_dsa_44_ref.dir/mldsa-native_ml-dsa-44_ref/mldsa/src/poly.c.su
8,static,PQCP_MLDSA_NATIVE_MLDSA44_C_poly_add,/home/home/pqc/liboqs/src/sig/ml_dsa/mldsa-native_ml-dsa-44_ref/mldsa/src/poly.c,99,6,src/sig/ml_dsa/CMakeFiles/ml_dsa_44_ref.dir/mldsa-native_ml-dsa-44_ref/mldsa/src/poly.c.su
8,static,PQCP_MLDSA_NATIVE_MLDSA44_C_poly_sub,/home/home/pqc/liboqs/src/sig/ml_dsa/mldsa-native_ml-dsa-44_ref/mldsa/src/poly.c,123,6,src/sig/ml_dsa/CMakeFiles/ml_dsa_44_ref.dir/mldsa-native_ml-dsa-44_ref/mldsa/src/poly.c.su
8,static,PQCP_MLDSA_NATIVE_MLDSA44_C_poly_shiftl,/home/home/pqc/liboqs/src/sig/ml_dsa/mldsa-native_ml-dsa-44_ref/mldsa/src/poly.c,146,6,src/sig/ml_dsa/CMakeFiles/ml_dsa_44_ref.dir/mldsa-native_ml-dsa-44_ref/mldsa/src/poly.c.su
8,static,PQCP_MLDSA_NATIVE_MLDSA44_C_poly_pointwise_montgomery,/home/home/pqc/liboqs/src/sig/ml_dsa/mldsa-native_ml-dsa-44_ref/mldsa/src/poly.c,490,6,src/sig/ml_dsa/CMakeFiles/ml_dsa_44_ref.dir/mldsa-native_ml-dsa-44_ref/mldsa/src/poly.c.su
8,static,PQCP_MLDSA_NATIVE_MLDSA44_C_poly_power2round,/home/home/pqc/liboqs/src/sig/ml_dsa/mldsa-native_ml-dsa-44_ref/mldsa/src/poly.c,510,6,src/sig/ml_dsa/CMakeFiles/ml_dsa_44_ref.dir/mldsa-native_ml-dsa-44_ref/mldsa/src/poly.c.su
8,static,PQCP_MLDSA_NATIVE_MLDSA44_C_polyt1_pack,/home/home/pqc/liboqs/src/sig/ml_dsa/mldsa-native_ml-dsa-44_ref/mldsa/src/poly.c,750,6,src/sig/ml_dsa/CMakeFiles/ml_dsa_44_ref.dir/mldsa-native_ml-dsa-44_ref/mldsa/src/poly.c.su
8,static,PQCP_MLDSA_NATIVE_MLDSA44_C_polyt1_unpack,/home/home/pqc/liboqs/src/sig/ml_dsa/mldsa-native_ml-dsa-44_ref/mldsa/src/poly.c,777,6,src/sig/ml_dsa/CMakeFiles/ml_dsa_44_ref.dir/mldsa-native_ml-dsa-44_ref/mldsa/src/poly.c.su
8,static,PQCP_MLDSA_NATIVE_MLDSA44_C_poly_chknorm,/home/home/pqc/liboqs/src/sig/ml_dsa/mldsa-native_ml-dsa-44_ref/mldsa/src/poly.c,969,10,src/sig/ml_dsa/CMakeFiles/ml_dsa_44_ref.dir/mldsa-native_ml-dsa-44_ref/mldsa/src/poly.c.su
8,static,PQCP_MLDSA_NATIVE_MLDSA44_X86_64_v17b_sign_workspace_bytes,/home/home/pqc/liboqs/src/sig/ml_dsa/mldsa-native_ml-dsa-44_x86_64/mldsa/src/sign.c,188,8,src/sig/ml_dsa/CMakeFiles/ml_dsa_44_x86_64.dir/mldsa-native_ml-dsa-44_x86_64/mldsa/src/sign.c.su
8,static,PQCP_MLDSA_NATIVE_MLDSA44_X86_64_v23b_keygen_workspace_bytes,/home/home/pqc/liboqs/src/sig/ml_dsa/mldsa-native_ml-dsa-44_x86_64/mldsa/src/sign.c,543,8,src/sig/ml_dsa/CMakeFiles/ml_dsa_44_x86_64.dir/mldsa-native_ml-dsa-44_x86_64/mldsa/src/sign.c.su
8,static,PQCP_MLDSA_NATIVE_MLDSA44_X86_64_v19b_attempt_workspace_bytes,/home/home/pqc/liboqs/src/sig/ml_dsa/mldsa-native_ml-dsa-44_x86_64/mldsa/src/sign.c,956,8,src/sig/ml_dsa/CMakeFiles/ml_dsa_44_x86_64.dir/mldsa-native_ml-dsa-44_x86_64/mldsa/src/sign.c.su
8,static,PQCP_MLDSA_NATIVE_MLDSA44_X86_64_v21_sign_workspace_bytes,/home/home/pqc/liboqs/src/sig/ml_dsa/mldsa-native_ml-dsa-44_x86_64/mldsa/src/sign.c,1018,8,src/sig/ml_dsa/CMakeFiles/ml_dsa_44_x86_64.dir/mldsa-native_ml-dsa-44_x86_64/mldsa/src/sign.c.su
8,static,PQCP_MLDSA_NATIVE_MLDSA44_X86_64_v22b_verify_workspace_bytes,/home/home/pqc/liboqs/src/sig/ml_dsa/mldsa-native_ml-dsa-44_x86_64/mldsa/src/sign.c,1079,8,src/sig/ml_dsa/CMakeFiles/ml_dsa_44_x86_64.dir/mldsa-native_ml-dsa-44_x86_64/mldsa/src/sign.c.su
8,static,PQCP_MLDSA_NATIVE_MLDSA44_X86_64_v24_lifecycle_workspace_bytes,/home/home/pqc/liboqs/src/sig/ml_dsa/mldsa-native_ml-dsa-44_x86_64/mldsa/src/sign.c,1164,8,src/sig/ml_dsa/CMakeFiles/ml_dsa_44_x86_64.dir/mldsa-native_ml-dsa-44_x86_64/mldsa/src/sign.c.su
8,static,PQCP_MLDSA_NATIVE_MLDSA44_X86_64_poly_decompose,/home/home/pqc/liboqs/src/sig/ml_dsa/mldsa-native_ml-dsa-44_x86_64/mldsa/src/poly_kl.c,73,6,src/sig/ml_dsa/CMakeFiles/ml_dsa_44_x86_64.dir/mldsa-native_ml-dsa-44_x86_64/mldsa/src/poly_kl.c.su
8,static,PQCP_MLDSA_NATIVE_MLDSA44_X86_64_poly_use_hint,/home/home/pqc/liboqs/src/sig/ml_dsa/mldsa-native_ml-dsa-44_x86_64/mldsa/src/poly_kl.c,135,6,src/sig/ml_dsa/CMakeFiles/ml_dsa_44_x86_64.dir/mldsa-native_ml-dsa-44_x86_64/mldsa/src/poly_kl.c.su
8,static,PQCP_MLDSA_NATIVE_MLDSA44_X86_64_polyz_unpack,/home/home/pqc/liboqs/src/sig/ml_dsa/mldsa-native_ml-dsa-44_x86_64/mldsa/src/poly_kl.c,871,6,src/sig/ml_dsa/CMakeFiles/ml_dsa_44_x86_64.dir/mldsa-native_ml-dsa-44_x86_64/mldsa/src/poly_kl.c.su
8,static,PQCP_MLDSA_NATIVE_MLDSA44_X86_64_polyw1_pack,/home/home/pqc/liboqs/src/sig/ml_dsa/mldsa-native_ml-dsa-44_x86_64/mldsa/src/poly_kl.c,898,6,src/sig/ml_dsa/CMakeFiles/ml_dsa_44_x86_64.dir/mldsa-native_ml-dsa-44_x86_64/mldsa/src/poly_kl.c.su
8,static,PQCP_MLDSA_NATIVE_MLDSA44_X86_64_polyvecl_pointwise_acc_montgomery,/home/home/pqc/liboqs/src/sig/ml_dsa/mldsa-native_ml-dsa-44_x86_64/mldsa/src/polyvec.c,150,6,src/sig/ml_dsa/CMakeFiles/ml_dsa_44_x86_64.dir/mldsa-native_ml-dsa-44_x86_64/mldsa/src/polyvec.c.su
8,static,PQCP_MLDSA_NATIVE_MLDSA44_X86_64_unpack_pk_t1,/home/home/pqc/liboqs/src/sig/ml_dsa/mldsa-native_ml-dsa-44_x86_64/mldsa/src/packing.c,21,6,src/sig/ml_dsa/CMakeFiles/ml_dsa_44_x86_64.dir/mldsa-native_ml-dsa-44_x86_64/mldsa/src/packing.c.su
8,static,PQCP_MLDSA_NATIVE_MLDSA44_X86_64_pack_sk_s1,/home/home/pqc/liboqs/src/sig/ml_dsa/mldsa-native_ml-dsa-44_x86_64/mldsa/src/packing.c,31,6,src/sig/ml_dsa/CMakeFiles/ml_dsa_44_x86_64.dir/mldsa-native_ml-dsa-44_x86_64/mldsa/src/packing.c.su
8,static,PQCP_MLDSA_NATIVE_MLDSA44_X86_64_pack_sk_rho_key_tr_s2,/home/home/pqc/liboqs/src/sig/ml_dsa/mldsa-native_ml-dsa-44_x86_64/mldsa/src/packing.c,38,6,src/sig/ml_dsa/CMakeFiles/ml_dsa_44_x86_64.dir/mldsa-native_ml-dsa-44_x86_64/mldsa/src/packing.c.su
8,static,PQCP_MLDSA_NATIVE_MLDSA44_X86_64_pack_sig_c,/home/home/pqc/liboqs/src/sig/ml_dsa/mldsa-native_ml-dsa-44_x86_64/mldsa/src/packing.c,87,6,src/sig/ml_dsa/CMakeFiles/ml_dsa_44_x86_64.dir/mldsa-native_ml-dsa-44_x86_64/mldsa/src/packing.c.su
8,static,PQCP_MLDSA_NATIVE_MLDSA44_X86_64_pack_sig_h,/home/home/pqc/liboqs/src/sig/ml_dsa/mldsa-native_ml-dsa-44_x86_64/mldsa/src/packing.c,94,5,src/sig/ml_dsa/CMakeFiles/ml_dsa_44_x86_64.dir/mldsa-native_ml-dsa-44_x86_64/mldsa/src/packing.c.su
8,static,PQCP_MLDSA_NATIVE_MLDSA44_X86_64_pack_sig_z,/home/home/pqc/liboqs/src/sig/ml_dsa/mldsa-native_ml-dsa-44_x86_64/mldsa/src/packing.c,157,6,src/sig/ml_dsa/CMakeFiles/ml_dsa_44_x86_64.dir/mldsa-native_ml-dsa-44_x86_64/mldsa/src/packing.c.su
8,static,PQCP_MLDSA_NATIVE_MLDSA44_X86_64_polyvec_matrix_pointwise_montgomery_row_eager,/home/home/pqc/liboqs/src/sig/ml_dsa/mldsa-native_ml-dsa-44_x86_64/mldsa/src/polyvec_lazy.c,147,6,src/sig/ml_dsa/CMakeFiles/ml_dsa_44_x86_64.dir/mldsa-native_ml-dsa-44_x86_64/mldsa/src/polyvec_lazy.c.su
8,static,PQCP_MLDSA_NATIVE_MLDSA44_X86_64_poly_reduce,/home/home/pqc/liboqs/src/sig/ml_dsa/mldsa-native_ml-dsa-44_x86_64/mldsa/src/poly.c,34,6,src/sig/ml_dsa/CMakeFiles/ml_dsa_44_x86_64.dir/mldsa-native_ml-dsa-44_x86_64/mldsa/src/poly.c.su
8,static,PQCP_MLDSA_NATIVE_MLDSA44_X86_64_poly_caddq,/home/home/pqc/liboqs/src/sig/ml_dsa/mldsa-native_ml-dsa-44_x86_64/mldsa/src/poly.c,79,6,src/sig/ml_dsa/CMakeFiles/ml_dsa_44_x86_64.dir/mldsa-native_ml-dsa-44_x86_64/mldsa/src/poly.c.su
8,static,PQCP_MLDSA_NATIVE_MLDSA44_X86_64_poly_add,/home/home/pqc/liboqs/src/sig/ml_dsa/mldsa-native_ml-dsa-44_x86_64/mldsa/src/poly.c,99,6,src/sig/ml_dsa/CMakeFiles/ml_dsa_44_x86_64.dir/mldsa-native_ml-dsa-44_x86_64/mldsa/src/poly.c.su
8,static,PQCP_MLDSA_NATIVE_MLDSA44_X86_64_poly_sub,/home/home/pqc/liboqs/src/sig/ml_dsa/mldsa-native_ml-dsa-44_x86_64/mldsa/src/poly.c,123,6,src/sig/ml_dsa/CMakeFiles/ml_dsa_44_x86_64.dir/mldsa-native_ml-dsa-44_x86_64/mldsa/src/poly.c.su
8,static,PQCP_MLDSA_NATIVE_MLDSA44_X86_64_poly_shiftl,/home/home/pqc/liboqs/src/sig/ml_dsa/mldsa-native_ml-dsa-44_x86_64/mldsa/src/poly.c,146,6,src/sig/ml_dsa/CMakeFiles/ml_dsa_44_x86_64.dir/mldsa-native_ml-dsa-44_x86_64/mldsa/src/poly.c.su
8,static,PQCP_MLDSA_NATIVE_MLDSA44_X86_64_poly_ntt,/home/home/pqc/liboqs/src/sig/ml_dsa/mldsa-native_ml-dsa-44_x86_64/mldsa/src/poly.c,319,6,src/sig/ml_dsa/CMakeFiles/ml_dsa_44_x86_64.dir/mldsa-native_ml-dsa-44_x86_64/mldsa/src/poly.c.su
8,static,PQCP_MLDSA_NATIVE_MLDSA44_X86_64_poly_invntt_tomont,/home/home/pqc/liboqs/src/sig/ml_dsa/mldsa-native_ml-dsa-44_x86_64/mldsa/src/poly.c,444,6,src/sig/ml_dsa/CMakeFiles/ml_dsa_44_x86_64.dir/mldsa-native_ml-dsa-44_x86_64/mldsa/src/poly.c.su
8,static,PQCP_MLDSA_NATIVE_MLDSA44_X86_64_poly_pointwise_montgomery,/home/home/pqc/liboqs/src/sig/ml_dsa/mldsa-native_ml-dsa-44_x86_64/mldsa/src/poly.c,490,6,src/sig/ml_dsa/CMakeFiles/ml_dsa_44_x86_64.dir/mldsa-native_ml-dsa-44_x86_64/mldsa/src/poly.c.su
8,static,PQCP_MLDSA_NATIVE_MLDSA44_X86_64_poly_power2round,/home/home/pqc/liboqs/src/sig/ml_dsa/mldsa-native_ml-dsa-44_x86_64/mldsa/src/poly.c,510,6,src/sig/ml_dsa/CMakeFiles/ml_dsa_44_x86_64.dir/mldsa-native_ml-dsa-44_x86_64/mldsa/src/poly.c.su
8,static,PQCP_MLDSA_NATIVE_MLDSA44_X86_64_polyt1_pack,/home/home/pqc/liboqs/src/sig/ml_dsa/mldsa-native_ml-dsa-44_x86_64/mldsa/src/poly.c,750,6,src/sig/ml_dsa/CMakeFiles/ml_dsa_44_x86_64.dir/mldsa-native_ml-dsa-44_x86_64/mldsa/src/poly.c.su
8,static,PQCP_MLDSA_NATIVE_MLDSA44_X86_64_polyt1_unpack,/home/home/pqc/liboqs/src/sig/ml_dsa/mldsa-native_ml-dsa-44_x86_64/mldsa/src/poly.c,777,6,src/sig/ml_dsa/CMakeFiles/ml_dsa_44_x86_64.dir/mldsa-native_ml-dsa-44_x86_64/mldsa/src/poly.c.su
8,static,PQCP_MLDSA_NATIVE_MLDSA44_X86_64_mld_poly_use_hint_88_avx2,/home/home/pqc/liboqs/src/sig/ml_dsa/mldsa-native_ml-dsa-44_x86_64/mldsa/src/native/x86_64/src/poly_use_hint_88_avx2.c,37,6,src/sig/ml_dsa/CMakeFiles/ml_dsa_44_x86_64.dir/mldsa-native_ml-dsa-44_x86_64/mldsa/src/native/x86_64/src/poly_use_hint_88_avx2.c.su
8,static,PQCP_MLDSA_NATIVE_MLDSA44_X86_64_mld_polyz_unpack_17_avx2,/home/home/pqc/liboqs/src/sig/ml_dsa/mldsa-native_ml-dsa-44_x86_64/mldsa/src/native/x86_64/src/polyz_unpack_17_avx2.c,32,6,src/sig/ml_dsa/CMakeFiles/ml_dsa_44_x86_64.dir/mldsa-native_ml-dsa-44_x86_64/mldsa/src/native/x86_64/src/polyz_unpack_17_avx2.c.su
8,static,PQCP_MLDSA_NATIVE_MLDSA44_X86_64_mld_poly_decompose_88_avx2,/home/home/pqc/liboqs/src/sig/ml_dsa/mldsa-native_ml-dsa-44_x86_64/mldsa/src/native/x86_64/src/poly_decompose_88_avx2.c,42,6,src/sig/ml_dsa/CMakeFiles/ml_dsa_44_x86_64.dir/mldsa-native_ml-dsa-44_x86_64/mldsa/src/native/x86_64/src/poly_decompose_88_avx2.c.su
8,static,PQCP_MLDSA_NATIVE_MLDSA44_X86_64_mld_poly_chknorm_avx2,/home/home/pqc/liboqs/src/sig/ml_dsa/mldsa-native_ml-dsa-44_x86_64/mldsa/src/native/x86_64/src/poly_chknorm_avx2.c,28,5,src/sig/ml_dsa/CMakeFiles/ml_dsa_44_x86_64.dir/mldsa-native_ml-dsa-44_x86_64/mldsa/src/native/x86_64/src/poly_chknorm_avx2.c.su
8,static,PQCP_MLDSA_NATIVE_MLDSA44_X86_64_mld_rej_uniform_avx2,/home/home/pqc/liboqs/src/sig/ml_dsa/mldsa-native_ml-dsa-44_x86_64/mldsa/src/native/x86_64/src/rej_uniform_avx2.c,37,14,src/sig/ml_dsa/CMakeFiles/ml_dsa_44_x86_64.dir/mldsa-native_ml-dsa-44_x86_64/mldsa/src/native/x86_64/src/rej_uniform_avx2.c.su
8,static,hqc_prng_set_state,/home/home/pqc/liboqs/tests/test_helpers.c,45,13,tests/CMakeFiles/test_kem.dir/test_helpers.c.su
8,static,hqc_prng_get_state,/home/home/pqc/liboqs/tests/test_helpers.c,41,13,tests/CMakeFiles/test_kem.dir/test_helpers.c.su
8,static,hqc_prng_randombytes,/home/home/pqc/liboqs/tests/test_helpers.c,37,13,tests/CMakeFiles/test_kem.dir/test_helpers.c.su
8,static,OQS_KAT_PRNG_seed,/home/home/pqc/liboqs/tests/test_helpers.c,110,6,tests/CMakeFiles/test_kem.dir/test_helpers.c.su
8,static,OQS_KAT_PRNG_save_state,/home/home/pqc/liboqs/tests/test_helpers.c,116,6,tests/CMakeFiles/test_kem.dir/test_helpers.c.su
8,static,OQS_KAT_PRNG_restore_state,/home/home/pqc/liboqs/tests/test_helpers.c,122,6,tests/CMakeFiles/test_kem.dir/test_helpers.c.su
8,static,override_AES128_ECB_load_schedule,/home/home/pqc/liboqs/tests/test_aes.c,146,13,tests/CMakeFiles/test_aes.dir/test_aes.c.su
8,static,cleanup_stack,/home/home/pqc/liboqs/tests/example_sig.c,166,6,tests/CMakeFiles/example_sig.dir/example_sig.c.su
8,static,hqc_prng_set_state,/home/home/pqc/liboqs/tests/test_helpers.c,45,13,tests/CMakeFiles/test_kem_mem.dir/test_helpers.c.su
8,static,hqc_prng_get_state,/home/home/pqc/liboqs/tests/test_helpers.c,41,13,tests/CMakeFiles/test_kem_mem.dir/test_helpers.c.su
8,static,hqc_prng_randombytes,/home/home/pqc/liboqs/tests/test_helpers.c,37,13,tests/CMakeFiles/test_kem_mem.dir/test_helpers.c.su
8,static,OQS_KAT_PRNG_seed,/home/home/pqc/liboqs/tests/test_helpers.c,110,6,tests/CMakeFiles/test_kem_mem.dir/test_helpers.c.su
8,static,OQS_KAT_PRNG_save_state,/home/home/pqc/liboqs/tests/test_helpers.c,116,6,tests/CMakeFiles/test_kem_mem.dir/test_helpers.c.su
8,static,OQS_KAT_PRNG_restore_state,/home/home/pqc/liboqs/tests/test_helpers.c,122,6,tests/CMakeFiles/test_kem_mem.dir/test_helpers.c.su
8,static,hqc_prng_set_state,/home/home/pqc/liboqs/tests/test_helpers.c,45,13,tests/CMakeFiles/test_sig_stfl.dir/test_helpers.c.su
8,static,hqc_prng_get_state,/home/home/pqc/liboqs/tests/test_helpers.c,41,13,tests/CMakeFiles/test_sig_stfl.dir/test_helpers.c.su
8,static,hqc_prng_randombytes,/home/home/pqc/liboqs/tests/test_helpers.c,37,13,tests/CMakeFiles/test_sig_stfl.dir/test_helpers.c.su
8,static,OQS_KAT_PRNG_seed,/home/home/pqc/liboqs/tests/test_helpers.c,110,6,tests/CMakeFiles/test_sig_stfl.dir/test_helpers.c.su
8,static,OQS_KAT_PRNG_save_state,/home/home/pqc/liboqs/tests/test_helpers.c,116,6,tests/CMakeFiles/test_sig_stfl.dir/test_helpers.c.su
8,static,OQS_KAT_PRNG_restore_state,/home/home/pqc/liboqs/tests/test_helpers.c,122,6,tests/CMakeFiles/test_sig_stfl.dir/test_helpers.c.su
8,static,hqc_prng_set_state,/home/home/pqc/liboqs/tests/test_helpers.c,45,13,tests/CMakeFiles/test_sig.dir/test_helpers.c.su
8,static,hqc_prng_get_state,/home/home/pqc/liboqs/tests/test_helpers.c,41,13,tests/CMakeFiles/test_sig.dir/test_helpers.c.su
8,static,hqc_prng_randombytes,/home/home/pqc/liboqs/tests/test_helpers.c,37,13,tests/CMakeFiles/test_sig.dir/test_helpers.c.su
8,static,OQS_KAT_PRNG_seed,/home/home/pqc/liboqs/tests/test_helpers.c,110,6,tests/CMakeFiles/test_sig.dir/test_helpers.c.su
8,static,OQS_KAT_PRNG_save_state,/home/home/pqc/liboqs/tests/test_helpers.c,116,6,tests/CMakeFiles/test_sig.dir/test_helpers.c.su
8,static,OQS_KAT_PRNG_restore_state,/home/home/pqc/liboqs/tests/test_helpers.c,122,6,tests/CMakeFiles/test_sig.dir/test_helpers.c.su
8,static,hqc_prng_set_state,/home/home/pqc/liboqs/tests/test_helpers.c,45,13,tests/CMakeFiles/kat_kem.dir/test_helpers.c.su
8,static,hqc_prng_get_state,/home/home/pqc/liboqs/tests/test_helpers.c,41,13,tests/CMakeFiles/kat_kem.dir/test_helpers.c.su
8,static,hqc_prng_randombytes,/home/home/pqc/liboqs/tests/test_helpers.c,37,13,tests/CMakeFiles/kat_kem.dir/test_helpers.c.su
8,static,OQS_KAT_PRNG_seed,/home/home/pqc/liboqs/tests/test_helpers.c,110,6,tests/CMakeFiles/kat_kem.dir/test_helpers.c.su
8,static,OQS_KAT_PRNG_save_state,/home/home/pqc/liboqs/tests/test_helpers.c,116,6,tests/CMakeFiles/kat_kem.dir/test_helpers.c.su
8,static,OQS_KAT_PRNG_restore_state,/home/home/pqc/liboqs/tests/test_helpers.c,122,6,tests/CMakeFiles/kat_kem.dir/test_helpers.c.su
8,static,MLDSA_randombytes_init,/home/home/pqc/liboqs/tests/vectors_sig.c,204,13,tests/CMakeFiles/vectors_sig.dir/vectors_sig.c.su
8,static,MLDSA_randombytes_free,/home/home/pqc/liboqs/tests/vectors_sig.c,214,13,tests/CMakeFiles/vectors_sig.dir/vectors_sig.c.su
8,static,SLHDSA_randombytes_init,/home/home/pqc/liboqs/tests/vectors_sig.c,223,13,tests/CMakeFiles/vectors_sig.dir/vectors_sig.c.su
8,static,SLHDSA_randombytes_free,/home/home/pqc/liboqs/tests/vectors_sig.c,233,13,tests/CMakeFiles/vectors_sig.dir/vectors_sig.c.su
8,static,do_nothing_save,/home/home/pqc/liboqs/tests/example_sig_stfl.c,18,19,tests/CMakeFiles/example_sig_stfl.dir/example_sig_stfl.c.su
8,static,hqc_prng_set_state,/home/home/pqc/liboqs/tests/test_helpers.c,45,13,tests/CMakeFiles/kat_sig.dir/test_helpers.c.su
8,static,hqc_prng_get_state,/home/home/pqc/liboqs/tests/test_helpers.c,41,13,tests/CMakeFiles/kat_sig.dir/test_helpers.c.su
8,static,hqc_prng_randombytes,/home/home/pqc/liboqs/tests/test_helpers.c,37,13,tests/CMakeFiles/kat_sig.dir/test_helpers.c.su
8,static,OQS_KAT_PRNG_seed,/home/home/pqc/liboqs/tests/test_helpers.c,110,6,tests/CMakeFiles/kat_sig.dir/test_helpers.c.su
8,static,OQS_KAT_PRNG_save_state,/home/home/pqc/liboqs/tests/test_helpers.c,116,6,tests/CMakeFiles/kat_sig.dir/test_helpers.c.su
8,static,OQS_KAT_PRNG_restore_state,/home/home/pqc/liboqs/tests/test_helpers.c,122,6,tests/CMakeFiles/kat_sig.dir/test_helpers.c.su
8,static,do_nothing_save,/home/home/pqc/liboqs/tests/kat_sig_stfl.c,23,19,tests/CMakeFiles/kat_sig_stfl.dir/kat_sig_stfl.c.su
8,static,hqc_prng_set_state,/home/home/pqc/liboqs/tests/test_helpers.c,45,13,tests/CMakeFiles/kat_sig_stfl.dir/test_helpers.c.su
8,static,hqc_prng_get_state,/home/home/pqc/liboqs/tests/test_helpers.c,41,13,tests/CMakeFiles/kat_sig_stfl.dir/test_helpers.c.su
8,static,hqc_prng_randombytes,/home/home/pqc/liboqs/tests/test_helpers.c,37,13,tests/CMakeFiles/kat_sig_stfl.dir/test_helpers.c.su
8,static,OQS_KAT_PRNG_seed,/home/home/pqc/liboqs/tests/test_helpers.c,110,6,tests/CMakeFiles/kat_sig_stfl.dir/test_helpers.c.su
8,static,OQS_KAT_PRNG_save_state,/home/home/pqc/liboqs/tests/test_helpers.c,116,6,tests/CMakeFiles/kat_sig_stfl.dir/test_helpers.c.su
8,static,OQS_KAT_PRNG_restore_state,/home/home/pqc/liboqs/tests/test_helpers.c,122,6,tests/CMakeFiles/kat_sig_stfl.dir/test_helpers.c.su
8,static,override_SHA3_sha3_256_inc_init,/home/home/pqc/liboqs/tests/test_sha3.c,1191,13,tests/CMakeFiles/test_sha3.dir/test_sha3.c.su
8,static,override_SHA3_shake128_x4_inc_init,/home/home/pqc/liboqs/tests/test_sha3.c,1198,13,tests/CMakeFiles/test_sha3.dir/test_sha3.c.su
8,static,dummy_secure_storage,/home/home/pqc/liboqs/tests/speed_sig_stfl.c,20,12,tests/CMakeFiles/speed_sig_stfl.dir/speed_sig_stfl.c.su
8,static,override_SHA2_sha256_inc_init,/home/home/pqc/liboqs/tests/test_hash.c,267,13,tests/CMakeFiles/test_hash.dir/test_hash.c.su
